  0
SECTION
  2
HEADER
  9
$ACADVER
  1
AC1027
  9
$ACADMAINTVER
 70
   125
  9
$DWGCODEPAGE
  3
ANSI_1252
  9
$REQUIREDVERSIONS
160
                 0
  9
$INSBASE
 10
0.0
 20
0.0
 30
0.0
  9
$EXTMIN
 10
1.000000000000000E+20
 20
1.000000000000000E+20
 30
1.000000000000000E+20
  9
$EXTMAX
 10
-1.000000000000000E+20
 20
-1.000000000000000E+20
 30
-1.000000000000000E+20
  9
$LIMMIN
 10
0.0
 20
0.0
  9
$LIMMAX
 10
12.0
 20
9.0
  9
$ORTHOMODE
 70
     0
  9
$REGENMODE
 70
     1
  9
$FILLMODE
 70
     1
  9
$QTEXTMODE
 70
     0
  9
$MIRRTEXT
 70
     0
  9
$LTSCALE
 40
1.0
  9
$ATTMODE
 70
     1
  9
$TEXTSIZE
 40
0.2
  9
$TRACEWID
 40
0.05
  9
$TEXTSTYLE
  7
Standard
  9
$CLAYER
  8
0
  9
$CELTYPE
  6
ByLayer
  9
$CECOLOR
 62
   256
  9
$CELTSCALE
 40
1.0
  9
$DISPSILH
 70
     0
  9
$DIMSCALE
 40
1.0
  9
$DIMASZ
 40
0.18
  9
$DIMEXO
 40
0.0625
  9
$DIMDLI
 40
0.38
  9
$DIMRND
 40
0.0
  9
$DIMDLE
 40
0.0
  9
$DIMEXE
 40
0.18
  9
$DIMTP
 40
0.0
  9
$DIMTM
 40
0.0
  9
$DIMTXT
 40
0.18
  9
$DIMCEN
 40
0.09
  9
$DIMTSZ
 40
0.0
  9
$DIMTOL
 70
     0
  9
$DIMLIM
 70
     0
  9
$DIMTIH
 70
     1
  9
$DIMTOH
 70
     1
  9
$DIMSE1
 70
     0
  9
$DIMSE2
 70
     0
  9
$DIMTAD
 70
     0
  9
$DIMZIN
 70
     0
  9
$DIMBLK
  1

  9
$DIMASO
 70
     1
  9
$DIMSHO
 70
     1
  9
$DIMPOST
  1

  9
$DIMAPOST
  1

  9
$DIMALT
 70
     0
  9
$DIMALTD
 70
     2
  9
$DIMALTF
 40
25.4
  9
$DIMLFAC
 40
1.0
  9
$DIMTOFL
 70
     0
  9
$DIMTVP
 40
0.0
  9
$DIMTIX
 70
     0
  9
$DIMSOXD
 70
     0
  9
$DIMSAH
 70
     0
  9
$DIMBLK1
  1

  9
$DIMBLK2
  1

  9
$DIMSTYLE
  2
Standard
  9
$DIMCLRD
 70
     0
  9
$DIMCLRE
 70
     0
  9
$DIMCLRT
 70
     0
  9
$DIMTFAC
 40
1.0
  9
$DIMGAP
 40
0.09
  9
$DIMJUST
 70
     0
  9
$DIMSD1
 70
     0
  9
$DIMSD2
 70
     0
  9
$DIMTOLJ
 70
     1
  9
$DIMTZIN
 70
     0
  9
$DIMALTZ
 70
     0
  9
$DIMALTTZ
 70
     0
  9
$DIMUPT
 70
     0
  9
$DIMDEC
 70
     4
  9
$DIMTDEC
 70
     4
  9
$DIMALTU
 70
     2
  9
$DIMALTTD
 70
     2
  9
$DIMTXSTY
  7
Standard
  9
$DIMAUNIT
 70
     0
  9
$DIMADEC
 70
     0
  9
$DIMALTRND
 40
0.0
  9
$DIMAZIN
 70
     0
  9
$DIMDSEP
 70
    46
  9
$DIMATFIT
 70
     3
  9
$DIMFRAC
 70
     0
  9
$DIMLDRBLK
  1

  9
$DIMLUNIT
 70
     2
  9
$DIMLWD
 70
    -2
  9
$DIMLWE
 70
    -2
  9
$DIMTMOVE
 70
     0
  9
$DIMFXL
 40
1.0
  9
$DIMFXLON
 70
     0
  9
$DIMJOGANG
 40
0.7853981633974483
  9
$DIMTFILL
 70
     0
  9
$DIMTFILLCLR
 70
     0
  9
$DIMARCSYM
 70
     0
  9
$DIMLTYPE
  6

  9
$DIMLTEX1
  6

  9
$DIMLTEX2
  6

  9
$DIMTXTDIRECTION
 70
     0
  9
$LUNITS
 70
     2
  9
$LUPREC
 70
     4
  9
$SKETCHINC
 40
0.1
  9
$FILLETRAD
 40
0.0
  9
$AUNITS
 70
     0
  9
$AUPREC
 70
     0
  9
$MENU
  1
.
  9
$ELEVATION
 40
0.0
  9
$PELEVATION
 40
0.0
  9
$THICKNESS
 40
0.0
  9
$LIMCHECK
 70
     0
  9
$CHAMFERA
 40
0.0
  9
$CHAMFERB
 40
0.0
  9
$CHAMFERC
 40
0.0
  9
$CHAMFERD
 40
0.0
  9
$SKPOLY
 70
     0
  9
$TDCREATE
 40
2460764.634687500
  9
$TDUCREATE
 40
2460764.634687500
  9
$TDUPDATE
 40
2460764.634687500
  9
$TDUUPDATE
 40
2460764.634687500
  9
$TDINDWG
 40
0.0000000000
  9
$TDUSRTIMER
 40
0.0000000000
  9
$USRTIMER
 70
     1
  9
$ANGBASE
 50
0.0
  9
$ANGDIR
 70
     0
  9
$PDMODE
 70
     0
  9
$PDSIZE
 40
0.0
  9
$PLINEWID
 40
0.0
  9
$SPLFRAME
 70
     0
  9
$SPLINETYPE
 70
     6
  9
$SPLINESEGS
 70
     8
  9
$HANDSEED
  5
12D
  9
$SURFTAB1
 70
     6
  9
$SURFTAB2
 70
     6
  9
$SURFTYPE
 70
     6
  9
$SURFU
 70
     6
  9
$SURFV
 70
     6
  9
$UCSBASE
  2

  9
$UCSNAME
  2

  9
$UCSORG
 10
0.0
 20
0.0
 30
0.0
  9
$UCSXDIR
 10
1.0
 20
0.0
 30
0.0
  9
$UCSYDIR
 10
0.0
 20
1.0
 30
0.0
  9
$UCSORTHOREF
  2

  9
$UCSORTHOVIEW
 70
     0
  9
$UCSORGTOP
 10
0.0
 20
0.0
 30
0.0
  9
$UCSORGBOTTOM
 10
0.0
 20
0.0
 30
0.0
  9
$UCSORGLEFT
 10
0.0
 20
0.0
 30
0.0
  9
$UCSORGRIGHT
 10
0.0
 20
0.0
 30
0.0
  9
$UCSORGFRONT
 10
0.0
 20
0.0
 30
0.0
  9
$UCSORGBACK
 10
0.0
 20
0.0
 30
0.0
  9
$PUCSBASE
  2

  9
$PUCSNAME
  2

  9
$PUCSORG
 10
0.0
 20
0.0
 30
0.0
  9
$PUCSXDIR
 10
1.0
 20
0.0
 30
0.0
  9
$PUCSYDIR
 10
0.0
 20
1.0
 30
0.0
  9
$PUCSORTHOREF
  2

  9
$PUCSORTHOVIEW
 70
     0
  9
$PUCSORGTOP
 10
0.0
 20
0.0
 30
0.0
  9
$PUCSORGBOTTOM
 10
0.0
 20
0.0
 30
0.0
  9
$PUCSORGLEFT
 10
0.0
 20
0.0
 30
0.0
  9
$PUCSORGRIGHT
 10
0.0
 20
0.0
 30
0.0
  9
$PUCSORGFRONT
 10
0.0
 20
0.0
 30
0.0
  9
$PUCSORGBACK
 10
0.0
 20
0.0
 30
0.0
  9
$USERI1
 70
     0
  9
$USERI2
 70
     0
  9
$USERI3
 70
     0
  9
$USERI4
 70
     0
  9
$USERI5
 70
     0
  9
$USERR1
 40
0.0
  9
$USERR2
 40
0.0
  9
$USERR3
 40
0.0
  9
$USERR4
 40
0.0
  9
$USERR5
 40
0.0
  9
$WORLDVIEW
 70
     1
  9
$SHADEDGE
 70
     3
  9
$SHADEDIF
 70
    70
  9
$TILEMODE
 70
     1
  9
$MAXACTVP
 70
    64
  9
$PINSBASE
 10
0.0
 20
0.0
 30
0.0
  9
$PLIMCHECK
 70
     0
  9
$PEXTMIN
 10
1.000000000000000E+20
 20
1.000000000000000E+20
 30
1.000000000000000E+20
  9
$PEXTMAX
 10
-1.000000000000000E+20
 20
-1.000000000000000E+20
 30
-1.000000000000000E+20
  9
$PLIMMIN
 10
0.0
 20
0.0
  9
$PLIMMAX
 10
12.0
 20
9.0
  9
$UNITMODE
 70
     0
  9
$VISRETAIN
 70
     1
  9
$PLINEGEN
 70
     0
  9
$PSLTSCALE
 70
     1
  9
$TREEDEPTH
 70
  3020
  9
$CMLSTYLE
  2
Standard
  9
$CMLJUST
 70
     0
  9
$CMLSCALE
 40
1.0
  9
$PROXYGRAPHICS
 70
     1
  9
$MEASUREMENT
 70
     0
  9
$CELWEIGHT
370
    -1
  9
$ENDCAPS
280
     0
  9
$JOINSTYLE
280
     0
  9
$LWDISPLAY
290
     0
  9
$INSUNITS
 70
     4
  9
$HYPERLINKBASE
  1

  9
$STYLESHEET
  1

  9
$XEDIT
290
     1
  9
$CEPSNTYPE
380
     0
  9
$PSTYLEMODE
290
     1
  9
$FINGERPRINTGUID
  2
{CEAF8E50-D00A-BA4A-9973-B779322A3BF1}
  9
$VERSIONGUID
  2
{AFCB75A2-468E-AC4E-8BFC-4CB037B65578}
  9
$EXTNAMES
290
     1
  9
$PSVPSCALE
 40
0.0
  9
$OLESTARTUP
290
     0
  9
$SORTENTS
280
   127
  9
$INDEXCTL
280
     0
  9
$HIDETEXT
280
     1
  9
$XCLIPFRAME
280
     2
  9
$HALOGAP
280
     0
  9
$OBSCOLOR
 70
   257
  9
$OBSLTYPE
280
     0
  9
$INTERSECTIONDISPLAY
280
     0
  9
$INTERSECTIONCOLOR
 70
   257
  9
$DIMASSOC
280
     2
  9
$PROJECTNAME
  1

  9
$CAMERADISPLAY
290
     0
  9
$LENSLENGTH
 40
50.0
  9
$CAMERAHEIGHT
 40
0.0
  9
$STEPSPERSEC
 40
2.0
  9
$STEPSIZE
 40
6.0
  9
$3DDWFPREC
 40
2.0
  9
$PSOLWIDTH
 40
0.25
  9
$PSOLHEIGHT
 40
4.0
  9
$LOFTANG1
 40
1.570796326794896
  9
$LOFTANG2
 40
1.570796326794896
  9
$LOFTMAG1
 40
0.0
  9
$LOFTMAG2
 40
0.0
  9
$LOFTPARAM
 70
     7
  9
$LOFTNORMALS
280
     1
  9
$LATITUDE
 40
37.795
  9
$LONGITUDE
 40
-122.394
  9
$NORTHDIRECTION
 40
0.0
  9
$TIMEZONE
 70
 -8000
  9
$LIGHTGLYPHDISPLAY
280
     1
  9
$TILEMODELIGHTSYNCH
280
     1
  9
$CMATERIAL
347
11
  9
$SOLIDHIST
280
     0
  9
$SHOWHIST
280
     1
  9
$DWFFRAME
280
     2
  9
$DGNFRAME
280
     0
  9
$REALWORLDSCALE
290
     1
  9
$INTERFERECOLOR
 62
     1
  9
$INTERFEREOBJVS
345
33
  9
$INTERFEREVPVS
346
30
  9
$CSHADOW
280
     0
  9
$SHADOWPLANELOCATION
 40
0.0
  0
ENDSEC
  0
SECTION
  2
CLASSES
  0
CLASS
  1
ACDBDICTIONARYWDFLT
  2
AcDbDictionaryWithDefault
  3
ObjectDBX Classes
 90
        0
 91
        1
280
     0
281
     0
  0
CLASS
  1
MATERIAL
  2
AcDbMaterial
  3
ObjectDBX Classes
 90
     1153
 91
        4
280
     0
281
     0
  0
CLASS
  1
VISUALSTYLE
  2
AcDbVisualStyle
  3
ObjectDBX Classes
 90
     4095
 91
       24
280
     0
281
     0
  0
CLASS
  1
SCALE
  2
AcDbScale
  3
ObjectDBX Classes
 90
     1153
 91
       17
280
     0
281
     0
  0
CLASS
  1
TABLESTYLE
  2
AcDbTableStyle
  3
ObjectDBX Classes
 90
     4095
 91
        1
280
     0
281
     0
  0
CLASS
  1
MLEADERSTYLE
  2
AcDbMLeaderStyle
  3
ACDB_MLEADERSTYLE_CLASS
 90
     4095
 91
        1
280
     0
281
     0
  0
CLASS
  1
ACDBSECTIONVIEWSTYLE
  2
AcDbSectionViewStyle
  3
ObjectDBX Classes
 90
     1025
 91
        1
280
     0
281
     0
  0
CLASS
  1
ACDBDETAILVIEWSTYLE
  2
AcDbDetailViewStyle
  3
ObjectDBX Classes
 90
     1025
 91
        1
280
     0
281
     0
  0
CLASS
  1
DICTIONARYVAR
  2
AcDbDictionaryVar
  3
ObjectDBX Classes
 90
        0
 91
        5
280
     0
281
     0
  0
CLASS
  1
CELLSTYLEMAP
  2
AcDbCellStyleMap
  3
ObjectDBX Classes
 90
     1152
 91
        1
280
     0
281
     0
  0
ENDSEC
  0
SECTION
  2
TABLES
  0
TABLE
  2
VPORT
  5
8
330
0
100
AcDbSymbolTable
 70
     1
1001
ACAD
1000
DbSaveVer
1071
      421
  0
VPORT
  5
57
330
8
100
AcDbSymbolTableRecord
100
AcDbViewportTableRecord
  2
*Active
 70
     0
 10
0.0
 20
0.0
 11
1.0
 21
1.0
 12
500.0
 22
500.0
 13
0.0
 23
0.0
 14
1.0
 24
1.0
 15
0.0
 25
0.0
 16
0.0
 26
0.0
 36
1.0
 17
0.0
 27
0.0
 37
0.0
 40
12.0
 41
1.0
 42
50.0
 43
0.0
 44
0.0
 50
0.0
 51
0.0
 71
     0
 72
   100
 73
     1
 74
     1
 75
     0
 76
     0
 77
     0
 78
     0
281
     0
 65
     1
110
0.0
120
0.0
130
0.0
111
1.0
121
0.0
131
0.0
112
0.0
122
1.0
132
0.0
 79
     0
146
0.0
 60
     3
 61
     5
292
     1
282
     1
141
0.0
142
0.0
 63
   250
421
  3355443
  0
ENDTAB
  0
TABLE
  2
LTYPE
  5
5
330
0
100
AcDbSymbolTable
 70
     1
  0
LTYPE
  5
5B
330
5
100
AcDbSymbolTableRecord
100
AcDbLinetypeTableRecord
  2
ByBlock
 70
     0
  3

 72
    65
 73
     0
 40
0.0
  0
LTYPE
  5
5C
330
5
100
AcDbSymbolTableRecord
100
AcDbLinetypeTableRecord
  2
ByLayer
 70
     0
  3

 72
    65
 73
     0
 40
0.0
  0
LTYPE
  5
5D
330
5
100
AcDbSymbolTableRecord
100
AcDbLinetypeTableRecord
  2
Continuous
 70
     0
  3
Solid line
 72
    65
 73
     0
 40
0.0
  0
ENDTAB
  0
TABLE
  2
LAYER
  5
2
330
0
100
AcDbSymbolTable
 70
    11
  0
LAYER
  5
54
330
2
100
AcDbSymbolTableRecord
100
AcDbLayerTableRecord
  2
0
 70
     0
 62
     7
  6
Continuous
370
    -3
390
F
347
21
348
0
  0
LAYER
  5
87
330
2
100
AcDbSymbolTableRecord
100
AcDbLayerTableRecord
  2
nuclear breifcase v5_Sketch1
 70
     0
 62
     7
  6
Continuous
370
    -3
390
F
347
21
348
0
1001
NFusion_SketchTransform
1000
1.000000;0.000000;0.000000;0.000000;0.000000;1.000000;0.000000;0.000000;0.000000;0.000000;1.000000;0.000000;0.000000;0.000000;0.000000;1.000000
  0
LAYER
  5
94
330
2
100
AcDbSymbolTableRecord
100
AcDbLayerTableRecord
  2
nuclear breifcase v5_Sketch2
 70
     0
 62
     7
  6
Continuous
370
    -3
390
F
347
21
348
0
1001
NFusion_SketchTransform
1000
1.000000;0.000000;0.000000;0.000000;0.000000;1.000000;0.000000;0.000000;0.000000;0.000000;1.000000;0.000000;0.000000;0.000000;0.000000;1.000000
  0
LAYER
  5
A1
330
2
100
AcDbSymbolTableRecord
100
AcDbLayerTableRecord
  2
nuclear breifcase v5_Sketch3
 70
     0
 62
     7
  6
Continuous
370
    -3
390
F
347
21
348
0
1001
NFusion_SketchTransform
1000
1.000000;0.000000;0.000000;0.000000;0.000000;1.000000;0.000000;0.000000;0.000000;0.000000;1.000000;0.000000;0.000000;0.000000;0.000000;1.000000
  0
LAYER
  5
C8
330
2
100
AcDbSymbolTableRecord
100
AcDbLayerTableRecord
  2
nuclear breifcase v5_Sketch13
 70
     0
 62
     7
  6
Continuous
370
    -3
390
F
347
21
348
0
1001
NFusion_SketchTransform
1000
1.000000;0.000000;0.000000;0.000000;0.000000;1.000000;0.000000;0.000000;0.000000;0.000000;1.000000;0.000000;0.000000;0.000000;0.000000;1.000000
  0
LAYER
  5
CE
330
2
100
AcDbSymbolTableRecord
100
AcDbLayerTableRecord
  2
nuclear breifcase v5_Sketch4
 70
     0
 62
     7
  6
Continuous
370
    -3
390
F
347
21
348
0
1001
NFusion_SketchTransform
1000
1.000000;0.000000;0.000000;0.000000;0.000000;1.000000;0.000000;0.000000;0.000000;0.000000;1.000000;0.000000;0.000000;0.000000;0.000000;1.000000
  0
LAYER
  5
D9
330
2
100
AcDbSymbolTableRecord
100
AcDbLayerTableRecord
  2
nuclear breifcase v5_Sketch8
 70
     0
 62
     7
  6
Continuous
370
    -3
390
F
347
21
348
0
1001
NFusion_SketchTransform
1000
1.000000;0.000000;0.000000;0.000000;0.000000;1.000000;0.000000;0.000000;0.000000;0.000000;1.000000;0.000000;0.000000;0.000000;0.000000;1.000000
  0
LAYER
  5
E8
330
2
100
AcDbSymbolTableRecord
100
AcDbLayerTableRecord
  2
nuclear breifcase v5_Sketch9
 70
     0
 62
     7
  6
Continuous
370
    -3
390
F
347
21
348
0
1001
NFusion_SketchTransform
1000
1.000000;0.000000;0.000000;0.000000;0.000000;-1.000000;0.000000;0.000000;0.000000;0.000000;-1.000000;6.900000;0.000000;0.000000;0.000000;1.000000
  0
LAYER
  5
101
330
2
100
AcDbSymbolTableRecord
100
AcDbLayerTableRecord
  2
nuclear breifcase v5_Sketch10
 70
     0
 62
     7
  6
Continuous
370
    -3
390
F
347
21
348
0
1001
NFusion_SketchTransform
1000
-1.000000;0.000000;0.000000;0.000000;0.000000;0.000000;1.000000;-26.9000000.000000;1.000000;0.000000;0.000000;0.000000;0.000000;0.000000;1.000000
  0
LAYER
  5
10B
330
2
100
AcDbSymbolTableRecord
100
AcDbLayerTableRecord
  2
nuclear breifcase v5_Sketch11
 70
     0
 62
     7
  6
Continuous
370
    -3
390
F
347
21
348
0
1001
NFusion_SketchTransform
1000
-1.000000;0.000000;0.000000;0.000000;0.000000;0.000000;1.000000;-26.4000000.000000;1.000000;0.000000;0.000000;0.000000;0.000000;0.000000;1.000000
  0
LAYER
  5
115
330
2
100
AcDbSymbolTableRecord
100
AcDbLayerTableRecord
  2
nuclear breifcase v5_Sketch12
 70
     0
 62
     7
  6
Continuous
370
    -3
390
F
347
21
348
0
1001
NFusion_SketchTransform
1000
1.000000;0.000000;0.000000;0.000000;0.000000;-1.000000;0.000000;0.000000;0.000000;0.000000;-1.000000;2.000000;0.000000;0.000000;0.000000;1.000000
  0
ENDTAB
  0
TABLE
  2
STYLE
  5
3
330
0
100
AcDbSymbolTable
 70
     2
  0
STYLE
  5
55
330
3
100
AcDbSymbolTableRecord
100
AcDbTextStyleTableRecord
  2
Standard
 70
     0
 40
0.0
 41
1.0
 50
0.0
 71
     0
 42
0.2
  3
txt
  4

  0
STYLE
  5
5A
330
3
100
AcDbSymbolTableRecord
100
AcDbTextStyleTableRecord
  2
Annotative
 70
     0
 40
0.0
 41
1.0
 50
0.0
 71
     0
 42
0.2
  3
txt
  4

1001
AcadAnnotative
1000
AnnotativeData
1002
{
1070
     1
1070
     1
1002
}
  0
ENDTAB
  0
TABLE
  2
VIEW
  5
6
330
0
100
AcDbSymbolTable
 70
     0
  0
ENDTAB
  0
TABLE
  2
UCS
  5
7
330
0
100
AcDbSymbolTable
 70
     0
  0
ENDTAB
  0
TABLE
  2
APPID
  5
9
330
0
100
AcDbSymbolTable
 70
     4
  0
APPID
  5
56
330
9
100
AcDbSymbolTableRecord
100
AcDbRegAppTableRecord
  2
ACAD
 70
     0
  0
APPID
  5
5E
330
9
100
AcDbSymbolTableRecord
100
AcDbRegAppTableRecord
  2
AcadAnnotative
 70
     0
  0
APPID
  5
78
330
9
100
AcDbSymbolTableRecord
100
AcDbRegAppTableRecord
  2
EDIT_IN_FUSION_ACAD_ADDIN
 70
     0
  0
APPID
  5
79
330
9
100
AcDbSymbolTableRecord
100
AcDbRegAppTableRecord
  2
NFusion_SketchTransform
 70
     0
  0
ENDTAB
  0
TABLE
  2
DIMSTYLE
  5
A
330
0
100
AcDbSymbolTable
 70
     2
100
AcDbDimStyleTable
 71
     0
  0
DIMSTYLE
105
58
330
A
100
AcDbSymbolTableRecord
100
AcDbDimStyleTableRecord
  2
Standard
 70
     0
340
55
  0
DIMSTYLE
105
59
330
A
100
AcDbSymbolTableRecord
100
AcDbDimStyleTableRecord
  2
Annotative
 70
     0
340
55
1001
AcadAnnotative
1000
AnnotativeData
1002
{
1070
     1
1070
     1
1002
}
  0
ENDTAB
  0
TABLE
  2
BLOCK_RECORD
  5
1
330
0
100
AcDbSymbolTable
 70
     1
  0
BLOCK_RECORD
  5
70
330
1
100
AcDbSymbolTableRecord
100
AcDbBlockTableRecord
  2
*Model_Space
340
73
 70
     0
280
     1
281
     0
  0
BLOCK_RECORD
  5
6C
330
1
100
AcDbSymbolTableRecord
100
AcDbBlockTableRecord
  2
*Paper_Space
340
6F
 70
     0
280
     1
281
     0
  0
BLOCK_RECORD
  5
74
330
1
100
AcDbSymbolTableRecord
100
AcDbBlockTableRecord
  2
*Paper_Space0
340
77
 70
     0
280
     1
281
     0
  0
ENDTAB
  0
ENDSEC
  0
SECTION
  2
BLOCKS
  0
BLOCK
  5
71
330
70
100
AcDbEntity
  8
0
100
AcDbBlockBegin
  2
*Model_Space
 70
     0
 10
0.0
 20
0.0
 30
0.0
  3
*Model_Space
  1

  0
ENDBLK
  5
72
330
70
100
AcDbEntity
  8
0
100
AcDbBlockEnd
  0
BLOCK
  5
6D
330
6C
100
AcDbEntity
 67
     1
  8
0
100
AcDbBlockBegin
  2
*Paper_Space
 70
     0
 10
0.0
 20
0.0
 30
0.0
  3
*Paper_Space
  1

  0
ENDBLK
  5
6E
330
6C
100
AcDbEntity
 67
     1
  8
0
100
AcDbBlockEnd
  0
BLOCK
  5
75
330
74
100
AcDbEntity
 67
     1
  8
0
100
AcDbBlockBegin
  2
*Paper_Space0
 70
     0
 10
0.0
 20
0.0
 30
0.0
  3
*Paper_Space0
  1

  0
ENDBLK
  5
76
330
74
100
AcDbEntity
 67
     1
  8
0
100
AcDbBlockEnd
  0
ENDSEC
  0
SECTION
  2
ENTITIES
  0
3DSOLID
  5
84
330
70
100
AcDbEntity
  8
0
347
7A
100
AcDbModelerGeometry
290
     1
  2
{1dbcfcaf-9013-e142-808a-3167452243e6}
100
AcDb3dSolid
350
0
  0
3DSOLID
  5
85
330
70
100
AcDbEntity
  8
0
347
7A
100
AcDbModelerGeometry
290
     1
  2
{3df375cc-75a7-1941-b098-f594670c012f}
100
AcDb3dSolid
350
0
  0
3DSOLID
  5
86
330
70
100
AcDbEntity
  8
0
347
7A
100
AcDbModelerGeometry
290
     1
  2
{84b46d20-b6fe-fc4f-8a4d-14ee7aa2b0cd}
100
AcDb3dSolid
350
0
  0
POINT
  5
88
330
70
100
AcDbEntity
  8
nuclear breifcase v5_Sketch1
100
AcDbPoint
 10
0.0
 20
0.0
 30
0.0
  0
POINT
  5
89
330
70
100
AcDbEntity
  8
nuclear breifcase v5_Sketch1
100
AcDbPoint
 10
0.0
 20
0.0
 30
0.0
  0
ARC
  5
8A
330
70
100
AcDbEntity
  8
nuclear breifcase v5_Sketch1
100
AcDbCircle
 10
-35.00000000000002
 20
15.00000000000001
 30
0.0
 40
9.999999999999985
100
AcDbArc
 50
89.99999999999992
 51
180.0000000000001
  0
ARC
  5
8B
330
70
100
AcDbEntity
  8
nuclear breifcase v5_Sketch1
100
AcDbCircle
 10
-35.00000000000002
 20
-15.00000000000001
 30
0.0
 40
9.999999999999985
100
AcDbArc
 50
180.0
 51
269.9999999999999
  0
ARC
  5
8C
330
70
100
AcDbEntity
  8
nuclear breifcase v5_Sketch1
100
AcDbCircle
 10
35.00000000000002
 20
-15.00000000000001
 30
0.0
 40
9.999999999999985
100
AcDbArc
 50
269.9999999999999
 51
0.0000000000000509
  0
LINE
  5
8D
330
70
100
AcDbEntity
  8
nuclear breifcase v5_Sketch1
100
AcDbLine
 10
-45.0
 20
-15.00000000000001
 30
0.0
 11
-45.0
 21
15.0
 31
0.0
  0
LINE
  5
8E
330
70
100
AcDbEntity
  8
nuclear breifcase v5_Sketch1
100
AcDbLine
 10
45.0
 20
-25.0
 30
0.0
 11
-45.0
 21
25.0
 31
0.0
  0
ARC
  5
8F
330
70
100
AcDbEntity
  8
nuclear breifcase v5_Sketch1
100
AcDbCircle
 10
35.00000000000002
 20
15.00000000000001
 30
0.0
 40
9.999999999999985
100
AcDbArc
 50
0.0
 51
89.99999999999996
  0
LINE
  5
90
330
70
100
AcDbEntity
  8
nuclear breifcase v5_Sketch1
100
AcDbLine
 10
35.0
 20
-25.0
 30
0.0
 11
-35.00000000000002
 21
-25.0
 31
0.0
  0
LINE
  5
91
330
70
100
AcDbEntity
  8
nuclear breifcase v5_Sketch1
100
AcDbLine
 10
-45.0
 20
-25.0
 30
0.0
 11
45.0
 21
25.0
 31
0.0
  0
LINE
  5
92
330
70
100
AcDbEntity
  8
nuclear breifcase v5_Sketch1
100
AcDbLine
 10
-35.0
 20
25.0
 30
0.0
 11
35.00000000000002
 21
25.0
 31
0.0
  0
LINE
  5
93
330
70
100
AcDbEntity
  8
nuclear breifcase v5_Sketch1
100
AcDbLine
 10
45.0
 20
15.00000000000001
 30
0.0
 11
45.0
 21
-15.0
 31
0.0
  0
POINT
  5
95
330
70
100
AcDbEntity
  8
nuclear breifcase v5_Sketch2
100
AcDbPoint
 10
0.0
 20
0.0
 30
0.0
  0
POINT
  5
96
330
70
100
AcDbEntity
  8
nuclear breifcase v5_Sketch2
100
AcDbPoint
 10
0.0
 20
0.0
 30
0.0
  0
LINE
  5
97
330
70
100
AcDbEntity
  8
nuclear breifcase v5_Sketch2
100
AcDbLine
 10
41.478185345685
 20
-20.22246047102794
 30
0.0
 11
-41.478185345685
 21
20.22246047102794
 31
0.0
  0
LINE
  5
98
330
70
100
AcDbEntity
  8
nuclear breifcase v5_Sketch2
100
AcDbLine
 10
-31.47818534568501
 20
20.22246047102794
 30
0.0
 11
31.47818534568502
 21
20.22246047102794
 31
0.0
  0
LINE
  5
99
330
70
100
AcDbEntity
  8
nuclear breifcase v5_Sketch2
100
AcDbLine
 10
-41.478185345685
 20
-20.22246047102794
 30
0.0
 11
41.478185345685
 21
20.22246047102794
 31
0.0
  0
ARC
  5
9A
330
70
100
AcDbEntity
  8
nuclear breifcase v5_Sketch2
100
AcDbCircle
 10
31.47818534568501
 20
10.22246047102794
 30
0.0
 40
10.0
100
AcDbArc
 50
0.0000000000000102
 51
89.99999999999996
  0
LINE
  5
9B
330
70
100
AcDbEntity
  8
nuclear breifcase v5_Sketch2
100
AcDbLine
 10
-41.478185345685
 20
-10.22246047102794
 30
0.0
 11
-41.478185345685
 21
10.22246047102794
 31
0.0
  0
ARC
  5
9C
330
70
100
AcDbEntity
  8
nuclear breifcase v5_Sketch2
100
AcDbCircle
 10
31.47818534568501
 20
-10.22246047102794
 30
0.0
 40
9.999999999999996
100
AcDbArc
 50
270.0
 51
0.0
  0
ARC
  5
9D
330
70
100
AcDbEntity
  8
nuclear breifcase v5_Sketch2
100
AcDbCircle
 10
-31.47818534568501
 20
10.22246047102795
 30
0.0
 40
9.999999999999989
100
AcDbArc
 50
89.99999999999998
 51
180.0
  0
ARC
  5
9E
330
70
100
AcDbEntity
  8
nuclear breifcase v5_Sketch2
100
AcDbCircle
 10
-31.47818534568502
 20
-10.22246047102795
 30
0.0
 40
9.999999999999985
100
AcDbArc
 50
179.9999999999999
 51
270.0000000000001
  0
LINE
  5
9F
330
70
100
AcDbEntity
  8
nuclear breifcase v5_Sketch2
100
AcDbLine
 10
41.478185345685
 20
10.22246047102794
 30
0.0
 11
41.478185345685
 21
-10.22246047102794
 31
0.0
  0
LINE
  5
A0
330
70
100
AcDbEntity
  8
nuclear breifcase v5_Sketch2
100
AcDbLine
 10
31.47818534568501
 20
-20.22246047102794
 30
0.0
 11
-31.47818534568501
 21
-20.22246047102794
 31
0.0
  0
POINT
  5
A2
330
70
100
AcDbEntity
  8
nuclear breifcase v5_Sketch3
100
AcDbPoint
 10
0.0
 20
0.0
 30
0.0
  0
POINT
  5
A3
330
70
100
AcDbEntity
  8
nuclear breifcase v5_Sketch3
100
AcDbPoint
 10
0.0
 20
0.0
 30
0.0
  0
POINT
  5
A4
330
70
100
AcDbEntity
  8
nuclear breifcase v5_Sketch3
100
AcDbPoint
 10
0.0
 20
-270.0
 30
0.0
  0
POINT
  5
A5
330
70
100
AcDbEntity
  8
nuclear breifcase v5_Sketch3
100
AcDbPoint
 10
300.0
 20
0.0
 30
0.0
  0
LINE
  5
A6
330
70
100
AcDbEntity
  8
nuclear breifcase v5_Sketch3
100
AcDbLine
 10
289.0
 20
-269.0
 30
0.0
 11
10.99999999999994
 21
-269.0
 31
0.0
  0
LINE
  5
A7
330
70
100
AcDbEntity
  8
nuclear breifcase v5_Sketch3
100
AcDbLine
 10
0.9999999999999985
 20
-260.5538934624665
 30
0.0
 11
0.9999999999999985
 21
-11.0
 31
0.0
  0
ARC
  5
A8
330
70
100
AcDbEntity
  8
nuclear breifcase v5_Sketch3
100
AcDbCircle
 10
9.999999999999989
 20
-9.999999999999989
 30
0.0
 40
9.999999999999989
100
AcDbArc
 50
89.99999999999994
 51
180.0
  0
ARC
  5
A9
330
70
100
AcDbEntity
  8
nuclear breifcase v5_Sketch3
100
AcDbCircle
 10
290.0
 20
-260.0
 30
0.0
 40
10.0
100
AcDbArc
 50
270.0
 51
0.0
  0
ARC
  5
AA
330
70
100
AcDbEntity
  8
nuclear breifcase v5_Sketch3
100
AcDbCircle
 10
288.9514396909028
 20
-10.99999999999996
 30
0.0
 40
9.999999999999964
100
AcDbArc
 50
0.0
 51
90.0
  0
LINE
  5
AB
330
70
100
AcDbEntity
  8
nuclear breifcase v5_Sketch3
100
AcDbLine
 10
0.4999999999999987
 20
-260.5538934624665
 30
0.0
 11
0.4999999999999987
 21
-12.55389346246653
 31
0.0
  0
ARC
  5
AC
330
70
100
AcDbEntity
  8
nuclear breifcase v5_Sketch3
100
AcDbCircle
 10
10.91812171872057
 20
-11.02911279417554
 30
0.0
 40
10.52911279417554
100
AcDbArc
 50
90.0
 51
188.3266059902099
  0
ARC
  5
AD
330
70
100
AcDbEntity
  8
nuclear breifcase v5_Sketch3
100
AcDbCircle
 10
288.9514396909028
 20
-259.0
 30
0.0
 40
9.999999999999964
100
AcDbArc
 50
270.0
 51
0.0
  0
ARC
  5
AE
330
70
100
AcDbEntity
  8
nuclear breifcase v5_Sketch3
100
AcDbCircle
 10
288.9514396909028
 20
-258.9998687371316
 30
0.0
 40
10.50013126286842
100
AcDbArc
 50
270.0
 51
359.7135085510858
  0
ARC
  5
AF
330
70
100
AcDbEntity
  8
nuclear breifcase v5_Sketch3
100
AcDbCircle
 10
290.0
 20
-9.999999999999991
 30
0.0
 40
10.0
100
AcDbArc
 50
0.0
 51
90.0
  0
ARC
  5
B0
330
70
100
AcDbEntity
  8
nuclear breifcase v5_Sketch3
100
AcDbCircle
 10
289.0
 20
-259.0
 30
0.0
 40
9.999999999999964
100
AcDbArc
 50
270.0
 51
0.0
  0
LINE
  5
B1
330
70
100
AcDbEntity
  8
nuclear breifcase v5_Sketch3
100
AcDbLine
 10
0.0
 20
-260.0
 30
0.0
 11
0.0000000000000011
 21
-10.00000000000003
 31
0.0
  0
ARC
  5
B2
330
70
100
AcDbEntity
  8
nuclear breifcase v5_Sketch3
100
AcDbCircle
 10
288.9181217187206
 20
-11.03333517381145
 30
0.0
 40
10.53333517381142
100
AcDbArc
 50
359.8964525211933
 51
90.0
  0
ARC
  5
B3
330
70
100
AcDbEntity
  8
nuclear breifcase v5_Sketch3
100
AcDbCircle
 10
10.95143969090275
 20
-259.0
 30
0.0
 40
9.999999999999984
100
AcDbArc
 50
180.0
 51
270.0
  0
LINE
  5
B4
330
70
100
AcDbEntity
  8
nuclear breifcase v5_Sketch3
100
AcDbLine
 10
288.9514396909028
 20
-269.0
 30
0.0
 11
10.95143969090276
 21
-269.0
 31
0.0
  0
LINE
  5
B5
330
70
100
AcDbEntity
  8
nuclear breifcase v5_Sketch3
100
AcDbLine
 10
10.95143969090276
 20
-0.9999999999999998
 30
0.0
 11
288.9514396909028
 21
-0.9999999999999998
 31
0.0
  0
LINE
  5
B6
330
70
100
AcDbEntity
  8
nuclear breifcase v5_Sketch3
100
AcDbLine
 10
298.9514396909028
 20
-10.99999999999996
 30
0.0
 11
298.9514396909028
 21
-259.0
 31
0.0
  0
ARC
  5
B7
330
70
100
AcDbEntity
  8
nuclear breifcase v5_Sketch3
100
AcDbCircle
 10
10.95143969090276
 20
-10.99999999999998
 30
0.0
 40
9.999999999999987
100
AcDbArc
 50
90.0
 51
180.0
  0
LINE
  5
B8
330
70
100
AcDbEntity
  8
nuclear breifcase v5_Sketch3
100
AcDbLine
 10
0.9999999999999985
 20
-259.0
 30
0.0
 11
0.9999999999999985
 21
-11.0
 31
0.0
  0
ARC
  5
B9
330
70
100
AcDbEntity
  8
nuclear breifcase v5_Sketch3
100
AcDbCircle
 10
289.0
 20
-10.99999999999996
 30
0.0
 40
9.999999999999964
100
AcDbArc
 50
0.0
 51
90.0
  0
LINE
  5
BA
330
70
100
AcDbEntity
  8
nuclear breifcase v5_Sketch3
100
AcDbLine
 10
288.9514396909028
 20
-269.5
 30
0.0
 11
10.95143969090276
 21
-269.5
 31
0.0
  0
LINE
  5
BB
330
70
100
AcDbEntity
  8
nuclear breifcase v5_Sketch3
100
AcDbLine
 10
10.91812171872057
 20
-0.4999999999999999
 30
0.0
 11
288.9181217187206
 21
-0.4999999999999999
 31
0.0
  0
LINE
  5
BC
330
70
100
AcDbEntity
  8
nuclear breifcase v5_Sketch3
100
AcDbLine
 10
0.9514396909027734
 20
-259.0
 30
0.0
 11
0.9514396909027734
 21
-11.0
 31
0.0
  0
ARC
  5
BD
330
70
100
AcDbEntity
  8
nuclear breifcase v5_Sketch3
100
AcDbCircle
 10
10.95143969090275
 20
-258.9219114762711
 30
0.0
 40
10.57808852372884
100
AcDbArc
 50
188.8750107990149
 51
270.0
  0
ARC
  5
BE
330
70
100
AcDbEntity
  8
nuclear breifcase v5_Sketch3
100
AcDbCircle
 10
10.99999999999998
 20
-259.0
 30
0.0
 40
9.999999999999984
100
AcDbArc
 50
180.0
 51
270.0
  0
LINE
  5
BF
330
70
100
AcDbEntity
  8
nuclear breifcase v5_Sketch3
100
AcDbLine
 10
299.4514396909027
 20
-11.05237147484818
 30
0.0
 11
299.4514396909027
 21
-259.0523714748483
 31
0.0
  0
ARC
  5
C0
330
70
100
AcDbEntity
  8
nuclear breifcase v5_Sketch3
100
AcDbCircle
 10
9.999999999999992
 20
-260.0
 30
0.0
 40
9.999999999999992
100
AcDbArc
 50
180.0
 51
270.0
  0
ARC
  5
C1
330
70
100
AcDbEntity
  8
nuclear breifcase v5_Sketch3
100
AcDbCircle
 10
10.99999999999998
 20
-10.99999999999998
 30
0.0
 40
9.999999999999987
100
AcDbArc
 50
90.0
 51
180.0
  0
LINE
  5
C2
330
70
100
AcDbEntity
  8
nuclear breifcase v5_Sketch3
100
AcDbLine
 10
299.0
 20
-10.99999999999996
 30
0.0
 11
299.0
 21
-259.0
 31
0.0
  0
LINE
  5
C3
330
70
100
AcDbEntity
  8
nuclear breifcase v5_Sketch3
100
AcDbLine
 10
9.999999999999998
 20
0.0
 30
0.0
 11
290.0
 21
0.0
 31
0.0
  0
LINE
  5
C4
330
70
100
AcDbEntity
  8
nuclear breifcase v5_Sketch3
100
AcDbLine
 10
300.0
 20
-9.999999999999991
 30
0.0
 11
300.0
 21
-260.0
 31
0.0
  0
LINE
  5
C5
330
70
100
AcDbEntity
  8
nuclear breifcase v5_Sketch3
100
AcDbLine
 10
290.0
 20
-270.0
 30
0.0
 11
10.0
 21
-270.0
 31
0.0
  0
LINE
  5
C6
330
70
100
AcDbEntity
  8
nuclear breifcase v5_Sketch3
100
AcDbLine
 10
0.0
 20
-260.0
 30
0.0
 11
0.0000000000000011
 21
-10.00000000000003
 31
0.0
  0
LINE
  5
C7
330
70
100
AcDbEntity
  8
nuclear breifcase v5_Sketch3
100
AcDbLine
 10
10.99999999999998
 20
-0.9999999999999998
 30
0.0
 11
289.0
 21
-0.9999999999999998
 31
0.0
  0
POINT
  5
C9
330
70
100
AcDbEntity
  8
nuclear breifcase v5_Sketch13
100
AcDbPoint
 10
0.0
 20
0.0
 30
0.0
  0
LINE
  5
CA
330
70
100
AcDbEntity
  8
nuclear breifcase v5_Sketch13
100
AcDbLine
 10
300.0
 20
50.0
 30
0.0
 11
300.0
 21
320.0
 31
0.0
  0
LINE
  5
CB
330
70
100
AcDbEntity
  8
nuclear breifcase v5_Sketch13
100
AcDbLine
 10
0.0
 20
50.0
 30
0.0
 11
300.0
 21
50.0
 31
0.0
  0
LINE
  5
CC
330
70
100
AcDbEntity
  8
nuclear breifcase v5_Sketch13
100
AcDbLine
 10
0.0
 20
320.0
 30
0.0
 11
0.0
 21
50.0
 31
0.0
  0
LINE
  5
CD
330
70
100
AcDbEntity
  8
nuclear breifcase v5_Sketch13
100
AcDbLine
 10
300.0
 20
320.0
 30
0.0
 11
0.0
 21
320.0
 31
0.0
  0
POINT
  5
CF
330
70
100
AcDbEntity
  8
nuclear breifcase v5_Sketch4
100
AcDbPoint
 10
0.0
 20
0.0
 30
0.0
  0
LINE
  5
D0
330
70
100
AcDbEntity
  8
nuclear breifcase v5_Sketch4
100
AcDbLine
 10
55.0
 20
-1.0
 30
0.0
 11
10.0
 21
-1.0
 31
0.0
  0
LINE
  5
D1
330
70
100
AcDbEntity
  8
nuclear breifcase v5_Sketch4
100
AcDbLine
 10
11.0
 20
-2.999999999999998
 30
0.0
 11
11.0
 21
-51.00000000000001
 31
0.0
  0
LINE
  5
D2
330
70
100
AcDbEntity
  8
nuclear breifcase v5_Sketch4
100
AcDbLine
 10
289.0
 20
-1.0
 30
0.0
 11
10.99999999999994
 21
-0.9999999999999998
 31
0.0
  0
LINE
  5
D3
330
70
100
AcDbEntity
  8
nuclear breifcase v5_Sketch4
100
AcDbLine
 10
11.0
 20
-51.00000000000001
 30
0.0
 11
54.00000000000001
 21
-51.00000000000001
 31
0.0
  0
LINE
  5
D4
330
70
100
AcDbEntity
  8
nuclear breifcase v5_Sketch4
100
AcDbLine
 10
55.0
 20
-51.00000000000001
 30
0.0
 11
55.0
 21
-1.000000000000007
 31
0.0
  0
LINE
  5
D5
330
70
100
AcDbEntity
  8
nuclear breifcase v5_Sketch4
100
AcDbLine
 10
54.0
 20
-2.999999999999998
 30
0.0
 11
11.0
 21
-2.999999999999998
 31
0.0
  0
LINE
  5
D6
330
70
100
AcDbEntity
  8
nuclear breifcase v5_Sketch4
100
AcDbLine
 10
10.0
 20
-51.00000000000001
 30
0.0
 11
55.0
 21
-51.00000000000001
 31
0.0
  0
LINE
  5
D7
330
70
100
AcDbEntity
  8
nuclear breifcase v5_Sketch4
100
AcDbLine
 10
10.0
 20
-1.0
 30
0.0
 11
10.0
 21
-51.0
 31
0.0
  0
LINE
  5
D8
330
70
100
AcDbEntity
  8
nuclear breifcase v5_Sketch4
100
AcDbLine
 10
54.0
 20
-51.00000000000001
 30
0.0
 11
54.0
 21
-3.0
 31
0.0
  0
POINT
  5
DA
330
70
100
AcDbEntity
  8
nuclear breifcase v5_Sketch8
100
AcDbPoint
 10
0.0
 20
0.0
 30
0.0
  0
POINT
  5
DB
330
70
100
AcDbEntity
  8
nuclear breifcase v5_Sketch8
100
AcDbPoint
 10
272.6996951335787
 20
-204.9313843567707
 30
0.0
  0
POINT
  5
DC
330
70
100
AcDbEntity
  8
nuclear breifcase v5_Sketch8
100
AcDbPoint
 10
224.6506535846319
 20
-203.1176571921761
 30
0.0
  0
POINT
  5
DD
330
70
100
AcDbEntity
  8
nuclear breifcase v5_Sketch8
100
AcDbPoint
 10
274.5134222981733
 20
-156.8823428078239
 30
0.0
  0
CIRCLE
  5
DE
330
70
100
AcDbEntity
  8
nuclear breifcase v5_Sketch8
100
AcDbCircle
 10
249.5820379414026
 20
-180.0
 30
0.0
 40
40.0
  0
LINE
  5
DF
330
70
100
AcDbEntity
  8
nuclear breifcase v5_Sketch8
100
AcDbLine
 10
299.0
 20
-10.99999999999996
 30
0.0
 11
299.0
 21
-259.0
 31
0.0
  0
CIRCLE
  5
E0
330
70
100
AcDbEntity
  8
nuclear breifcase v5_Sketch8
100
AcDbCircle
 10
249.5820379414026
 20
-180.0
 30
0.0
 40
34.00000000000002
  0
LINE
  5
E1
330
70
100
AcDbEntity
  8
nuclear breifcase v5_Sketch8
100
AcDbLine
 10
235.0000000000006
 20
-135.0
 30
0.0
 11
299.0
 21
-135.0
 31
0.0
  0
CIRCLE
  5
E2
330
70
100
AcDbEntity
  8
nuclear breifcase v5_Sketch8
100
AcDbCircle
 10
226.4643807492266
 20
-155.0686156432292
 30
0.0
 40
1.999999999999995
  0
CIRCLE
  5
E3
330
70
100
AcDbEntity
  8
nuclear breifcase v5_Sketch8
100
AcDbCircle
 10
249.5820379414026
 20
-180.0
 30
0.0
 40
45.0
  0
LINE
  5
E4
330
70
100
AcDbEntity
  8
nuclear breifcase v5_Sketch8
100
AcDbLine
 10
226.630206426453
 20
-225.0
 30
0.0
 11
299.0
 21
-225.0000000000233
 31
0.0
  0
CIRCLE
  5
E5
330
70
100
AcDbEntity
  8
nuclear breifcase v5_Sketch8
100
AcDbCircle
 10
274.5134222981733
 20
-156.8823428078239
 30
0.0
 40
1.999999999999997
  0
CIRCLE
  5
E6
330
70
100
AcDbEntity
  8
nuclear breifcase v5_Sketch8
100
AcDbCircle
 10
224.6506535846319
 20
-203.1176571921761
 30
0.0
 40
2.000000000000004
  0
CIRCLE
  5
E7
330
70
100
AcDbEntity
  8
nuclear breifcase v5_Sketch8
100
AcDbCircle
 10
272.6996951335787
 20
-204.9313843567707
 30
0.0
 40
1.999999999999992
  0
POINT
  5
E9
330
70
100
AcDbEntity
  8
nuclear breifcase v5_Sketch9
100
AcDbPoint
 10
0.0
 20
0.0
 30
69.0
  0
ARC
  5
EA
330
70
100
AcDbEntity
  8
nuclear breifcase v5_Sketch9
100
AcDbCircle
 10
-289.0
 20
-259.0000000000001
 30
-69.0
 40
9.999999999999928
210
0.0
220
0.0
230
-1.0
100
AcDbArc
 50
179.9999999999996
 51
270.0
  0
LINE
  5
EB
330
70
100
AcDbEntity
  8
nuclear breifcase v5_Sketch9
100
AcDbLine
 10
289.0
 20
-269.0
 30
69.0
 11
10.99999999999994
 21
-269.0
 31
69.0
  0
ARC
  5
EC
330
70
100
AcDbEntity
  8
nuclear breifcase v5_Sketch9
100
AcDbCircle
 10
-11.0
 20
-259.0
 30
-69.0
 40
10.0
210
0.0
220
0.0
230
-1.0
100
AcDbArc
 50
270.0000000000002
 51
0.0
  0
LINE
  5
ED
330
70
100
AcDbEntity
  8
nuclear breifcase v5_Sketch9
100
AcDbLine
 10
249.5820379414026
 20
-225.0000000000074
 30
69.0
 11
299.0
 21
-225.0000000000233
 31
69.0
  0
LINE
  5
EE
330
70
100
AcDbEntity
  8
nuclear breifcase v5_Sketch9
100
AcDbLine
 10
299.0
 20
-225.0000000000233
 30
69.0
 11
299.0
 21
-259.0
 31
69.0
  0
LINE
  5
EF
330
70
100
AcDbEntity
  8
nuclear breifcase v5_Sketch9
100
AcDbLine
 10
168.727867503585
 20
-80.68204895283106
 30
69.0
 11
78.727867503585
 21
-80.68204895283106
 31
69.0
  0
LINE
  5
F0
330
70
100
AcDbEntity
  8
nuclear breifcase v5_Sketch9
100
AcDbLine
 10
299.0
 20
-135.0
 30
69.0
 11
249.5820379414027
 21
-135.0
 31
69.0
  0
LINE
  5
F1
330
70
100
AcDbEntity
  8
nuclear breifcase v5_Sketch9
100
AcDbLine
 10
173.727867503585
 20
-75.68204895283106
 30
69.0
 11
73.727867503585
 21
-75.68204895283106
 31
69.0
  0
LINE
  5
F2
330
70
100
AcDbEntity
  8
nuclear breifcase v5_Sketch9
100
AcDbLine
 10
299.0
 20
-10.99999999999996
 30
69.0
 11
299.0
 21
-135.0
 31
69.0
  0
LINE
  5
F3
330
70
100
AcDbEntity
  8
nuclear breifcase v5_Sketch9
100
AcDbLine
 10
78.727867503585
 20
-140.682048952831
 30
69.0
 11
168.727867503585
 21
-140.682048952831
 31
69.0
  0
ARC
  5
F4
330
70
100
AcDbEntity
  8
nuclear breifcase v5_Sketch9
100
AcDbCircle
 10
-10.99999999999998
 20
-10.99999999999998
 30
-69.0
 40
9.999999999999973
210
0.0
220
0.0
230
-1.0
100
AcDbArc
 50
0.0000000000000509
 51
84.26082952273331
  0
LINE
  5
F5
330
70
100
AcDbEntity
  8
nuclear breifcase v5_Sketch9
100
AcDbLine
 10
173.727867503585
 20
-145.682048952831
 30
69.0
 11
173.727867503585
 21
-75.68204895283106
 31
69.0
  0
LINE
  5
F6
330
70
100
AcDbEntity
  8
nuclear breifcase v5_Sketch9
100
AcDbLine
 10
1.000000000000005
 20
-259.0
 30
69.0
 11
1.000000000000014
 21
-11.0
 31
69.0
  0
LINE
  5
F7
330
70
100
AcDbEntity
  8
nuclear breifcase v5_Sketch9
100
AcDbLine
 10
55.0
 20
-51.0
 30
69.0
 11
55.0
 21
-1.0
 31
69.0
  0
ARC
  5
F8
330
70
100
AcDbEntity
  8
nuclear breifcase v5_Sketch9
100
AcDbCircle
 10
-249.5820379414026
 20
-180.0
 30
-69.0
 40
45.00000000000735
210
0.0
220
0.0
230
-1.0
100
AcDbArc
 50
270.0
 51
90.0
  0
LINE
  5
F9
330
70
100
AcDbEntity
  8
nuclear breifcase v5_Sketch9
100
AcDbLine
 10
78.727867503585
 20
-80.68204895283106
 30
69.0
 11
78.727867503585
 21
-140.682048952831
 31
69.0
  0
LINE
  5
FA
330
70
100
AcDbEntity
  8
nuclear breifcase v5_Sketch9
100
AcDbLine
 10
73.727867503585
 20
-145.682048952831
 30
69.0
 11
173.727867503585
 21
-145.682048952831
 31
69.0
  0
LINE
  5
FB
330
70
100
AcDbEntity
  8
nuclear breifcase v5_Sketch9
100
AcDbLine
 10
10.0
 20
-1.0501256289338
 30
69.0
 11
10.0
 21
-50.99999999999999
 31
69.0
  0
ARC
  5
FC
330
70
100
AcDbEntity
  8
nuclear breifcase v5_Sketch9
100
AcDbCircle
 10
-289.0
 20
-10.99999999999996
 30
-69.0
 40
9.999999999999944
210
0.0
220
0.0
230
-1.0
100
AcDbArc
 50
90.0
 51
180.0
  0
LINE
  5
FD
330
70
100
AcDbEntity
  8
nuclear breifcase v5_Sketch9
100
AcDbLine
 10
73.727867503585
 20
-75.68204895283106
 30
69.0
 11
73.727867503585
 21
-145.682048952831
 31
69.0
  0
LINE
  5
FE
330
70
100
AcDbEntity
  8
nuclear breifcase v5_Sketch9
100
AcDbLine
 10
168.727867503585
 20
-140.682048952831
 30
69.0
 11
168.727867503585
 21
-80.68204895283106
 31
69.0
  0
LINE
  5
FF
330
70
100
AcDbEntity
  8
nuclear breifcase v5_Sketch9
100
AcDbLine
 10
55.0
 20
-0.9999999999999964
 30
69.0
 11
289.0
 21
-1.000000000000014
 31
69.0
  0
LINE
  5
100
330
70
100
AcDbEntity
  8
nuclear breifcase v5_Sketch9
100
AcDbLine
 10
10.0
 20
-51.0
 30
69.0
 11
55.0
 21
-51.0
 31
69.0
  0
POINT
  5
102
330
70
100
AcDbEntity
  8
nuclear breifcase v5_Sketch10
100
AcDbPoint
 10
0.0
 20
-269.0
 30
0.0
  0
LINE
  5
103
330
70
100
AcDbEntity
  8
nuclear breifcase v5_Sketch10
100
AcDbLine
 10
10.99999999999998
 20
-269.0
 30
0.0
 11
10.99999999999998
 21
-269.0
 31
69.0
  0
LINE
  5
104
330
70
100
AcDbEntity
  8
nuclear breifcase v5_Sketch10
100
AcDbLine
 10
101.0
 20
-269.0
 30
20.0
 11
101.0
 21
-269.0
 31
40.0
  0
LINE
  5
105
330
70
100
AcDbEntity
  8
nuclear breifcase v5_Sketch10
100
AcDbLine
 10
289.0
 20
-269.0
 30
0.0
 11
10.99999999999994
 21
-269.0
 31
0.0
  0
LINE
  5
106
330
70
100
AcDbEntity
  8
nuclear breifcase v5_Sketch10
100
AcDbLine
 10
101.0
 20
-269.0
 30
40.0
 11
221.0
 21
-269.0
 31
40.0
  0
LINE
  5
107
330
70
100
AcDbEntity
  8
nuclear breifcase v5_Sketch10
100
AcDbLine
 10
221.0
 20
-269.0
 30
20.0
 11
101.0
 21
-269.0
 31
20.0
  0
LINE
  5
108
330
70
100
AcDbEntity
  8
nuclear breifcase v5_Sketch10
100
AcDbLine
 10
289.0
 20
-269.0
 30
69.0
 11
289.0
 21
-269.0
 31
0.0
  0
LINE
  5
109
330
70
100
AcDbEntity
  8
nuclear breifcase v5_Sketch10
100
AcDbLine
 10
10.99999999999998
 20
-269.0
 30
69.0
 11
289.0
 21
-269.0
 31
69.0
  0
LINE
  5
10A
330
70
100
AcDbEntity
  8
nuclear breifcase v5_Sketch10
100
AcDbLine
 10
221.0
 20
-269.0
 30
40.0
 11
221.0
 21
-269.0
 31
20.0
  0
POINT
  5
10C
330
70
100
AcDbEntity
  8
nuclear breifcase v5_Sketch11
100
AcDbPoint
 10
0.0
 20
-264.0
 30
0.0
  0
LINE
  5
10D
330
70
100
AcDbEntity
  8
nuclear breifcase v5_Sketch11
100
AcDbLine
 10
101.0
 20
-264.0
 30
25.0
 11
101.0
 21
-264.0
 31
20.0
  0
LINE
  5
10E
330
70
100
AcDbEntity
  8
nuclear breifcase v5_Sketch11
100
AcDbLine
 10
101.0
 20
-264.0
 30
40.0
 11
221.0
 21
-264.0
 31
40.0
  0
LINE
  5
10F
330
70
100
AcDbEntity
  8
nuclear breifcase v5_Sketch11
100
AcDbLine
 10
101.0
 20
-264.0
 30
20.0
 11
221.0
 21
-264.0
 31
20.0
  0
LINE
  5
110
330
70
100
AcDbEntity
  8
nuclear breifcase v5_Sketch11
100
AcDbLine
 10
101.0
 20
-264.0
 30
20.0
 11
101.0
 21
-264.0
 31
40.0
  0
LINE
  5
111
330
70
100
AcDbEntity
  8
nuclear breifcase v5_Sketch11
100
AcDbLine
 10
221.0
 20
-264.0
 30
40.0
 11
221.0
 21
-264.0
 31
20.0
  0
LINE
  5
112
330
70
100
AcDbEntity
  8
nuclear breifcase v5_Sketch11
100
AcDbLine
 10
221.0
 20
-264.0
 30
25.0
 11
101.0
 21
-264.0
 31
25.0
  0
LINE
  5
113
330
70
100
AcDbEntity
  8
nuclear breifcase v5_Sketch11
100
AcDbLine
 10
221.0
 20
-264.0
 30
20.0
 11
101.0
 21
-264.0
 31
20.0
  0
LINE
  5
114
330
70
100
AcDbEntity
  8
nuclear breifcase v5_Sketch11
100
AcDbLine
 10
221.0
 20
-264.0
 30
20.0
 11
221.0
 21
-264.0
 31
25.0
  0
POINT
  5
116
330
70
100
AcDbEntity
  8
nuclear breifcase v5_Sketch12
100
AcDbPoint
 10
0.0
 20
0.0
 30
20.0
  0
CIRCLE
  5
117
330
70
100
AcDbEntity
  8
nuclear breifcase v5_Sketch12
100
AcDbCircle
 10
-185.0
 20
-249.0
 30
-20.0
 40
9.5
210
0.0
220
0.0
230
-1.0
  0
CIRCLE
  5
118
330
70
100
AcDbEntity
  8
nuclear breifcase v5_Sketch12
100
AcDbCircle
 10
-160.9999999999999
 20
-249.0
 30
-20.0
 40
9.5
210
0.0
220
0.0
230
-1.0
  0
CIRCLE
  5
119
330
70
100
AcDbEntity
  8
nuclear breifcase v5_Sketch12
100
AcDbCircle
 10
-209.0
 20
-249.0
 30
-20.0
 40
9.5
210
0.0
220
0.0
230
-1.0
  0
CIRCLE
  5
11A
330
70
100
AcDbEntity
  8
nuclear breifcase v5_Sketch12
100
AcDbCircle
 10
-136.9999999999999
 20
-249.0
 30
-20.0
 40
9.5
210
0.0
220
0.0
230
-1.0
  0
LINE
  5
11B
330
70
100
AcDbEntity
  8
nuclear breifcase v5_Sketch12
100
AcDbLine
 10
101.0
 20
-234.0
 30
20.0
 11
221.0
 21
-234.0
 31
20.0
  0
LINE
  5
11C
330
70
100
AcDbEntity
  8
nuclear breifcase v5_Sketch12
100
AcDbLine
 10
101.0
 20
-269.0
 30
20.0
 11
101.0
 21
-234.0
 31
20.0
  0
LINE
  5
11D
330
70
100
AcDbEntity
  8
nuclear breifcase v5_Sketch12
100
AcDbLine
 10
221.0
 20
-269.0
 30
20.0
 11
101.0
 21
-269.0
 31
20.0
  0
LINE
  5
11E
330
70
100
AcDbEntity
  8
nuclear breifcase v5_Sketch12
100
AcDbLine
 10
221.0
 20
-234.0
 30
20.0
 11
221.0
 21
-269.0
 31
20.0
  0
CIRCLE
  5
11F
330
70
100
AcDbEntity
  8
nuclear breifcase v5_Sketch12
100
AcDbCircle
 10
-112.9999999999999
 20
-249.0
 30
-20.0
 40
9.5
210
0.0
220
0.0
230
-1.0
  0
ENDSEC
  0
SECTION
  2
OBJECTS
  0
DICTIONARY
  5
C
330
0
100
AcDbDictionary
281
     1
  3
ACAD_COLOR
350
63
  3
ACAD_DETAILVIEWSTYLE
350
6A
  3
ACAD_GROUP
350
D
  3
ACAD_LAYOUT
350
62
  3
ACAD_MATERIAL
350
10
  3
ACAD_MLEADERSTYLE
350
66
  3
ACAD_MLINESTYLE
350
5F
  3
ACAD_PLOTSETTINGS
350
61
  3
ACAD_PLOTSTYLENAME
350
E
  3
ACAD_SCALELIST
350
42
  3
ACAD_SECTIONVIEWSTYLE
350
68
  3
ACAD_TABLESTYLE
350
64
  3
ACAD_VISUALSTYLE
350
29
  3
ACDB_RECOMPOSE_DATA
350
128
  3
AcDbVariableDictionary
350
120
  0
DICTIONARY
  5
63
102
{ACAD_REACTORS
330
C
102
}
330
C
100
AcDbDictionary
281
     1
  0
DICTIONARY
  5
6A
102
{ACAD_REACTORS
330
C
102
}
330
C
100
AcDbDictionary
281
     1
  3
Imperial24
350
6B
  0
DICTIONARY
  5
D
102
{ACAD_REACTORS
330
C
102
}
330
C
100
AcDbDictionary
281
     1
  0
DICTIONARY
  5
62
102
{ACAD_REACTORS
330
C
102
}
330
C
100
AcDbDictionary
281
     1
  3
Layout1
350
6F
  3
Layout2
350
77
  3
Model
350
73
  0
DICTIONARY
  5
10
102
{ACAD_REACTORS
330
C
102
}
330
C
100
AcDbDictionary
281
     1
  3
ByBlock
350
19
  3
ByLayer
350
11
  3
Global
350
21
  3
Steel - Satin
350
7A
  0
DICTIONARY
  5
66
102
{ACAD_REACTORS
330
C
102
}
330
C
100
AcDbDictionary
281
     1
  3
Standard
350
67
  0
DICTIONARY
  5
5F
102
{ACAD_REACTORS
330
C
102
}
330
C
100
AcDbDictionary
281
     1
  3
Standard
350
60
  0
DICTIONARY
  5
61
102
{ACAD_REACTORS
330
C
102
}
330
C
100
AcDbDictionary
281
     1
  0
ACDBDICTIONARYWDFLT
  5
E
102
{ACAD_REACTORS
330
C
102
}
330
C
100
AcDbDictionary
281
     1
  3
Normal
350
F
100
AcDbDictionaryWithDefault
340
F
  0
DICTIONARY
  5
42
102
{ACAD_REACTORS
330
C
102
}
330
C
100
AcDbDictionary
281
     1
  3
A0
350
43
  3
A1
350
44
  3
A2
350
45
  3
A3
350
46
  3
A4
350
47
  3
A5
350
48
  3
A6
350
49
  3
A7
350
4A
  3
A8
350
4B
  3
A9
350
4C
  3
B0
350
4D
  3
B1
350
4E
  3
B2
350
4F
  3
B3
350
50
  3
B4
350
51
  3
B5
350
52
  3
B6
350
53
  0
DICTIONARY
  5
68
102
{ACAD_REACTORS
330
C
102
}
330
C
100
AcDbDictionary
281
     1
  3
Imperial24
350
69
  0
DICTIONARY
  5
64
102
{ACAD_REACTORS
330
C
102
}
330
C
100
AcDbDictionary
281
     1
  3
Standard
350
65
  0
DICTIONARY
  5
29
102
{ACAD_REACTORS
330
C
102
}
330
C
100
AcDbDictionary
281
     1
  3
2dWireframe
350
2F
  3
Basic
350
2E
  3
Brighten
350
35
  3
ColorChange
350
39
  3
Conceptual
350
32
  3
Dim
350
34
  3
EdgeColorOff
350
41
  3
Facepattern
350
38
  3
Flat
350
2A
  3
FlatWithEdges
350
2B
  3
Gouraud
350
2C
  3
GouraudWithEdges
350
2D
  3
Hidden
350
31
  3
JitterOff
350
3F
  3
Linepattern
350
37
  3
OverhangOff
350
40
  3
Realistic
350
33
  3
Shaded
350
3E
  3
Shaded with edges
350
3D
  3
Shades of Gray
350
3A
  3
Sketchy
350
3B
  3
Thicken
350
36
  3
Wireframe
350
30
  3
X-Ray
350
3C
  0
XRECORD
  5
128
102
{ACAD_REACTORS
330
C
102
}
330
C
100
AcDbXrecord
280
     1
 90
        1
330
65
  0
DICTIONARY
  5
120
102
{ACAD_REACTORS
330
C
102
}
330
C
100
AcDbDictionary
281
     1
  3
CANNOSCALE
350
125
  3
CMLEADERSTYLE
350
122
  3
CTABLESTYLE
350
121
  3
CVIEWDETAILSTYLE
350
123
  3
CVIEWSECTIONSTYLE
350
124
  0
ACDBDETAILVIEWSTYLE
  5
6B
102
{ACAD_XDICTIONARY
360
12B
102
}
102
{ACAD_REACTORS
330
6A
102
}
330
6A
100
AcDbModelDocViewStyle
 70
     0
  3
Imperial24
290
     0
100
AcDbDetailViewStyle
 70
     0
 71
     0
 90
        3
 71
     1
340
55
 62
   256
 40
0.24
340
0
 62
   256
 40
0.24
300

 40
0.36
280
     3
 71
     2
340
5D
 90
       25
 62
   256
 71
     3
340
55
 62
   256
 40
0.24
 90
        1
 40
0.75
 90
        1
300
%<\AcVar ViewType \f "%tc1">% %<\AcVar ViewDetailId>%\PSCALE %<\AcVar ViewScale \f "%sn">%
 71
     4
340
5D
 90
       25
 62
   256
340
5D
 90
       25
 62
   256
280
     0
  0
LAYOUT
  5
6F
102
{ACAD_REACTORS
330
62
102
}
330
62
100
AcDbPlotSettings
  1

  2

  4

  6

 40
0.0
 41
0.0
 42
0.0
 43
0.0
 44
0.0
 45
0.0
 46
0.0
 47
0.0
 48
0.0
 49
0.0
140
0.0
141
0.0
142
1.0
143
1.0
 70
   688
 72
     0
 73
     0
 74
     5
  7

 75
    16
147
1.0
 76
     0
 77
     2
 78
   300
148
0.0
149
0.0
100
AcDbLayout
  1
Layout1
 70
     1
 71
     1
 10
0.0
 20
0.0
 11
12.0
 21
9.0
 12
0.0
 22
0.0
 32
0.0
 14
0.0
 24
0.0
 34
0.0
 15
0.0
 25
0.0
 35
0.0
146
0.0
 13
0.0
 23
0.0
 33
0.0
 16
1.0
 26
0.0
 36
0.0
 17
0.0
 27
1.0
 37
0.0
 76
     0
330
6C
  0
LAYOUT
  5
77
102
{ACAD_REACTORS
330
62
102
}
330
62
100
AcDbPlotSettings
  1

  2

  4

  6

 40
0.0
 41
0.0
 42
0.0
 43
0.0
 44
0.0
 45
0.0
 46
0.0
 47
0.0
 48
0.0
 49
0.0
140
0.0
141
0.0
142
1.0
143
1.0
 70
   688
 72
     0
 73
     0
 74
     5
  7

 75
    16
147
1.0
 76
     0
 77
     2
 78
   300
148
0.0
149
0.0
100
AcDbLayout
  1
Layout2
 70
     1
 71
     2
 10
0.0
 20
0.0
 11
12.0
 21
9.0
 12
0.0
 22
0.0
 32
0.0
 14
0.0
 24
0.0
 34
0.0
 15
0.0
 25
0.0
 35
0.0
146
0.0
 13
0.0
 23
0.0
 33
0.0
 16
1.0
 26
0.0
 36
0.0
 17
0.0
 27
1.0
 37
0.0
 76
     0
330
74
  0
LAYOUT
  5
73
102
{ACAD_REACTORS
330
62
102
}
330
62
100
AcDbPlotSettings
  1

  2

  4

  6

 40
0.0
 41
0.0
 42
0.0
 43
0.0
 44
0.0
 45
0.0
 46
0.0
 47
0.0
 48
0.0
 49
0.0
140
0.0
141
0.0
142
1.0
143
1.0
 70
  1712
 72
     0
 73
     0
 74
     0
  7

 75
     0
147
1.0
 76
     0
 77
     2
 78
   300
148
0.0
149
0.0
100
AcDbLayout
  1
Model
 70
     1
 71
     0
 10
0.0
 20
0.0
 11
12.0
 21
9.0
 12
0.0
 22
0.0
 32
0.0
 14
0.0
 24
0.0
 34
0.0
 15
0.0
 25
0.0
 35
0.0
146
0.0
 13
0.0
 23
0.0
 33
0.0
 16
1.0
 26
0.0
 36
0.0
 17
0.0
 27
1.0
 37
0.0
 76
     0
330
70
  0
MATERIAL
  5
19
102
{ACAD_XDICTIONARY
360
1A
102
}
102
{ACAD_REACTORS
330
10
102
}
330
10
100
AcDbMaterial
  1
ByBlock
 72
     0
 43
0.0208333333333333
 43
0.0
 43
0.0
 43
0.0
 43
0.0
 43
0.0208333333333333
 43
0.0
 43
0.0
 43
0.0
 43
0.0
 43
1.0
 43
0.0
 43
0.0
 43
0.0
 43
0.0
 43
1.0
 77
     0
 47
0.0208333333333333
 47
0.0
 47
0.0
 47
0.0
 47
0.0
 47
0.0208333333333333
 47
0.0
 47
0.0
 47
0.0
 47
0.0
 47
1.0
 47
0.0
 47
0.0
 47
0.0
 47
0.0
 47
1.0
171
     0
 49
0.0208333333333333
 49
0.0
 49
0.0
 49
0.0
 49
0.0
 49
0.0208333333333333
 49
0.0
 49
0.0
 49
0.0
 49
0.0
 49
1.0
 49
0.0
 49
0.0
 49
0.0
 49
0.0
 49
1.0
175
     0
142
0.0208333333333333
142
0.0
142
0.0
142
0.0
142
0.0
142
0.0208333333333333
142
0.0
142
0.0
142
0.0
142
0.0
142
1.0
142
0.0
142
0.0
142
0.0
142
0.0
142
1.0
179
     0
144
0.0208333333333333
144
0.0
144
0.0
144
0.0
144
0.0
144
0.0208333333333333
144
0.0
144
0.0
144
0.0
144
0.0
144
1.0
144
0.0
144
0.0
144
0.0
144
0.0
144
1.0
147
0.0208333333333333
147
0.0
147
0.0
147
0.0
147
0.0
147
0.0208333333333333
147
0.0
147
0.0
147
0.0
147
0.0
147
1.0
147
0.0
147
0.0
147
0.0
147
0.0
147
1.0
  0
MATERIAL
  5
11
102
{ACAD_XDICTIONARY
360
12
102
}
102
{ACAD_REACTORS
330
10
102
}
330
10
100
AcDbMaterial
  1
ByLayer
 72
     0
 43
0.0208333333333333
 43
0.0
 43
0.0
 43
0.0
 43
0.0
 43
0.0208333333333333
 43
0.0
 43
0.0
 43
0.0
 43
0.0
 43
1.0
 43
0.0
 43
0.0
 43
0.0
 43
0.0
 43
1.0
 77
     0
 47
0.0208333333333333
 47
0.0
 47
0.0
 47
0.0
 47
0.0
 47
0.0208333333333333
 47
0.0
 47
0.0
 47
0.0
 47
0.0
 47
1.0
 47
0.0
 47
0.0
 47
0.0
 47
0.0
 47
1.0
171
     0
 49
0.0208333333333333
 49
0.0
 49
0.0
 49
0.0
 49
0.0
 49
0.0208333333333333
 49
0.0
 49
0.0
 49
0.0
 49
0.0
 49
1.0
 49
0.0
 49
0.0
 49
0.0
 49
0.0
 49
1.0
175
     0
142
0.0208333333333333
142
0.0
142
0.0
142
0.0
142
0.0
142
0.0208333333333333
142
0.0
142
0.0
142
0.0
142
0.0
142
1.0
142
0.0
142
0.0
142
0.0
142
0.0
142
1.0
179
     0
144
0.0208333333333333
144
0.0
144
0.0
144
0.0
144
0.0
144
0.0208333333333333
144
0.0
144
0.0
144
0.0
144
0.0
144
1.0
144
0.0
144
0.0
144
0.0
144
0.0
144
1.0
147
0.0208333333333333
147
0.0
147
0.0
147
0.0
147
0.0
147
0.0208333333333333
147
0.0
147
0.0
147
0.0
147
0.0
147
1.0
147
0.0
147
0.0
147
0.0
147
0.0
147
1.0
  0
MATERIAL
  5
21
102
{ACAD_XDICTIONARY
360
22
102
}
102
{ACAD_REACTORS
330
10
102
}
330
10
100
AcDbMaterial
  1
Global
 72
     0
 43
0.0208333333333333
 43
0.0
 43
0.0
 43
0.0
 43
0.0
 43
0.0208333333333333
 43
0.0
 43
0.0
 43
0.0
 43
0.0
 43
1.0
 43
0.0
 43
0.0
 43
0.0
 43
0.0
 43
1.0
 77
     0
 47
0.0208333333333333
 47
0.0
 47
0.0
 47
0.0
 47
0.0
 47
0.0208333333333333
 47
0.0
 47
0.0
 47
0.0
 47
0.0
 47
1.0
 47
0.0
 47
0.0
 47
0.0
 47
0.0
 47
1.0
171
     0
 49
0.0208333333333333
 49
0.0
 49
0.0
 49
0.0
 49
0.0
 49
0.0208333333333333
 49
0.0
 49
0.0
 49
0.0
 49
0.0
 49
1.0
 49
0.0
 49
0.0
 49
0.0
 49
0.0
 49
1.0
175
     0
142
0.0208333333333333
142
0.0
142
0.0
142
0.0
142
0.0
142
0.0208333333333333
142
0.0
142
0.0
142
0.0
142
0.0
142
1.0
142
0.0
142
0.0
142
0.0
142
0.0
142
1.0
179
     0
144
0.0208333333333333
144
0.0
144
0.0
144
0.0
144
0.0
144
0.0208333333333333
144
0.0
144
0.0
144
0.0
144
0.0
144
1.0
144
0.0
144
0.0
144
0.0
144
0.0
144
1.0
147
0.0208333333333333
147
0.0
147
0.0
147
0.0
147
0.0
147
0.0208333333333333
147
0.0
147
0.0
147
0.0
147
0.0
147
1.0
147
0.0
147
0.0
147
0.0
147
0.0
147
1.0
  0
MATERIAL
  5
7A
102
{ACAD_XDICTIONARY
360
7B
102
}
102
{ACAD_REACTORS
330
10
102
}
330
10
100
AcDbMaterial
  1
Steel - Satin
 70
     1
 90
-1029726305
 71
     1
 91
-1029726305
 72
     0
 44
0.7015873193740845
 76
     1
 92
-1029726305
 77
     0
171
     0
175
     0
143
0.5149999856948853
179
     0
145
1.399999976158142
148
0.5
468
0.6262096762657166
 93
        1
 94
        0
1001
ACAD
1070
    -1
1070
     3
1070
     0
1000

1071
        0
1070
     0
  0
MLEADERSTYLE
  5
67
102
{ACAD_REACTORS
330
66
102
}
330
66
100
AcDbMLeaderStyle
179
     2
170
     2
171
     1
172
     0
 90
        2
 40
0.0
 41
0.0
173
     1
 91
-1056964608
340
5B
 92
       -2
290
     1
 42
0.09
291
     1
 43
0.36
  3
Standard
 44
0.18
300

342
55
174
     1
178
     6
175
     1
176
     0
 93
-1056964608
 45
0.18
292
     0
297
     0
 46
0.18
 94
-1056964608
 47
1.0
 49
1.0
140
1.0
293
     1
141
0.0
294
     1
177
     0
142
1.0
295
     0
296
     0
143
0.125
271
     0
272
     9
273
     9
298
     1
  0
MLINESTYLE
  5
60
102
{ACAD_REACTORS
330
5F
102
}
330
5F
100
AcDbMlineStyle
  2
STANDARD
 70
     0
  3

 62
   256
 51
90.0
 52
90.0
 71
     2
 49
0.5
 62
   256
  6
BYLAYER
 49
-0.5
 62
   256
  6
BYLAYER
  0
ACDBPLACEHOLDER
  5
F
102
{ACAD_REACTORS
330
E
102
}
330
E
  0
SCALE
  5
43
102
{ACAD_REACTORS
330
42
102
}
330
42
100
AcDbScale
 70
     0
300
1:1
140
1.0
141
1.0
290
     1
  0
SCALE
  5
44
102
{ACAD_REACTORS
330
42
102
}
330
42
100
AcDbScale
 70
     0
300
1/128" = 1'-0"
140
0.0078125
141
12.0
290
     0
  0
SCALE
  5
45
102
{ACAD_REACTORS
330
42
102
}
330
42
100
AcDbScale
 70
     0
300
1/64" = 1'-0"
140
0.015625
141
12.0
290
     0
  0
SCALE
  5
46
102
{ACAD_REACTORS
330
42
102
}
330
42
100
AcDbScale
 70
     0
300
1/32" = 1'-0"
140
0.03125
141
12.0
290
     0
  0
SCALE
  5
47
102
{ACAD_REACTORS
330
42
102
}
330
42
100
AcDbScale
 70
     0
300
1/16" = 1'-0"
140
0.0625
141
12.0
290
     0
  0
SCALE
  5
48
102
{ACAD_REACTORS
330
42
102
}
330
42
100
AcDbScale
 70
     0
300
3/32" = 1'-0"
140
0.09375
141
12.0
290
     0
  0
SCALE
  5
49
102
{ACAD_REACTORS
330
42
102
}
330
42
100
AcDbScale
 70
     0
300
1/8" = 1'-0"
140
0.125
141
12.0
290
     0
  0
SCALE
  5
4A
102
{ACAD_REACTORS
330
42
102
}
330
42
100
AcDbScale
 70
     0
300
3/16" = 1'-0"
140
0.1875
141
12.0
290
     0
  0
SCALE
  5
4B
102
{ACAD_REACTORS
330
42
102
}
330
42
100
AcDbScale
 70
     0
300
1/4" = 1'-0"
140
0.25
141
12.0
290
     0
  0
SCALE
  5
4C
102
{ACAD_REACTORS
330
42
102
}
330
42
100
AcDbScale
 70
     0
300
3/8" = 1'-0"
140
0.375
141
12.0
290
     0
  0
SCALE
  5
4D
102
{ACAD_REACTORS
330
42
102
}
330
42
100
AcDbScale
 70
     0
300
1/2" = 1'-0"
140
0.5
141
12.0
290
     0
  0
SCALE
  5
4E
102
{ACAD_REACTORS
330
42
102
}
330
42
100
AcDbScale
 70
     0
300
3/4" = 1'-0"
140
0.75
141
12.0
290
     0
  0
SCALE
  5
4F
102
{ACAD_REACTORS
330
42
102
}
330
42
100
AcDbScale
 70
     0
300
1" = 1'-0"
140
1.0
141
12.0
290
     0
  0
SCALE
  5
50
102
{ACAD_REACTORS
330
42
102
}
330
42
100
AcDbScale
 70
     0
300
1-1/2" = 1'-0"
140
1.5
141
12.0
290
     0
  0
SCALE
  5
51
102
{ACAD_REACTORS
330
42
102
}
330
42
100
AcDbScale
 70
     0
300
3" = 1'-0"
140
3.0
141
12.0
290
     0
  0
SCALE
  5
52
102
{ACAD_REACTORS
330
42
102
}
330
42
100
AcDbScale
 70
     0
300
6" = 1'-0"
140
6.0
141
12.0
290
     0
  0
SCALE
  5
53
102
{ACAD_REACTORS
330
42
102
}
330
42
100
AcDbScale
 70
     0
300
1'-0" = 1'-0"
140
12.0
141
12.0
290
     0
  0
ACDBSECTIONVIEWSTYLE
  5
69
102
{ACAD_XDICTIONARY
360
129
102
}
102
{ACAD_REACTORS
330
68
102
}
330
68
100
AcDbModelDocViewStyle
 70
     0
  3
Imperial24
290
     0
100
AcDbSectionViewStyle
 70
     0
 71
     0
 90
       78
 71
     1
340
55
 62
   256
 40
0.24
340
0
340
0
 62
   256
 40
0.24
300
I, O, Q, S, X, Z
 40
0.48
 90
        3
 40
0.18
 90
        1
 71
     2
340
5D
 90
       25
 62
   256
340
5D
 90
       50
 62
   256
 40
0.24
 40
0.0
 40
0.24
 71
     3
340
55
 62
   256
 40
0.24
 90
        1
 40
0.75
 90
        1
300
%<\AcVar ViewType \f "%tc1">% %<\AcVar ViewSectionStartId>%-%<\AcVar ViewSectionEndId>%\PSCALE %<\AcVar ViewScale \f "%sn">%
 71
     4
 62
   256
 62
   257
300
ANSI31
 40
1.0
 90
        0
290
     0
290
     0
 90
        6
 40
0.0
 40
1.570796326794896
 40
0.2617993877991494
 40
1.308996938995747
 40
-0.2617993877991494
 40
1.832595714594046
  0
TABLESTYLE
  5
65
102
{ACAD_XDICTIONARY
360
126
102
}
102
{ACAD_REACTORS
330
64
102
}
330
64
100
AcDbTableStyle
280
     0
  3
Standard
 70
     0
 71
     0
 40
0.06
 41
0.06
280
     0
281
     0
  7
Standard
140
0.18
170
     2
 62
     0
 63
     7
283
     0
 90
      512
 91
        0
  1

274
    -2
284
     1
 64
     0
275
    -2
285
     1
 65
     0
276
    -2
286
     1
 66
     0
277
    -2
287
     1
 67
     0
278
    -2
288
     1
 68
     0
279
    -2
289
     1
 69
     0
  7
Standard
140
0.25
170
     5
 62
     0
 63
     7
283
     0
 90
      512
 91
        0
  1

274
    -2
284
     1
 64
     0
275
    -2
285
     1
 65
     0
276
    -2
286
     1
 66
     0
277
    -2
287
     1
 67
     0
278
    -2
288
     1
 68
     0
279
    -2
289
     1
 69
     0
  7
Standard
140
0.18
170
     5
 62
     0
 63
     7
283
     0
 90
      512
 91
        0
  1

274
    -2
284
     1
 64
     0
275
    -2
285
     1
 65
     0
276
    -2
286
     1
 66
     0
277
    -2
287
     1
 67
     0
278
    -2
288
     1
 68
     0
279
    -2
289
     1
 69
     0
  0
VISUALSTYLE
  5
2F
102
{ACAD_REACTORS
330
29
102
}
330
29
100
AcDbVisualStyle
  2
2dWireframe
 70
     4
177
     3
291
     0
 70
    58
 90
        0
176
     1
 90
        2
176
     1
 90
        0
176
     1
 90
        0
176
     1
 40
0.6
176
     1
 40
30.0
176
     1
 62
     7
420
 16777215
176
     1
 90
        1
176
     1
 90
        4
176
     1
 62
     7
176
     1
 62
   257
176
     1
 90
        1
176
     1
 90
        1
176
     1
 40
1.0
176
     1
 90
        0
176
     1
 62
   257
176
     1
 40
1.0
176
     1
 90
        1
176
     1
 90
        6
176
     1
 90
        2
176
     1
 62
     7
176
     1
 90
        5
176
     1
 90
        0
176
     1
 90
        0
176
     1
290
     0
176
     1
 90
        1
176
     1
 40
0.0
176
     1
 90
        0
176
     1
290
     1
176
     1
290
     1
176
     1
290
     0
176
     1
290
     0
176
     1
290
     0
176
     1
290
     0
176
     1
290
     0
176
     1
290
     0
176
     1
290
     0
176
     1
 90
       50
176
     1
 40
0.0
176
     1
 40
1.0
176
     1
 90
        0
176
     1
 62
    18
420
        0
176
     1
 90
       50
176
     1
 90
        3
176
     1
 62
     5
420
      255
176
     1
290
     0
176
     1
 90
       50
176
     1
 90
       50
176
     1
 90
       50
176
     1
290
     0
176
     1
 90
       50
176
     1
 62
   256
176
     0
 40
1.0
176
     0
 90
        2
176
     1
  1
strokes_ogs.tif
176
     1
290
     0
176
     1
 40
1.0
176
     1
 40
1.0
176
     1
1001
ACAD
1000
AcDbSavedByObjectVersion
1070
     0
  0
VISUALSTYLE
  5
2E
102
{ACAD_REACTORS
330
29
102
}
330
29
100
AcDbVisualStyle
  2
Basic
 70
     7
177
     3
291
     1
 70
    58
 90
        1
176
     1
 90
        0
176
     1
 90
        1
176
     1
 90
        0
176
     1
 40
0.6
176
     1
 40
30.0
176
     1
 62
     7
420
 16777215
176
     1
 90
        0
176
     1
 90
        4
176
     1
 62
     7
176
     1
 62
   257
176
     1
 90
        1
176
     1
 90
        1
176
     1
 40
1.0
176
     1
 90
        8
176
     1
 62
     7
176
     1
 40
1.0
176
     1
 90
        1
176
     1
 90
        6
176
     1
 90
        2
176
     1
 62
     7
176
     1
 90
        5
176
     1
 90
        0
176
     1
 90
        0
176
     1
290
     0
176
     1
 90
        1
176
     1
 40
0.0
176
     1
 90
        0
176
     1
290
     0
176
     1
290
     1
176
     1
290
     1
176
     1
290
     0
176
     1
290
     0
176
     1
290
     0
176
     1
290
     0
176
     1
290
     0
176
     1
290
     0
176
     1
 90
       50
176
     1
 40
0.0
176
     1
 40
1.0
176
     1
 90
        0
176
     1
 62
    18
420
        0
176
     1
 90
       50
176
     1
 90
        3
176
     1
 62
     5
420
      255
176
     1
290
     0
176
     1
 90
       50
176
     1
 90
       50
176
     1
 90
       50
176
     1
290
     0
176
     1
 90
       50
176
     1
 62
   256
176
     0
 40
1.0
176
     0
 90
        2
176
     1
  1
strokes_ogs.tif
176
     1
290
     0
176
     1
 40
1.0
176
     1
 40
1.0
176
     1
1001
ACAD
1000
AcDbSavedByObjectVersion
1070
     0
  0
VISUALSTYLE
  5
35
102
{ACAD_REACTORS
330
29
102
}
330
29
100
AcDbVisualStyle
  2
Brighten
 70
    12
177
     3
291
     1
 70
    58
 90
        2
176
     1
 90
        2
176
     1
 90
        0
176
     1
 90
        0
176
     1
 40
0.6
176
     1
 40
30.0
176
     1
 62
     7
420
 16777215
176
     1
 90
        1
176
     1
 90
        4
176
     1
 62
     7
176
     1
 62
   257
176
     1
 90
        1
176
     1
 90
        1
176
     1
 40
1.0
176
     1
 90
        8
176
     1
 62
     7
176
     1
 40
1.0
176
     1
 90
        1
176
     1
 90
        6
176
     1
 90
        2
176
     1
 62
     7
176
     1
 90
        5
176
     1
 90
        0
176
     1
 90
        0
176
     1
290
     0
176
     1
 90
        1
176
     1
 40
50.0
176
     1
 90
        0
176
     1
290
     0
176
     1
290
     1
176
     1
290
     1
176
     1
290
     0
176
     1
290
     0
176
     1
290
     0
176
     1
290
     0
176
     1
290
     0
176
     1
290
     0
176
     1
 90
       50
176
     1
 40
0.0
176
     1
 40
1.0
176
     1
 90
        0
176
     1
 62
    18
420
        0
176
     1
 90
       50
176
     1
 90
        3
176
     1
 62
     5
420
      255
176
     1
290
     0
176
     1
 90
       50
176
     1
 90
       50
176
     1
 90
       50
176
     1
290
     0
176
     1
 90
       50
176
     1
 62
   256
176
     0
 40
1.0
176
     0
 90
        2
176
     1
  1
strokes_ogs.tif
176
     1
290
     0
176
     1
 40
1.0
176
     1
 40
1.0
176
     1
1001
ACAD
1000
AcDbSavedByObjectVersion
1070
     0
  0
VISUALSTYLE
  5
39
102
{ACAD_REACTORS
330
29
102
}
330
29
100
AcDbVisualStyle
  2
ColorChange
 70
    16
177
     3
291
     1
 70
    58
 90
        2
176
     1
 90
        2
176
     1
 90
        3
176
     1
 90
        0
176
     1
 40
0.6
176
     1
 40
30.0
176
     1
 62
     8
420
  8421504
176
     1
 90
        1
176
     1
 90
        4
176
     1
 62
     7
176
     1
 62
   257
176
     1
 90
        1
176
     1
 90
        1
176
     1
 40
1.0
176
     1
 90
        8
176
     1
 62
     8
420
  8421504
176
     1
 40
1.0
176
     1
 90
        1
176
     1
 90
        6
176
     1
 90
        2
176
     1
 62
     7
176
     1
 90
        5
176
     1
 90
        0
176
     1
 90
        0
176
     1
290
     0
176
     1
 90
        1
176
     1
 40
0.0
176
     1
 90
        0
176
     1
290
     0
176
     1
290
     1
176
     1
290
     1
176
     1
290
     0
176
     1
290
     0
176
     1
290
     0
176
     1
290
     0
176
     1
290
     0
176
     1
290
     0
176
     1
 90
       50
176
     1
 40
0.0
176
     1
 40
1.0
176
     1
 90
        0
176
     1
 62
    18
420
        0
176
     1
 90
       50
176
     1
 90
        3
176
     1
 62
     5
420
      255
176
     1
290
     0
176
     1
 90
       50
176
     1
 90
       50
176
     1
 90
       50
176
     1
290
     0
176
     1
 90
       50
176
     1
 62
   256
176
     0
 40
1.0
176
     0
 90
        2
176
     1
  1
strokes_ogs.tif
176
     1
290
     0
176
     1
 40
1.0
176
     1
 40
1.0
176
     1
1001
ACAD
1000
AcDbSavedByObjectVersion
1070
     0
  0
VISUALSTYLE
  5
32
102
{ACAD_REACTORS
330
29
102
}
330
29
100
AcDbVisualStyle
  2
Conceptual
 70
     9
177
     3
291
     0
 70
    58
 90
        3
176
     1
 90
        2
176
     1
 90
        0
176
     1
 90
        0
176
     1
 40
0.6
176
     1
 40
30.0
176
     1
 62
     7
420
 16777215
176
     1
 90
        2
176
     1
 90
        2
176
     1
 62
     7
176
     1
 62
   257
176
     1
 90
        1
176
     1
 90
        1
176
     1
 40
179.0
176
     1
 90
        8
176
     1
 62
     7
176
     1
 40
1.0
176
     1
 90
        1
176
     1
 90
        6
176
     1
 90
        2
176
     1
 62
     7
176
     1
 90
        3
176
     1
 90
        0
176
     1
 90
        0
176
     1
290
     0
176
     1
 90
        1
176
     1
 40
0.0
176
     1
 90
        0
176
     1
290
     0
176
     1
290
     1
176
     1
290
     1
176
     1
290
     0
176
     1
290
     0
176
     1
290
     0
176
     1
290
     0
176
     1
290
     0
176
     1
290
     0
176
     1
 90
       50
176
     1
 40
0.0
176
     1
 40
1.0
176
     1
 90
        0
176
     1
 62
    18
420
        0
176
     1
 90
       50
176
     1
 90
        3
176
     1
 62
     5
420
      255
176
     1
290
     0
176
     1
 90
       50
176
     1
 90
       50
176
     1
 90
       50
176
     1
290
     0
176
     1
 90
       50
176
     1
 62
   256
176
     0
 40
1.0
176
     0
 90
        2
176
     1
  1
strokes_ogs.tif
176
     1
290
     0
176
     1
 40
1.0
176
     1
 40
1.0
176
     1
1001
ACAD
1000
AcDbSavedByObjectVersion
1070
     0
  0
VISUALSTYLE
  5
34
102
{ACAD_REACTORS
330
29
102
}
330
29
100
AcDbVisualStyle
  2
Dim
 70
    11
177
     3
291
     1
 70
    58
 90
        2
176
     1
 90
        2
176
     1
 90
        0
176
     1
 90
        0
176
     1
 40
0.6
176
     1
 40
30.0
176
     1
 62
     7
420
 16777215
176
     1
 90
        1
176
     1
 90
        4
176
     1
 62
     7
176
     1
 62
   257
176
     1
 90
        1
176
     1
 90
        1
176
     1
 40
1.0
176
     1
 90
        8
176
     1
 62
     7
176
     1
 40
1.0
176
     1
 90
        1
176
     1
 90
        6
176
     1
 90
        2
176
     1
 62
     7
176
     1
 90
        5
176
     1
 90
        0
176
     1
 90
        0
176
     1
290
     0
176
     1
 90
        1
176
     1
 40
-50.0
176
     1
 90
        0
176
     1
290
     0
176
     1
290
     1
176
     1
290
     1
176
     1
290
     0
176
     1
290
     0
176
     1
290
     0
176
     1
290
     0
176
     1
290
     0
176
     1
290
     0
176
     1
 90
       50
176
     1
 40
0.0
176
     1
 40
1.0
176
     1
 90
        0
176
     1
 62
    18
420
        0
176
     1
 90
       50
176
     1
 90
        3
176
     1
 62
     5
420
      255
176
     1
290
     0
176
     1
 90
       50
176
     1
 90
       50
176
     1
 90
       50
176
     1
290
     0
176
     1
 90
       50
176
     1
 62
   256
176
     0
 40
1.0
176
     0
 90
        2
176
     1
  1
strokes_ogs.tif
176
     1
290
     0
176
     1
 40
1.0
176
     1
 40
1.0
176
     1
1001
ACAD
1000
AcDbSavedByObjectVersion
1070
     0
  0
VISUALSTYLE
  5
41
102
{ACAD_REACTORS
330
29
102
}
330
29
100
AcDbVisualStyle
  2
EdgeColorOff
 70
    22
177
     3
291
     1
 70
    58
 90
        2
176
     0
 90
        2
176
     0
 90
        0
176
     0
 90
        0
176
     0
 40
0.6
176
     0
 40
30.0
176
     0
 62
     7
420
 16777215
176
     0
 90
        1
176
     0
 90
        4
176
     0
 62
     7
176
     0
 62
   257
176
     0
 90
        1
176
     0
 90
        1
176
     0
 40
1.0
176
     0
 90
        8
176
     2
 62
     7
176
     0
 40
1.0
176
     0
 90
        1
176
     0
 90
        6
176
     0
 90
        2
176
     0
 62
     7
176
     0
 90
        5
176
     0
 90
        0
176
     0
 90
        0
176
     0
290
     0
176
     0
 90
        1
176
     0
 40
0.0
176
     0
 90
        0
176
     0
290
     0
176
     0
290
     1
176
     0
290
     1
176
     0
290
     0
176
     0
290
     0
176
     0
290
     0
176
     0
290
     0
176
     0
290
     0
176
     0
290
     0
176
     0
 90
       50
176
     0
 40
0.0
176
     0
 40
1.0
176
     0
 90
        0
176
     0
 62
    18
420
        0
176
     0
 90
       50
176
     0
 90
        3
176
     0
 62
     5
420
      255
176
     0
290
     0
176
     0
 90
       50
176
     0
 90
       50
176
     0
 90
       50
176
     0
290
     0
176
     0
 90
       50
176
     0
 62
   256
176
     0
 40
1.0
176
     0
 90
        2
176
     0
  1
strokes_ogs.tif
176
     0
290
     0
176
     0
 40
1.0
176
     0
 40
1.0
176
     0
1001
ACAD
1000
AcDbSavedByObjectVersion
1070
     0
  0
VISUALSTYLE
  5
38
102
{ACAD_REACTORS
330
29
102
}
330
29
100
AcDbVisualStyle
  2
Facepattern
 70
    15
177
     3
291
     1
 70
    58
 90
        2
176
     1
 90
        2
176
     1
 90
        0
176
     1
 90
        0
176
     1
 40
0.6
176
     1
 40
30.0
176
     1
 62
     7
420
 16777215
176
     1
 90
        1
176
     1
 90
        4
176
     1
 62
     7
176
     1
 62
   257
176
     1
 90
        1
176
     1
 90
        1
176
     1
 40
1.0
176
     1
 90
        8
176
     1
 62
     7
176
     1
 40
1.0
176
     1
 90
        1
176
     1
 90
        6
176
     1
 90
        2
176
     1
 62
     7
176
     1
 90
        5
176
     1
 90
        0
176
     1
 90
        0
176
     1
290
     0
176
     1
 90
        1
176
     1
 40
0.0
176
     1
 90
        0
176
     1
290
     0
176
     1
290
     1
176
     1
290
     1
176
     1
290
     0
176
     1
290
     0
176
     1
290
     0
176
     1
290
     0
176
     1
290
     0
176
     1
290
     0
176
     1
 90
       50
176
     1
 40
0.0
176
     1
 40
1.0
176
     1
 90
        0
176
     1
 62
    18
420
        0
176
     1
 90
       50
176
     1
 90
        3
176
     1
 62
     5
420
      255
176
     1
290
     0
176
     1
 90
       50
176
     1
 90
       50
176
     1
 90
       50
176
     1
290
     0
176
     1
 90
       50
176
     1
 62
   256
176
     0
 40
1.0
176
     0
 90
        2
176
     1
  1
strokes_ogs.tif
176
     1
290
     0
176
     1
 40
1.0
176
     1
 40
1.0
176
     1
1001
ACAD
1000
AcDbSavedByObjectVersion
1070
     0
  0
VISUALSTYLE
  5
2A
102
{ACAD_REACTORS
330
29
102
}
330
29
100
AcDbVisualStyle
  2
Flat
 70
     0
177
     3
291
     1
 70
    58
 90
        2
176
     1
 90
        1
176
     1
 90
        1
176
     1
 90
        2
176
     1
 40
0.6
176
     1
 40
30.0
176
     1
 62
     7
420
 16777215
176
     1
 90
        0
176
     1
 90
        0
176
     1
 62
     7
176
     1
 62
   257
176
     1
 90
        1
176
     1
 90
        1
176
     1
 40
1.0
176
     1
 90
        8
176
     1
 62
     7
176
     1
 40
1.0
176
     1
 90
        1
176
     1
 90
        6
176
     1
 90
        2
176
     1
 62
     7
176
     1
 90
        5
176
     1
 90
        0
176
     1
 90
        0
176
     1
290
     0
176
     1
 90
       13
176
     1
 40
0.0
176
     1
 90
        0
176
     1
290
     0
176
     1
290
     1
176
     1
290
     1
176
     1
290
     0
176
     1
290
     0
176
     1
290
     0
176
     1
290
     0
176
     1
290
     0
176
     1
290
     0
176
     1
 90
       50
176
     1
 40
0.0
176
     1
 40
1.0
176
     1
 90
        0
176
     1
 62
    18
420
        0
176
     1
 90
       50
176
     1
 90
        3
176
     1
 62
     5
420
      255
176
     1
290
     0
176
     1
 90
       50
176
     1
 90
       50
176
     1
 90
       50
176
     1
290
     0
176
     1
 90
       50
176
     1
 62
   256
176
     0
 40
1.0
176
     0
 90
        2
176
     1
  1
strokes_ogs.tif
176
     1
290
     0
176
     1
 40
1.0
176
     1
 40
1.0
176
     1
1001
ACAD
1000
AcDbSavedByObjectVersion
1070
     0
  0
VISUALSTYLE
  5
2B
102
{ACAD_REACTORS
330
29
102
}
330
29
100
AcDbVisualStyle
  2
FlatWithEdges
 70
     1
177
     3
291
     1
 70
    58
 90
        2
176
     1
 90
        1
176
     1
 90
        1
176
     1
 90
        2
176
     1
 40
0.6
176
     1
 40
30.0
176
     1
 62
     7
420
 16777215
176
     1
 90
        1
176
     1
 90
        0
176
     1
 62
     7
176
     1
 62
   257
176
     1
 90
        1
176
     1
 90
        1
176
     1
 40
1.0
176
     1
 90
        0
176
     1
 62
   257
176
     1
 40
1.0
176
     1
 90
        1
176
     1
 90
        6
176
     1
 90
        2
176
     1
 62
     7
176
     1
 90
        5
176
     1
 90
        0
176
     1
 90
        0
176
     1
290
     0
176
     1
 90
       13
176
     1
 40
0.0
176
     1
 90
        0
176
     1
290
     0
176
     1
290
     1
176
     1
290
     1
176
     1
290
     0
176
     1
290
     0
176
     1
290
     0
176
     1
290
     0
176
     1
290
     0
176
     1
290
     0
176
     1
 90
       50
176
     1
 40
0.0
176
     1
 40
1.0
176
     1
 90
        0
176
     1
 62
    18
420
        0
176
     1
 90
       50
176
     1
 90
        3
176
     1
 62
     5
420
      255
176
     1
290
     0
176
     1
 90
       50
176
     1
 90
       50
176
     1
 90
       50
176
     1
290
     0
176
     1
 90
       50
176
     1
 62
   256
176
     0
 40
1.0
176
     0
 90
        2
176
     1
  1
strokes_ogs.tif
176
     1
290
     0
176
     1
 40
1.0
176
     1
 40
1.0
176
     1
1001
ACAD
1000
AcDbSavedByObjectVersion
1070
     0
  0
VISUALSTYLE
  5
2C
102
{ACAD_REACTORS
330
29
102
}
330
29
100
AcDbVisualStyle
  2
Gouraud
 70
     2
177
     3
291
     1
 70
    58
 90
        2
176
     1
 90
        2
176
     1
 90
        1
176
     1
 90
        2
176
     1
 40
0.6
176
     1
 40
30.0
176
     1
 62
     7
420
 16777215
176
     1
 90
        0
176
     1
 90
        0
176
     1
 62
     7
176
     1
 62
   257
176
     1
 90
        1
176
     1
 90
        1
176
     1
 40
1.0
176
     1
 90
        0
176
     1
 62
     7
176
     1
 40
1.0
176
     1
 90
        1
176
     1
 90
        6
176
     1
 90
        2
176
     1
 62
     7
176
     1
 90
        5
176
     1
 90
        0
176
     1
 90
        0
176
     1
290
     0
176
     1
 90
       13
176
     1
 40
0.0
176
     1
 90
        0
176
     1
290
     0
176
     1
290
     1
176
     1
290
     1
176
     1
290
     0
176
     1
290
     0
176
     1
290
     0
176
     1
290
     0
176
     1
290
     0
176
     1
290
     0
176
     1
 90
       50
176
     1
 40
0.0
176
     1
 40
1.0
176
     1
 90
        0
176
     1
 62
    18
420
        0
176
     1
 90
       50
176
     1
 90
        3
176
     1
 62
     5
420
      255
176
     1
290
     0
176
     1
 90
       50
176
     1
 90
       50
176
     1
 90
       50
176
     1
290
     0
176
     1
 90
       50
176
     1
 62
   256
176
     0
 40
1.0
176
     0
 90
        2
176
     1
  1
strokes_ogs.tif
176
     1
290
     0
176
     1
 40
1.0
176
     1
 40
1.0
176
     1
1001
ACAD
1000
AcDbSavedByObjectVersion
1070
     0
  0
VISUALSTYLE
  5
2D
102
{ACAD_REACTORS
330
29
102
}
330
29
100
AcDbVisualStyle
  2
GouraudWithEdges
 70
     3
177
     3
291
     1
 70
    58
 90
        2
176
     1
 90
        2
176
     1
 90
        1
176
     1
 90
        2
176
     1
 40
0.6
176
     1
 40
30.0
176
     1
 62
     7
420
 16777215
176
     1
 90
        1
176
     1
 90
        0
176
     1
 62
     7
176
     1
 62
   257
176
     1
 90
        1
176
     1
 90
        1
176
     1
 40
1.0
176
     1
 90
        0
176
     1
 62
   257
176
     1
 40
1.0
176
     1
 90
        1
176
     1
 90
        6
176
     1
 90
        2
176
     1
 62
     7
176
     1
 90
        5
176
     1
 90
        0
176
     1
 90
        0
176
     1
290
     0
176
     1
 90
       13
176
     1
 40
0.0
176
     1
 90
        0
176
     1
290
     0
176
     1
290
     1
176
     1
290
     1
176
     1
290
     0
176
     1
290
     0
176
     1
290
     0
176
     1
290
     0
176
     1
290
     0
176
     1
290
     0
176
     1
 90
       50
176
     1
 40
0.0
176
     1
 40
1.0
176
     1
 90
        0
176
     1
 62
    18
420
        0
176
     1
 90
       50
176
     1
 90
        3
176
     1
 62
     5
420
      255
176
     1
290
     0
176
     1
 90
       50
176
     1
 90
       50
176
     1
 90
       50
176
     1
290
     0
176
     1
 90
       50
176
     1
 62
   256
176
     0
 40
1.0
176
     0
 90
        2
176
     1
  1
strokes_ogs.tif
176
     1
290
     0
176
     1
 40
1.0
176
     1
 40
1.0
176
     1
1001
ACAD
1000
AcDbSavedByObjectVersion
1070
     0
  0
VISUALSTYLE
  5
31
102
{ACAD_REACTORS
330
29
102
}
330
29
100
AcDbVisualStyle
  2
Hidden
 70
     6
177
     3
291
     0
 70
    58
 90
        1
176
     1
 90
        2
176
     1
 90
        2
176
     1
 90
        0
176
     1
 40
0.6
176
     1
 40
30.0
176
     1
 62
     7
420
 16777215
176
     1
 90
        2
176
     1
 90
        2
176
     1
 62
     7
176
     1
 62
   257
176
     1
 90
        2
176
     1
 90
        1
176
     1
 40
40.0
176
     1
 90
        0
176
     1
 62
   257
176
     1
 40
1.0
176
     1
 90
        1
176
     1
 90
        6
176
     1
 90
        2
176
     1
 62
     7
176
     1
 90
        3
176
     1
 90
        0
176
     1
 90
        0
176
     1
290
     0
176
     1
 90
        1
176
     1
 40
0.0
176
     1
 90
        0
176
     1
290
     0
176
     1
290
     1
176
     1
290
     1
176
     1
290
     0
176
     1
290
     0
176
     1
290
     0
176
     1
290
     0
176
     1
290
     0
176
     1
290
     0
176
     1
 90
       50
176
     1
 40
0.0
176
     1
 40
1.0
176
     1
 90
        0
176
     1
 62
    18
420
        0
176
     1
 90
       50
176
     1
 90
        3
176
     1
 62
     5
420
      255
176
     1
290
     0
176
     1
 90
       50
176
     1
 90
       50
176
     1
 90
       50
176
     1
290
     0
176
     1
 90
       50
176
     1
 62
   256
176
     0
 40
1.0
176
     0
 90
        2
176
     1
  1
strokes_ogs.tif
176
     1
290
     0
176
     1
 40
1.0
176
     1
 40
1.0
176
     1
1001
ACAD
1000
AcDbSavedByObjectVersion
1070
     0
  0
VISUALSTYLE
  5
3F
102
{ACAD_REACTORS
330
29
102
}
330
29
100
AcDbVisualStyle
  2
JitterOff
 70
    20
177
     3
291
     1
 70
    58
 90
        2
176
     0
 90
        2
176
     0
 90
        0
176
     0
 90
        0
176
     0
 40
0.6
176
     0
 40
30.0
176
     0
 62
     7
420
 16777215
176
     0
 90
        1
176
     0
 90
        4
176
     0
 62
     7
176
     0
 62
   257
176
     0
 90
        1
176
     0
 90
        1
176
     0
 40
1.0
176
     0
 90
       10
176
     2
 62
     7
176
     0
 40
1.0
176
     0
 90
        1
176
     0
 90
        6
176
     0
 90
        2
176
     0
 62
     7
176
     0
 90
        5
176
     0
 90
        0
176
     0
 90
        0
176
     0
290
     0
176
     0
 90
        1
176
     0
 40
0.0
176
     0
 90
        0
176
     0
290
     0
176
     0
290
     1
176
     0
290
     1
176
     0
290
     0
176
     0
290
     0
176
     0
290
     0
176
     0
290
     0
176
     0
290
     0
176
     0
290
     0
176
     0
 90
       50
176
     0
 40
0.0
176
     0
 40
1.0
176
     0
 90
        0
176
     0
 62
    18
420
        0
176
     0
 90
       50
176
     0
 90
        3
176
     0
 62
     5
420
      255
176
     0
290
     0
176
     0
 90
       50
176
     0
 90
       50
176
     0
 90
       50
176
     0
290
     0
176
     0
 90
       50
176
     0
 62
   256
176
     0
 40
1.0
176
     0
 90
        2
176
     0
  1
strokes_ogs.tif
176
     0
290
     0
176
     0
 40
1.0
176
     0
 40
1.0
176
     0
1001
ACAD
1000
AcDbSavedByObjectVersion
1070
     0
  0
VISUALSTYLE
  5
37
102
{ACAD_REACTORS
330
29
102
}
330
29
100
AcDbVisualStyle
  2
Linepattern
 70
    14
177
     3
291
     1
 70
    58
 90
        2
176
     1
 90
        2
176
     1
 90
        0
176
     1
 90
        0
176
     1
 40
0.6
176
     1
 40
30.0
176
     1
 62
     7
420
 16777215
176
     1
 90
        1
176
     1
 90
        4
176
     1
 62
     7
176
     1
 62
   257
176
     1
 90
        7
176
     1
 90
        7
176
     1
 40
1.0
176
     1
 90
        8
176
     1
 62
     7
176
     1
 40
1.0
176
     1
 90
        1
176
     1
 90
        6
176
     1
 90
        2
176
     1
 62
     7
176
     1
 90
        5
176
     1
 90
        0
176
     1
 90
        0
176
     1
290
     0
176
     1
 90
        1
176
     1
 40
0.0
176
     1
 90
        0
176
     1
290
     0
176
     1
290
     1
176
     1
290
     1
176
     1
290
     0
176
     1
290
     0
176
     1
290
     0
176
     1
290
     0
176
     1
290
     0
176
     1
290
     0
176
     1
 90
       50
176
     1
 40
0.0
176
     1
 40
1.0
176
     1
 90
        0
176
     1
 62
    18
420
        0
176
     1
 90
       50
176
     1
 90
        3
176
     1
 62
     5
420
      255
176
     1
290
     0
176
     1
 90
       50
176
     1
 90
       50
176
     1
 90
       50
176
     1
290
     0
176
     1
 90
       50
176
     1
 62
   256
176
     0
 40
1.0
176
     0
 90
        2
176
     1
  1
strokes_ogs.tif
176
     1
290
     0
176
     1
 40
1.0
176
     1
 40
1.0
176
     1
1001
ACAD
1000
AcDbSavedByObjectVersion
1070
     0
  0
VISUALSTYLE
  5
40
102
{ACAD_REACTORS
330
29
102
}
330
29
100
AcDbVisualStyle
  2
OverhangOff
 70
    21
177
     3
291
     1
 70
    58
 90
        2
176
     0
 90
        2
176
     0
 90
        0
176
     0
 90
        0
176
     0
 40
0.6
176
     0
 40
30.0
176
     0
 62
     7
420
 16777215
176
     0
 90
        1
176
     0
 90
        4
176
     0
 62
     7
176
     0
 62
   257
176
     0
 90
        1
176
     0
 90
        1
176
     0
 40
1.0
176
     0
 90
        9
176
     2
 62
     7
176
     0
 40
1.0
176
     0
 90
        1
176
     0
 90
        6
176
     0
 90
        2
176
     0
 62
     7
176
     0
 90
        5
176
     0
 90
        0
176
     0
 90
        0
176
     0
290
     0
176
     0
 90
        1
176
     0
 40
0.0
176
     0
 90
        0
176
     0
290
     0
176
     0
290
     1
176
     0
290
     1
176
     0
290
     0
176
     0
290
     0
176
     0
290
     0
176
     0
290
     0
176
     0
290
     0
176
     0
290
     0
176
     0
 90
       50
176
     0
 40
0.0
176
     0
 40
1.0
176
     0
 90
        0
176
     0
 62
    18
420
        0
176
     0
 90
       50
176
     0
 90
        3
176
     0
 62
     5
420
      255
176
     0
290
     0
176
     0
 90
       50
176
     0
 90
       50
176
     0
 90
       50
176
     0
290
     0
176
     0
 90
       50
176
     0
 62
   256
176
     0
 40
1.0
176
     0
 90
        2
176
     0
  1
strokes_ogs.tif
176
     0
290
     0
176
     0
 40
1.0
176
     0
 40
1.0
176
     0
1001
ACAD
1000
AcDbSavedByObjectVersion
1070
     0
  0
VISUALSTYLE
  5
33
102
{ACAD_REACTORS
330
29
102
}
330
29
100
AcDbVisualStyle
  2
Realistic
 70
     8
177
     3
291
     0
 70
    58
 90
        2
176
     1
 90
        3
176
     1
 90
        0
176
     1
 90
        2
176
     1
 40
0.6
176
     1
 40
30.0
176
     1
 62
     7
420
 16777215
176
     1
 90
        0
176
     1
 90
        0
176
     1
 62
     7
176
     1
 62
   257
176
     1
 90
        1
176
     1
 90
        1
176
     1
 40
1.0
176
     1
 90
        8
176
     1
 62
   257
176
     1
 40
1.0
176
     1
 90
        1
176
     1
 90
        6
176
     1
 90
        2
176
     1
 62
     7
176
     1
 90
        3
176
     1
 90
        0
176
     1
 90
        0
176
     1
290
     0
176
     1
 90
       13
176
     1
 40
0.0
176
     1
 90
        0
176
     1
290
     0
176
     1
290
     1
176
     1
290
     1
176
     1
290
     0
176
     1
290
     0
176
     1
290
     0
176
     1
290
     0
176
     1
290
     0
176
     1
290
     0
176
     1
 90
       50
176
     1
 40
0.0
176
     1
 40
1.0
176
     1
 90
        0
176
     1
 62
    18
420
        0
176
     1
 90
       50
176
     1
 90
        3
176
     1
 62
     5
420
      255
176
     1
290
     0
176
     1
 90
       50
176
     1
 90
       50
176
     1
 90
       50
176
     1
290
     0
176
     1
 90
       50
176
     1
 62
   256
176
     0
 40
1.0
176
     0
 90
        2
176
     1
  1
strokes_ogs.tif
176
     1
290
     0
176
     1
 40
1.0
176
     1
 40
1.0
176
     1
1001
ACAD
1000
AcDbSavedByObjectVersion
1070
     0
  0
VISUALSTYLE
  5
3E
102
{ACAD_REACTORS
330
29
102
}
330
29
100
AcDbVisualStyle
  2
Shaded
 70
    27
177
     3
291
     0
 70
    58
 90
        2
176
     1
 90
        2
176
     1
 90
        1
176
     1
 90
        2
176
     1
 40
0.6
176
     1
 40
30.0
176
     1
 62
     7
420
 16777215
176
     1
 90
        0
176
     1
 90
        4
176
     1
 62
     7
176
     1
 62
   257
176
     1
 90
        1
176
     1
 90
        1
176
     1
 40
1.0
176
     1
 90
        8
176
     1
 62
   257
176
     1
 40
1.0
176
     1
 90
        1
176
     1
 90
        6
176
     1
 90
        2
176
     1
 62
     8
420
  7895160
176
     1
 90
        3
176
     1
 90
        0
176
     1
 90
        0
176
     1
290
     0
176
     1
 90
        5
176
     1
 40
0.0
176
     1
 90
        0
176
     1
290
     0
176
     1
290
     1
176
     1
290
     1
176
     1
290
     0
176
     1
290
     0
176
     1
290
     0
176
     1
290
     0
176
     1
290
     0
176
     1
290
     0
176
     1
 90
       50
176
     1
 40
0.0
176
     1
 40
1.0
176
     1
 90
        0
176
     1
 62
    18
420
        0
176
     1
 90
       50
176
     1
 90
        3
176
     1
 62
     5
420
      255
176
     1
290
     0
176
     1
 90
       50
176
     1
 90
       50
176
     1
 90
       50
176
     1
290
     0
176
     1
 90
       50
176
     1
 62
   256
176
     0
 40
1.0
176
     0
 90
        2
176
     1
  1
strokes_ogs.tif
176
     1
290
     0
176
     1
 40
1.0
176
     1
 40
1.0
176
     1
1001
ACAD
1000
AcDbSavedByObjectVersion
1070
     0
  0
VISUALSTYLE
  5
3D
102
{ACAD_REACTORS
330
29
102
}
330
29
100
AcDbVisualStyle
  2
Shaded with edges
 70
    26
177
     3
291
     0
 70
    58
 90
        2
176
     1
 90
        2
176
     1
 90
        1
176
     1
 90
        2
176
     1
 40
0.6
176
     1
 40
30.0
176
     1
 62
     7
420
 16777215
176
     1
 90
        1
176
     1
 90
        2
176
     1
 62
     7
176
     1
 62
   257
176
     1
 90
        2
176
     1
 90
        1
176
     1
 40
1.0
176
     1
 90
        8
176
     1
 62
   257
176
     1
 40
1.0
176
     1
 90
        1
176
     1
 90
        6
176
     1
 90
        2
176
     1
 62
     7
176
     1
 90
        3
176
     1
 90
        0
176
     1
 90
        0
176
     1
290
     0
176
     1
 90
        5
176
     1
 40
0.0
176
     1
 90
        0
176
     1
290
     0
176
     1
290
     1
176
     1
290
     1
176
     1
290
     0
176
     1
290
     0
176
     1
290
     0
176
     1
290
     0
176
     1
290
     0
176
     1
290
     0
176
     1
 90
       50
176
     1
 40
0.0
176
     1
 40
1.0
176
     1
 90
        0
176
     1
 62
    18
420
        0
176
     1
 90
       50
176
     1
 90
        3
176
     1
 62
     5
420
      255
176
     1
290
     0
176
     1
 90
       50
176
     1
 90
       50
176
     1
 90
       50
176
     1
290
     0
176
     1
 90
       50
176
     1
 62
   256
176
     0
 40
1.0
176
     0
 90
        2
176
     1
  1
strokes_ogs.tif
176
     1
290
     0
176
     1
 40
1.0
176
     1
 40
1.0
176
     1
1001
ACAD
1000
AcDbSavedByObjectVersion
1070
     0
  0
VISUALSTYLE
  5
3A
102
{ACAD_REACTORS
330
29
102
}
330
29
100
AcDbVisualStyle
  2
Shades of Gray
 70
    23
177
     3
291
     0
 70
    58
 90
        2
176
     1
 90
        2
176
     1
 90
        3
176
     1
 90
        0
176
     1
 40
0.6
176
     1
 40
30.0
176
     1
 62
     7
420
 16777215
176
     1
 90
        2
176
     1
 90
        2
176
     1
 62
     7
176
     1
 62
     7
176
     1
 90
        1
176
     1
 90
        1
176
     1
 40
40.0
176
     1
 90
        8
176
     1
 62
     7
176
     1
 40
1.0
176
     1
 90
        1
176
     1
 90
        6
176
     1
 90
        2
176
     1
 62
     7
176
     1
 90
        3
176
     1
 90
        0
176
     1
 90
        0
176
     1
290
     0
176
     1
 90
        1
176
     1
 40
0.0
176
     1
 90
        0
176
     1
290
     0
176
     1
290
     1
176
     1
290
     1
176
     1
290
     0
176
     1
290
     0
176
     1
290
     0
176
     1
290
     0
176
     1
290
     0
176
     1
290
     0
176
     1
 90
       50
176
     1
 40
0.0
176
     1
 40
1.0
176
     1
 90
        0
176
     1
 62
    18
420
        0
176
     1
 90
       50
176
     1
 90
        3
176
     1
 62
     5
420
      255
176
     1
290
     0
176
     1
 90
       50
176
     1
 90
       50
176
     1
 90
       50
176
     1
290
     0
176
     1
 90
       50
176
     1
 62
   256
176
     0
 40
1.0
176
     0
 90
        2
176
     1
  1
strokes_ogs.tif
176
     1
290
     0
176
     1
 40
1.0
176
     1
 40
1.0
176
     1
1001
ACAD
1000
AcDbSavedByObjectVersion
1070
     0
  0
VISUALSTYLE
  5
3B
102
{ACAD_REACTORS
330
29
102
}
330
29
100
AcDbVisualStyle
  2
Sketchy
 70
    24
177
     3
291
     0
 70
    58
 90
        1
176
     1
 90
        2
176
     1
 90
        2
176
     1
 90
        0
176
     1
 40
0.6
176
     1
 40
30.0
176
     1
 62
     7
420
 16777215
176
     1
 90
        2
176
     1
 90
        2
176
     1
 62
     7
176
     1
 62
     7
176
     1
 90
        1
176
     1
 90
        1
176
     1
 40
40.0
176
     1
 90
       11
176
     1
 62
     7
176
     1
 40
1.0
176
     1
 90
        1
176
     1
 90
        6
176
     1
 90
        2
176
     1
 62
     7
176
     1
 90
        6
176
     1
 90
        0
176
     1
 90
        0
176
     1
290
     0
176
     1
 90
        1
176
     1
 40
0.0
176
     1
 90
        0
176
     1
290
     0
176
     1
290
     1
176
     1
290
     1
176
     1
290
     0
176
     1
290
     0
176
     1
290
     0
176
     1
290
     0
176
     1
290
     0
176
     1
290
     0
176
     1
 90
       50
176
     1
 40
0.0
176
     1
 40
1.0
176
     1
 90
        0
176
     1
 62
    18
420
        0
176
     1
 90
       50
176
     1
 90
        3
176
     1
 62
     5
420
      255
176
     1
290
     0
176
     1
 90
       50
176
     1
 90
       50
176
     1
 90
       50
176
     1
290
     0
176
     1
 90
       50
176
     1
 62
   256
176
     0
 40
1.0
176
     0
 90
        2
176
     1
  1
strokes_ogs.tif
176
     1
290
     0
176
     1
 40
1.0
176
     1
 40
1.0
176
     1
1001
ACAD
1000
AcDbSavedByObjectVersion
1070
     0
  0
VISUALSTYLE
  5
36
102
{ACAD_REACTORS
330
29
102
}
330
29
100
AcDbVisualStyle
  2
Thicken
 70
    13
177
     3
291
     1
 70
    58
 90
        2
176
     1
 90
        2
176
     1
 90
        0
176
     1
 90
        0
176
     1
 40
0.6
176
     1
 40
30.0
176
     1
 62
     7
420
 16777215
176
     1
 90
        1
176
     1
 90
        4
176
     1
 62
     7
176
     1
 62
   257
176
     1
 90
        1
176
     1
 90
        1
176
     1
 40
1.0
176
     1
 90
       12
176
     1
 62
     7
176
     1
 40
1.0
176
     1
 90
        1
176
     1
 90
        6
176
     1
 90
        2
176
     1
 62
     7
176
     1
 90
        5
176
     1
 90
        0
176
     1
 90
        0
176
     1
290
     0
176
     1
 90
        1
176
     1
 40
0.0
176
     1
 90
        0
176
     1
290
     0
176
     1
290
     1
176
     1
290
     1
176
     1
290
     0
176
     1
290
     0
176
     1
290
     0
176
     1
290
     0
176
     1
290
     0
176
     1
290
     0
176
     1
 90
       50
176
     1
 40
0.0
176
     1
 40
1.0
176
     1
 90
        0
176
     1
 62
    18
420
        0
176
     1
 90
       50
176
     1
 90
        3
176
     1
 62
     5
420
      255
176
     1
290
     0
176
     1
 90
       50
176
     1
 90
       50
176
     1
 90
       50
176
     1
290
     0
176
     1
 90
       50
176
     1
 62
   256
176
     0
 40
1.0
176
     0
 90
        2
176
     1
  1
strokes_ogs.tif
176
     1
290
     0
176
     1
 40
1.0
176
     1
 40
1.0
176
     1
1001
ACAD
1000
AcDbSavedByObjectVersion
1070
     0
  0
VISUALSTYLE
  5
30
102
{ACAD_REACTORS
330
29
102
}
330
29
100
AcDbVisualStyle
  2
Wireframe
 70
     5
177
     3
291
     0
 70
    58
 90
        0
176
     1
 90
        2
176
     1
 90
        0
176
     1
 90
        0
176
     1
 40
0.6
176
     1
 40
30.0
176
     1
 62
     7
420
 16777215
176
     1
 90
        1
176
     1
 90
        4
176
     1
 62
     7
176
     1
 62
   257
176
     1
 90
        1
176
     1
 90
        1
176
     1
 40
1.0
176
     1
 90
        0
176
     1
 62
   257
176
     1
 40
1.0
176
     1
 90
        1
176
     1
 90
        6
176
     1
 90
        2
176
     1
 62
     7
176
     1
 90
        3
176
     1
 90
        0
176
     1
 90
        0
176
     1
290
     0
176
     1
 90
        1
176
     1
 40
0.0
176
     1
 90
        0
176
     1
290
     0
176
     1
290
     1
176
     1
290
     1
176
     1
290
     0
176
     1
290
     0
176
     1
290
     0
176
     1
290
     0
176
     1
290
     0
176
     1
290
     0
176
     1
 90
       50
176
     1
 40
0.0
176
     1
 40
1.0
176
     1
 90
        0
176
     1
 62
    18
420
        0
176
     1
 90
       50
176
     1
 90
        3
176
     1
 62
     5
420
      255
176
     1
290
     0
176
     1
 90
       50
176
     1
 90
       50
176
     1
 90
       50
176
     1
290
     0
176
     1
 90
       50
176
     1
 62
   256
176
     0
 40
1.0
176
     0
 90
        2
176
     1
  1
strokes_ogs.tif
176
     1
290
     0
176
     1
 40
1.0
176
     1
 40
1.0
176
     1
1001
ACAD
1000
AcDbSavedByObjectVersion
1070
     0
  0
VISUALSTYLE
  5
3C
102
{ACAD_REACTORS
330
29
102
}
330
29
100
AcDbVisualStyle
  2
X-Ray
 70
    25
177
     3
291
     0
 70
    58
 90
        2
176
     1
 90
        2
176
     1
 90
        1
176
     1
 90
        1
176
     1
 40
0.5
176
     1
 40
30.0
176
     1
 62
     7
420
 16777215
176
     1
 90
        1
176
     1
 90
        0
176
     1
 62
     7
176
     1
 62
   257
176
     1
 90
        1
176
     1
 90
        1
176
     1
 40
1.0
176
     1
 90
        8
176
     1
 62
     7
176
     1
 40
1.0
176
     1
 90
        1
176
     1
 90
        6
176
     1
 90
        2
176
     1
 62
     7
176
     1
 90
        3
176
     1
 90
        0
176
     1
 90
        0
176
     1
290
     0
176
     1
 90
       13
176
     1
 40
0.0
176
     1
 90
        0
176
     1
290
     0
176
     1
290
     1
176
     1
290
     1
176
     1
290
     0
176
     1
290
     0
176
     1
290
     0
176
     1
290
     0
176
     1
290
     0
176
     1
290
     0
176
     1
 90
       50
176
     1
 40
0.0
176
     1
 40
1.0
176
     1
 90
        0
176
     1
 62
    18
420
        0
176
     1
 90
       50
176
     1
 90
        3
176
     1
 62
     5
420
      255
176
     1
290
     0
176
     1
 90
       50
176
     1
 90
       50
176
     1
 90
       50
176
     1
290
     0
176
     1
 90
       50
176
     1
 62
   256
176
     0
 40
1.0
176
     0
 90
        2
176
     1
  1
strokes_ogs.tif
176
     1
290
     0
176
     1
 40
1.0
176
     1
 40
1.0
176
     1
1001
ACAD
1000
AcDbSavedByObjectVersion
1070
     0
  0
DICTIONARYVAR
  5
125
102
{ACAD_REACTORS
330
120
102
}
330
120
100
DictionaryVariables
280
     0
  1
1:1
  0
DICTIONARYVAR
  5
122
102
{ACAD_REACTORS
330
120
102
}
330
120
100
DictionaryVariables
280
     0
  1
STANDARD
  0
DICTIONARYVAR
  5
121
102
{ACAD_REACTORS
330
120
102
}
330
120
100
DictionaryVariables
280
     0
  1
STANDARD
  0
DICTIONARYVAR
  5
123
102
{ACAD_REACTORS
330
120
102
}
330
120
100
DictionaryVariables
280
     0
  1
Imperial24
  0
DICTIONARYVAR
  5
124
102
{ACAD_REACTORS
330
120
102
}
330
120
100
DictionaryVariables
280
     0
  1
Imperial24
  0
DICTIONARY
  5
12B
330
6B
100
AcDbDictionary
280
     1
281
     1
  3
ACAD_XREC_ROUNDTRIP
360
12C
  0
DICTIONARY
  5
1A
330
19
100
AcDbDictionary
280
     1
281
     1
  3
BUMPTILE
360
1C
  3
DIFFUSETILE
360
1B
  3
OPACITYTILE
360
1F
  3
REFLECTIONTILE
360
1E
  3
REFRACTIONTILE
360
20
  3
SPECULARTILE
360
1D
  0
DICTIONARY
  5
12
330
11
100
AcDbDictionary
280
     1
281
     1
  3
BUMPTILE
360
14
  3
DIFFUSETILE
360
13
  3
OPACITYTILE
360
17
  3
REFLECTIONTILE
360
16
  3
REFRACTIONTILE
360
18
  3
SPECULARTILE
360
15
  0
DICTIONARY
  5
22
330
21
100
AcDbDictionary
280
     1
281
     1
  3
BUMPTILE
360
24
  3
DIFFUSETILE
360
23
  3
OPACITYTILE
360
27
  3
REFLECTIONTILE
360
26
  3
REFRACTIONTILE
360
28
  3
SPECULARTILE
360
25
  0
DICTIONARY
  5
7B
330
7A
100
AcDbDictionary
280
     1
281
     1
  3
ADVMATERIAL
360
83
  3
BUMPTILE
360
7E
  3
DIFFUSETILE
360
7D
  3
FBXASSET
360
7C
  3
OPACITYTILE
360
7F
  3
REFLECTIONTILE
360
81
  3
REFRACTIONTILE
360
82
  3
SPECULARTILE
360
80
  0
DICTIONARY
  5
129
330
69
100
AcDbDictionary
280
     1
281
     1
  3
ACAD_XREC_ROUNDTRIP
360
12A
  0
DICTIONARY
  5
126
330
65
100
AcDbDictionary
280
     1
281
     1
  3
ACAD_ROUNDTRIP_2008_TABLESTYLE_CELLSTYLEMAP
360
127
  0
XRECORD
  5
12C
102
{ACAD_REACTORS
330
12B
102
}
330
12B
100
AcDbXrecord
280
     1
102
DISPLAYNAME
  1
Imperial24
102
FLAGS
 90
        0
  0
XRECORD
  5
1C
102
{ACAD_REACTORS
330
1A
102
}
330
1A
100
AcDbXrecord
280
     1
270
     1
271
     1
  0
XRECORD
  5
1B
102
{ACAD_REACTORS
330
1A
102
}
330
1A
100
AcDbXrecord
280
     1
270
     1
271
     1
  0
XRECORD
  5
1F
102
{ACAD_REACTORS
330
1A
102
}
330
1A
100
AcDbXrecord
280
     1
270
     1
271
     1
  0
XRECORD
  5
1E
102
{ACAD_REACTORS
330
1A
102
}
330
1A
100
AcDbXrecord
280
     1
270
     1
271
     1
  0
XRECORD
  5
20
102
{ACAD_REACTORS
330
1A
102
}
330
1A
100
AcDbXrecord
280
     1
270
     1
271
     1
  0
XRECORD
  5
1D
102
{ACAD_REACTORS
330
1A
102
}
330
1A
100
AcDbXrecord
280
     1
270
     1
271
     1
  0
XRECORD
  5
14
102
{ACAD_REACTORS
330
12
102
}
330
12
100
AcDbXrecord
280
     1
270
     1
271
     1
  0
XRECORD
  5
13
102
{ACAD_REACTORS
330
12
102
}
330
12
100
AcDbXrecord
280
     1
270
     1
271
     1
  0
XRECORD
  5
17
102
{ACAD_REACTORS
330
12
102
}
330
12
100
AcDbXrecord
280
     1
270
     1
271
     1
  0
XRECORD
  5
16
102
{ACAD_REACTORS
330
12
102
}
330
12
100
AcDbXrecord
280
     1
270
     1
271
     1
  0
XRECORD
  5
18
102
{ACAD_REACTORS
330
12
102
}
330
12
100
AcDbXrecord
280
     1
270
     1
271
     1
  0
XRECORD
  5
15
102
{ACAD_REACTORS
330
12
102
}
330
12
100
AcDbXrecord
280
     1
270
     1
271
     1
  0
XRECORD
  5
24
102
{ACAD_REACTORS
330
22
102
}
330
22
100
AcDbXrecord
280
     1
270
     1
271
     1
  0
XRECORD
  5
23
102
{ACAD_REACTORS
330
22
102
}
330
22
100
AcDbXrecord
280
     1
270
     1
271
     1
  0
XRECORD
  5
27
102
{ACAD_REACTORS
330
22
102
}
330
22
100
AcDbXrecord
280
     1
270
     1
271
     1
  0
XRECORD
  5
26
102
{ACAD_REACTORS
330
22
102
}
330
22
100
AcDbXrecord
280
     1
270
     1
271
     1
  0
XRECORD
  5
28
102
{ACAD_REACTORS
330
22
102
}
330
22
100
AcDbXrecord
280
     1
270
     1
271
     1
  0
XRECORD
  5
25
102
{ACAD_REACTORS
330
22
102
}
330
22
100
AcDbXrecord
280
     1
270
     1
271
     1
  0
XRECORD
  5
83
102
{ACAD_REACTORS
330
7B
102
}
330
7B
100
AcDbXrecord
280
     1
460
100.0
461
100.0
462
100.0
463
100.0
290
     0
270
     1
464
0.0
293
     0
272
     3
273
     3
  0
XRECORD
  5
7E
102
{ACAD_REACTORS
330
7B
102
}
330
7B
100
AcDbXrecord
280
     1
270
     1
271
     1
  0
XRECORD
  5
7D
102
{ACAD_REACTORS
330
7B
102
}
330
7B
100
AcDbXrecord
280
     1
270
     1
271
     1
  0
XRECORD
  5
7C
102
{ACAD_REACTORS
330
7B
102
}
330
7B
100
AcDbXrecord
280
     1
 70
     0
 90
-736978550
 71
     1
  1
8D066CE4-8510-4D73-9891-BC72CA821BD1
311
504B0304140006080800BC797D5AD3B2300839010000B80200004F00000032433845394346352D373733422D344539362D394243422D3141363443353936374244342F4173736574446174612F446566696E6974696F6E4974657261746F7250726F706572746965732E62696EB5524D4FC3300C2D5F420821C18573FF4048
311
DBF51309A1352D9C264DEC0754A184AD52DA4E4D2A38EEB003FF1AECB66385FB2CBDC4719E63FB295F86617C0F06AE7104D8C07A05FBB3A84453E48B7C254A6E9CEF2323F718A2784CC43B6FA5C6B459A1722125AF44DDAA9B7D9659720DEF7179874917805D40E10BCBBE1A36F0D1F7F409AEC1DFD6F78F5C29A11FA8C3C2
311
34624F1E0982494CDC34F24914B398D853DF655EE40771E2D217A1EAB6C985A26162F93E4B5D127AB645DC249890288C6C12B3C061D3D0B1E3C4A67AD596AF152F24B5E8D042B6AE96581AED04807A5CC33E6F0A55CE84E672900467E882C4F1FC3F079CF012D0B1E9420B21FFA9D4C54C622AAE8BEA14A8673B3A3ADDED58
311
22646C000A6F4BEC0185DA020E2C5036AF95762CDBEB95C2AF720B5507C574F63BFF5835201CD87E00504B0304140006080800BC797D5A4AD3E58FC9010000C80300004500000032433845394346352D373733422D344539362D394243422D3141363443353936374244342F4173736574446174612F496E7374616E636550
311
726F706572746965732E62696E95524D6BDB40101DB76943A005FF04B5F49040B7589FB67A88124B4E4E8640722C0455912D833F40B229B9F9D6DC72CE4FE8DFE8398742734A2FA1949253F1A5B9266F762DE40A93A403AB9979F36677356F4F88E8766E08A98235C5F725FC6E3C8CD35EB41F25F1207C03A011D41CC76F59
311
A261EB3561057553B80D57174DBF6EF8DB0D436F06FA6AD1C82DA66E052DC376856D59A6B01C03EC9D6620F4BA59F31DDF77B75B2E68CA363E9C7EFDBB7EE1C13F0132C5CA73E9156BE67151DE14AEBA45554E4D69DF3D8EEFB1594E40B073F6E5E7F5DA2FAFEC553B0838E729926969BFAD6EF6DB53E7BF50A52BDEA660F1
311
3CB9D2917633AF5C2D300AAE8CF25B2DF1F25F954646A9AB485710B2727CE8FEA7701C25E260944E32C68F28A68C7AD4A5216914D1087E4C219021708D3A88332031F29852C46FFFE145A869748CBE09AACFB023BF8F2AFC5EDACB06ED781CF6D51311C01EF3440EF746D9D8A8E9F65ABE89306CE77F5E4B859EA3758A450F
311
ABC88361CB3DD192314B06F082249185CFF20A4BFD0AACD5CB1F9FCFFF7C5312976590AD7D39F19804259833EB9160B2EF315B9DDE9145AF6993DA98711F680FAC0994603D94667DE0217D840A293C3358470DF1100A6B7407504B0304140006080800BC797D5AB5A795FFE3790000DE7900006B0000003243384539434635
311
2D373733422D344539362D394243422D3141363443353936374244342F5265736F75726365732F38443036364345342D383531302D344437332D393839312D4243373243413832314244312F7468756D626E61696C2F302F67656E657269635F706E6701DE79218689504E470D0A1A0A0000000D4948445200000100000001
311
0008030000006BAC58540000000467414D410000B18F0BFC6105000000017352474200AECE1CE900000192504C5445818181B3B3B35A5A5A4848486060605C5C5C6464648383835E5E5E6262624E4E4EAFAFAF4A4A4AB5B5B54C4C4CB1B1B1858585B7B7B7585858ADADAD7C7C7C464646787878ABABAB747474A7A7A76868
311
68707070B9B9B96E6E6E6A6A6A8B8B8B666666545454565656A5A5A5505050A1A1A1BBBBBB8F8F8F9F9F9F4242425252527676764040403E3E3E9B9B9B7A7A7A8989897E7E7E9393939797974444448787873C3C3C727272BDBDBD3A3A3A6C6C6CA9A9A9A3A3A32020209D9D9DBFBFBF8D8D8D959595919191262626999999
311
2222222424241E1E1EC1C1C1282828C3C3C32C2C2C2A2A2A2E2E2E303030C5C5C53232321C1C1C363636383838343434C7C7C71A1A1A0E0E0E121212484A484C4E4C1616160A0A0A4A4C4A787A781414147C7E7C9193915E605E464846838583878987B1B3B18587856668665A5C5A626462818381A7A7A5A3A3A1B1B1AFAD
311
AFAD7072705C5E5C9D9D9BABADAB7E817EB7B9B7585A58BBBDBB4C4C4A8D8F8D747674B5B5B3B7B7B59FA19F606260ABABA9A5A5A39B9B99A9A9A78F8F8D6C6C6AC7C7C5451AD12700002000494441547801DCBD89771BD7B5A70B8EE04C702641712605CE034890E220088028C93245451215B713AF388E7DFD9EEDB8DDCE
311
6ABFF4B57D97137BE50FEFEFDBA74049B6AEED74869B7E87404D2814EBB7F76F0F67A8835CEEBFA0E42B854AA5B2BB5B6BCC951A8D52A93657A914FE0BEEE39FFE2FF395B9B9C6CAD2D4C4606F4B7FFF8D1B37EEDCB97587F7CD9B4343BD134BABE7DB48E3FFA7A228ECD6F6574E4786C0FC8B5FFCE2CD5FFCE297BF7CF3CD
311
5FFC92B52FFE58BFF9E69B776E0EF5F79E55CBBBF9FC3F5D3DFFB07F5898ABAF7CDA3B74E74EC0CE20230561BF096E97E05712BFFCC59BC80539DCE83DDD6E54FE61B7747DE17FB8980BBBFB2BBD4337DF487881AAE6C5ACC6AF25207877B2B527BFF1CB3B77FA47561ABBD7F7FA7FE146A5B6BD74E3164C7F51449AE95DB4
311
12200EC539418717E7F2F11B376FF62E95FEAF1442BED0581DBCA1BD2780D23F506AFA16E1A7AD974EF17876F00DD7BCB187A1A97AE51FCED5BF2BC1F2BBE5B3C19BE27B43CF26DE00933658FE129B109C2FFF922CC22C4260FA01BEFB462A77DEBC35F42F600C3F5B0795D2E9E02DAD5E650B4438A92801B65C35CBAB7B1E
311
E5041CE69D3B6F1822DFB873EBD6AD3B6FBC71EBC6C86AE967DFC2DFA4CEBFF1BF54F6276EBC114E2F43FEC60B01A0D440A868B2920E5C4BC10D60931ADCB871F3268B21D3851B08E1D6AD9BFD4BF57F7577909FAB86F29B982571136AF01DF5FE32AC3BD9406CAAF2440A54CF176EDD01FBADA1FEFEFE21FE4C9858DFF418
311
3458A9FD2B6708A5A5A137E0EE1D11A9EC0C7C58B2C73C0AD6B479BD76B7790CF899E287FA5B06FB7B07C9195B7851FA8794031EF1FC5F9406BBFB23375420286399B631E93B08022A785C4DBF9996EC3551874094D71B6F487E80F6837E50F483BDBDBD83232323AC420A18C68DA196EDDADF68A77F938F78FD972BABBDB7
311
B87FB164AC6FC2CB760365821ACB74AED44FFAD7E7431ECD7E08AC421F391D199998989A383D9D98E8E56F84A318C58D9BFD2DAB73FF5222C8EFAEF4DE7AF30D756E5108683DA471E70D0502099A7240F19E4089D3FD203E620F1B47BF43501E85031AE44B4B9F2E4D2D9D4D51D8970983FA861B3706FF950CA170DE82F6B3
311
12CC4F42C8966295F7D725ED29882415DC055F36DEA1FE96FEC141493F05FAA9A9A5A595B333DED5B3D5A533F62183323032F46EFF13EA0AAFA5FBF7C8976F8C10F7280A014832593B90004D52341980D907EAEB73411EB2F1EBC9F507F92746C40E7AE0AFAE54292BAB2BAB67CAE0746264A277B06508168C94BF772BE976
311
5F7BF0B548FE1E07F3B5A521340A5CB5297C4B12811B89E82191ECF3E41B3259C529F135E23CF4C7F961FB13537F5A02ECCAEA76B5BA5D3D3FDF3F2FEFEFB3AA22053E5008833428DC6C59FA2F770595F311F235D427F379BB8A121BD901B96076A388DC4C3C61C7933CCCD770FF375A6E0CE9F535FE2534BF5ADD3E3FAFD7
311
1BF57AA951B6D4CFEBFB8864758A26154430080B06ABFF557610ECC93726224F155D1471041E0D42F82F4891C926C1355B0831649FF365F46FF05300A7A790BD8ADEEB0D4AA9569A9BDBADCCD56AA55AE377F5F3F3EA2A34983A1DE91D810543138D7F28E57FF4E2B5335A3928B76EA1CB9B00BF158C8F63A2E788826896D0
311
B5E7C461949ECE089144F8EBEFC7FB4D8C9C4E9DAD60F7FBE572B416C2F2423ECF8B86C439E450DA970634ACFDA977629098D0B2FAF313A36B3869E37AF7853378CDA1171FBEBA95DF1E44FD5144A420588641B0055A79ED91CC0DC41E27064512FB33F1F04D09D0D2DF0203A646A6CECE80DF28356A348CED8C4F1EF137B9
311
319E1BCD29867CA556AA97F7B757567006A447FD375A26CAAFDED9CFDCFB2BB0BEEE8AA5911BC2C7F85DF88A3775389990AA72219D582409210F85A4E66F2987D875C30848023088FDF77E87F96FD7CBA5B9DCCEF4F4C9FC7C676777577B7B7B67E7ECCCE4E8DEE85E81A6D55AA3BC7FBEB242589CE8ED4770E785D7DDE23F
311
F2587EBF57F50B9E820527316488E5C32D50F979BCA58207297E2B6D658702FFCD211840FE43FC9F3A5BAD9E97E6F21B9FCF16BBBB3A3A5A175B5B1787875B5B3B86DFEFFC687A72674F19D46A8DFDF3EACA59E405375ACE76FFA922C817CE86A89BDD92F400F2C55B7462F610459837D3A61ACF50C7471C8F2F2A9D38C3DA
311
2F068007F80EFCDBFBE5DCC674B1D83EBCBEB8BCBCBC3ED0D3D333D0B3DE33BCBEB0D8DA35FBF9F8CECE68AE020BCE61C112A4C1138CD47F9AD13F7DC6AB9CF9CFCFAF9D0E01FFE6CD503F5B91C5218E2899CA15098714848B04FCE5654884ABF0E554F11F6C21D73D5D5AADD64B7B9327DDAD8B0B7D7D6D6D07070763BC0F
311
3E38E8EB4310EBEB8BC3DDB347E3E37B5842B97C4E44A0C630427E5CFDFB71E03F471E12CA9FF70E055AE141042DD81234B879EB4606361D9328149037D7D76A571A7E974FA20AD0323832713AB5BA7ABE3B3E3D3FBC30307070B0B9B645D93C3CDC3CDCA41CFC6AAC2D64D0D579B4B1B397A7C1BDBEBD7D36657A3CD4B2F4
311
4F4909F2B9CA597F4245C59DEC354316F0587020D0C661742BC02869435FD12CF195C422DB3C5A3E2305C000CE6B7B27ED8B7D63079B5B5B878787C787C7C7C757C76C51B60ED60EDAFA06D67B965B3B672677080BB5329E60E9B477847AE2E9EB53E35779FD37EFCD2D0DDD68AA355B6B0D81860502B8B68C801F5C697E9A
311
D62F4B406244CB975560BAC756AAA577675B07C6D03778C17E7C95CAF1B3ABABE3E3ADADE3CDB1B1B6B681014470343EBA979F8B90383545727C63E43549D14FD0F927E5F1FDEFD7263058FE02EBCD1BDCBCA053496BD58E69BC44F9F854D4D979AE9ADB908824382AC1D4014E9756EAF9CE85B6B54DB01F02F8EA5908E0D9
311
D5F1B3E72188C3C3AB67879B07C8A0A767B8B831FE5E7EB754DEAE5261460243FFF07858D8EF0D658BDC563A2C5EF5833C13C90B69248C4DD97842B61DFA7F210A2F6108A0F96B62E2D3B3F3DD939EA47E30ABF5AB2B903F4BE5F9B36757CF65021E616DAC6F60A1FB647274B4B05B2E5341B082D43278F67D8DFDA48AFF9A
311
13F22B34C7586C9992BA6E66CABC190E313E7C811AA57304B421A75B289B9D174CC868C24548823E230B9A5A2DCD2CAFE1F98E61C015CA7E96B083FC59F3ED06EE60F360B3AD6F79787ED278D0A86FAFE00BA9220EAEFE1D5DE1F7855939C3FCC1332426B377F692406E022C010DB437EF009803F0DCFD3B7C94440571D8F2
311
C328F115F47FD324802070BAB43FBA80EFDB92FCA1F7E7CF9FA875CBB327CF9EB08C4DE4815BC4210E2CB7CF1CEDECEDCED5B757490968286899FAF95583BF46F9393CEE6A86D6F618CAAD9BFF0BE22B042412C5CFB50556815CC5BBE33E9F61ECEC26A9BCB8145FD10590078F9C9E953B513FAE1FE387FAC246E14F9E3CE7
311
F5F8194BD6594140876B6B84C5D6799C61A16434201E5237582AFD75C07EEED9863F463284E2E13425A036BD41061259289B6BDC1ED656FC8B8592C9D00701E27CEA749F0D8EF44EAD8C1F80FFF8F8F9D513191F6803384C800097F24069C407CFAE88136B7DCB3D5D4A60B711F19070D83235F77331FD35E715966889038E
311
2E0B346EAB7936C4162043E1A1F144093695443A570144898BC4079CEF1912809A3035A1D3F361235F90FFF1E3E0FB93C7E2750719F88E7D8E68123883ADB5B18185AE99F1D11C1238A792DC4BEDE8EC6FF503DF377E0445F68FAF4E08D43082D02170F30131A154206CC559A8D9CFDD762B31273E4947A581E0D9BB71E33F
311
FA07CD02CE2A6BE1EC80167497F2A81CFA3F7EFE58D0CF5D5D170DE4F89070B0BC4040CC17BEAC6B0586C3D3FF0309BC06F44B04A1E13729929B4DF73C44070692C810B08AC3012E8EE9EAE22067796288C193B2139B970B86F47FAD0F98382B1E035D9C32FD318A4FAFCB274F2E1FA772F94411B0CD42493C23393A685B5F
311
EF3E1ACF554AF5F3552A478383374E6B2FDDFC4F6DFE38F4F4ED7A7FE838F488EA852482F412D3CB07E293D02C9F074F12E84C5AAC423271450572A385449844706475FD38DC3C22486A0639E5F1E38B0CFE93CB4B25910EF309A2224BD8DAD40C682C28341AD69047E8539A6AFC14EC573F7FAD10AE0FE6EB13E87B28E093
311
B513B5803514DE408809BC12A14876DE0A25F643009E9176D9F0C330164285A7444DC8CAF0E9FE41429EE0A2F6A6DE91C0856C501272404A8468822E24C807030B1D33D40D4AFBDBABB411D093D88C86D7205E05FC57EDD1F805FA4CED5920F0CED39157E007CE21757C5DE440ECBCB46CD283E378029B43FB077B4F47E60E
311
9F61E8D01BE017D7E843EB49F50A2028F1E442FCC90C9EE308E4C0C2C94EAE30B75FAD3A0EAFA57FE9EF960F14BE15638840EAF3BA490BB6850EDB38EECAFD21A0C746D0C4234DBD035EFC7EDD121FA585FAB73DB89FE6A03CF833AB0730E5E2F1A36CE3F202A128934B44E396961121E1F2C9F32BFCC0C140CFE22C1CA8E1
311
09B182919696BFB98120234F61B59F7BF46EC30CF067B21A33B0FB3E402448EE266CCD93135A8E823DB31F85E677434E608F53F8100BC0098EA2FD6BC01770E0F2F2D1E5452A711C4BB8486248FAD756D852026B6DC90A2AA5C6B69E9068B8F27AFABFFEE8AB36F1D23985D5960014FD711940800B560250D2272CC54FF1D3
311
A660B275AC3881E349689C1616E1E9044129D032313509DE4700BC867C71F128C400159407C761022BA8A040F40A244788808C60B3AD67A17576279F6F946923191921B0545FC2F12AC0EFEFBD7262B6935679FC7F80629160ABFAEC88E8430E76D82A8DE62ACE50BD4A42FBF03B387B37FD321B37E31C3F063D99703F5160
311
E6C9E5A300CF32A91E0A085A29C0FC507F6C21012303C6104B82C1F1E156DB3229D1A855A32A8352C9077AF733A0AFE0FB3EF81FDF2F0F82C21B0EB06998866878B103305E31EC17F4FD43831E570A2118D1667632D4FFFFB125782F96168A833DBE78C3F11F8383A79D49F58F1E3DBC780417AE6581381E8610604888E291
311
3E12492881274822C221AD04CB0B1D273B8542837460898C686864FF6F801E8269F40AD0481DFAF5E6E9C1F3BE391C325004DF0746A4E4448F7B52C0D5EAD39EC46896B888C4210D68E99DFA2820DF7FF850EC407EB55C3EBC5028611409BFCB8889C90F1C52355AEF98B18100094C9D0EF6F64FD47E5CBF3FF5293DDFB4B5
311
0DDD54F351446FA1F14580DC3902C085F593CB24ACC917B213BBC11B3F0A61042FD8B24F4FB9C4556D0CB9E1A880DE89934CE9607F18F81FDD950DD0E1D143F41D56110E227C250621FF098838042BC85B5B6BCBCBC31DD37B34966E9FFD9936A2FEFEA9EBA4182E5CD3E17AE35501FCE0707E5525A7DBC64DFD077825BE37
311
CE0BBE1BBEC061410C660B6E49912665E2B3749C7C9F93834022F74CDE6CA5EB501D9CBC04B768292C5CCB84478F3CA83074092C6082169015E5800D5839DC6C1B58EFE83ECA513BDE3EFB8EF1242D2D4B3FD55AFE03D42F8492AF8A3F21444FA2FA9ABBF525EAF84C09F0168527B0138A85D1EC0443C467B28BF844EAF763
311
23BE13D7C11F72FED783837B970FEFDE7D7817E077C17EF7E2A1C2C0FE851FE4C008388C15E818958746129E1009D054B67530D6B3D8DA3D59D82D9D57CF70039FF50FFE0DE94089DB269C3655A4F25B38C49D0BD48E59F1526887C18FC5272197F85CA72862A593A4843CD25F920487DDF7AA0441A2C0600D062001F103FC
311
EEA3D8560CEC3EBACB01CAE5A51E420349F602191E5F901893142381351CE17047E764BE50DEAF9E4D8C38B6ECFFACEB141E54A6865A88A60133EE9CBB4C256930B0B168C1C3AB59FE1743FB422C7166082E934AFA5EFA3E4BCE0B69362FA7041818B7FDECE1DDFB4D022007CA23E521F0700AAEB5888BBBF08023E128B404
311
5381542FA256B0D04E28A0C3804E233A1BFB476A2F48FD135BAF9843BEDA3264EB42BA499601F16B566E72C7EA35908ABCB9176BBED43204C696AFD3D7B24B08D3AFA44BE243D88A6D9D0B6562B52F741E1610C0EFBBAF2B0829289A640EC4C8A4FF66A24430786CEBE1E1E61AF9507BFB496EAEB64F8F49B4129EBDEC065E
311
C1F8A3F228A3CD0950883B41BEC6D1944AE06147289600A7726313AC69A3F91197F1438BCB743E76F01F6EF1D1C854071670FFFE43FF1EDED702EE5A14C85D0C42DF90B86068800659AC88981855E3E774A71C0CAC2F76754EE7CC87C808D1E1E0F6CF47FD4224731337BE1E39C5010823EE997B1491BBD99FC8D8EF77482B
311
EB5EB2CF66499A8E0F7511B19B3EFBDACB6507BC78731B1B383D02FFDD7BE8DD9256F7D0BA7B46015941097B80018F700FFA024CC08078F51806100ADBFA163ABA8A3B95B9D2F92AC30BC908ED31FABE0CBEBFFF0279B675868F9AA24E9530B08C174055B7F48E4F58002F3E82F0BDFA003E8B431EB6C4A91E4D9B5FFB7912
311
65BA8827BBE5F1BCFA7F789F72F75EC800F8AE43FFAEC42F13009FB905A9A0132015D0068ED7682AC608BA6771038DEDB3B33082891FAB1ABF5614F93238079726B833958796B845B731FCB86316713C1DC581B1E19B424EE32674093F80776F7E27C6FBFAC85C536CD955B96EDA2A3FBF770FF4BE11845470EB3E42D02200
311
0E0FE07D161811020742162444668308801E133A4C163BE68F6826A5523071CA78B2FED51F28F8C70FE4190073A3E5D3259D7A288CD19BDE623F10021BAB0C6E327FD507B2741627727EA00D31856492F9F009D7F152D930704E642795C1C1B336E0DEBB7F0FDCB79318543B25341F36802D64A981A690B94259607DE0B19D
311
466BF8C1C5E1CEF9A3FC5C639FD6117B4BAEAB453F8EFBDA500A67E8BAF76C8A06566E36EE1184E8329419161F83D843D5DE7D8221163E145F56921C3EE383978072129E290A9B7166E63D26BAB1FCDBF710009E4051842390031845F20077CD079407C575F20364C4910ED2A574BC357630B0BCD8DE39335EB175646A6984
311
58F6A346F003A93002E846FFE0C459B8006E506D79BF902908A0AA05CB5E73530E33BA1D3C2EF99C712B7C8B41DF4D2A7830BE8707485FCFAEEB85A09AB6D39BBF7B4F23E00509C20DB04E240822A4B810E04D8D53D10D504C059ED86BB8697F514777717A8F8144D48A4C89077F7EDB00E2D89DC02A7B975640A282C49A4A
311
A84B70B12BFED8EA6584860DFB7EE23FCB00C6BAF7332FF259FA3C9346508813E372F1DDE425065BB61FDF8300F7EEDDBE8D0C6EDF46F7D8823478590AE23759D60DA6B7A9F125EDE8F4A5D2B37470D0B63C30DCDE3D3D59A8D1501EB1B0A5377517BDD6E301F995E3F955F0F58FAC2E81CE172A8344AC03DC6781939D2484
311
B8FFC15E8F3ACCD3954CE19576B942D0A029188EC7013FE59AE90B71292DE774F1F63D60230180B30A2EDC65291B6211B4081128856001A680015CE000708254891851D4B3BED0FA4D7166B466BFF1D2A924885AD12B387FC0FCE6819AC3AE06A7AA4B715F0927B74D119D4A668FB54B8A8C268D8B038A207D10A7B1E95E42
311
195B695BE0240F7408B311257C23F581E987C180140C584A02B1670CB817CEC0A080F259F1360E58452013200E3EC107AC1DF4FD7B0F6D23F33347F9527D9F51E6138E31AF35F1BDAAEEEBA3D71BB402E2FB47CECEE96B4DB85536772B07C82A34F3E66D0BCEC207FEB9E70643761276F7B50D5EE963CFF80C7AF4A2130F5B
311
F8C4EBFB5F07B709840480DBD8007FB7EF3F90104908BA457D43AA2A6A02C91422285E5AAC143F3313A0CB74D9D164933B86C25587134E8D342B453FC982860D09FD13ABE72055ED020E85D3E312F74C25CB0293D978A1C4001927C80B86FD06349126EC219F0C735C8053D8F5F310817EA01F1B7851F406144C211C6362C2
311
7DD51F1E310C0102280ADB891E9B085CC528A2B1369A46BA195B9A2B351862CE43174BA73FB7CBB430A5798F4C54B7333B96C3224A9863AD02B9FBD8E63092191924E77C199D92887DA594B6DCF0112857162FD0949FE6A441F5E62E42FB2105BC405A2301A3424601DC807912CB2C39C604A27908021CDA30C4C8C2019A88
311
3B3A8BD393BB3546136EAF561980FB63E9E035FF73B96D09A905ACB2C11D79571C5159026227DDBDB81396EB03F14100BEB66DE1FA9EF82C3ECCBE318119C4269FD014E66361FC8BB0B4EA9A98EF3D8848A01360430284335004C183CC25BCA82D2302EB03B8419241C64DF4F5ADAF77B533BE786334BFCBB8DA72BDBEFFC3
311
6103AFB30608A0B39B58D93F0BF42180841DD26BDC22CF0A770E90240006BAC65197D90920131C7B2EB3CFD3C71C6378A305EE8488FC1FF8D391E2BDDB0F6E3F45E7C8207C419800DB410073A3173942CA8D5242642A74496FF115832A6314D9FA4257577BF7FCF8F8E8CEE8DEDE5EBE76DD3CF892BA7FB8B90F629431B552
311
5E92A15A3A4A6FEA3FDD73136172060959206591F4C927196CF645AA285CF3014630121754261C0D31E1A7E3DA2DBDB54B04703BDE3A4209F02045C4BB0F529A14BED07098A2A1CD47513DA64B512F409BC01663090796D787173B5AA141B1B39BB470EEBCF1E30F9D263ACC4D05110797CEF7B923B027F089F74D1D06F0A4
311
D8C0CDA6604023FCA45B76C5CDE0BF3845ECBE13E0C0ED73700A8A753C1AC8AEFFF1B407FC8A20F42F0D94019121DE304077A027D4112283BB8FF0072444D68AAD111D6F591BC0061854BBC048EBBE9E81F6A33A95C21BFD13AF3C7E7DCDFFEB0DE8903F77B41DF178E99C289895B0EA8CD640549D68935BA7C5294E0A1D66
311
DA0CC419BD398E6265789CA1241441AC94532A3C19C95340BEFC68703077EFC1D307B71F3C500859C11494838E902203A2BE90EACC5135B80B078804340C920C2300BCC06F7A1C71B875DC572C9BD1D84BD5FB9363CA6BA7D03E5C40FDFC54FC23C9B4B9DDD028787D89219038523BF64E638BB37CC25335937A00DFD32869
311
C5B390C8C32FF25C8C47A7181B4A599A224A9DADB0E0406FEFF9F183B7448F081E3C55024FB33828784AB61704482CD0160C04174F9E33BA9291D58C2F1F1B1B3B5863B0D9F3E51C35C253D54A23E560E2C0CB3A6F7A81382601C2079CAE96B7B1560D20A341E85A928A4E01083256420576C2ED477E2E565FD9223BCC691C
311
F394D3D8E281501E0EE5C1C8159E92585D255CF30CC854C75318006EA4A01028EC853F9407C6053910BE105348324002260254886C156260F9189EE0F8C9A3CBAE9D5A992184568A69D5183A7DB97DB089FDC57AEE54F858FE54F577DBA85309640290F2D220952620750C5811FB772A7876D1E4040FBFC6474D51246D8B3F
311
B378283FB514F8AB3C20B8BF7DBE5DE541C9A5D3D38DDB30E00151E02523081BC89C2214103E0BC1B3D0199A08E002681A2613A2616CEDF0F0F9C5DDC75DA395C25C0309C03DEC8091A4AFD3FEB504AAC6633930556DAC86EE3561941E862C4A75DD6B6BB3A0C59BE153DFA73EDFCBC3CE2188D3D378FC976D0EF9A95B7C85
311
32F527CE3CF539581E0FE501291E9139FFB65EFF5DBD8E0C18DE3077170A64E033FD278F18068028802F156C3809FDEB11B1019C208D020C9BA2870457F0F8E1FDC7EDD393E3B9FC9C4308E9315704233F960E554802C14716B0B45DAB5EAB5E25AB7830EBB8D25E6CA94E4AA01794FB1EE164FE9F040FE82C940A4BCEF913
311
075D087E85A7237D3CF29C47E4E676777779528C4781761F0BFBC1D3A77880E40C9A2E5109180D5255317890394229F0F082010354082D574F1E3FBAB7D6553C2113DACB97BEB5526C7C6F69F9310A94C46CD89FF8F379AD1AA035FD00FF3F320180F01417A6F255A3A8D86319FE0C0B0E06A0DCD33F79841339C01E5BBE19
311
11AFCFF7C1E0A540BFBDBFCF2372352686D863F83F59CB6865F43104007EE06F52406F680341102048A01BB048823082CBCB0B6AC48C313F3E7CFEF8F2D1FDC3D6F6F9F9D9E98D9D7CAE5EADE2A6512FAD7AB526E17F600C85550DDE9ACFE9D97E694513103BC69F8A2813176032C890C1E9C49FC09C61670FF8705B1D7386
311
260E7C8E7122C7F8208A55139E8C8D4763F7EBF5728DF9C34677364E3A3F9AEFDEC9CD95470788834F9FBEC512379890B38C94205B2557987C4186DF5C0837608DF0F9F3CB87B7EF6E920475752A01460E556919B2B64296FB9FB70DD5F47232A0F77465BF140CD001F00ADCA175090E2665A14E6329B62660E02A1CB50C60
311
25E3DA252A670B3F0FFAA5EAD94A509FE7036B159E0D1D9F2E76B7AE1FD5A606198D3A747AF450023CBDFD162278B9446688111009B4029B0F2180AE20A542D40610C073B47FEFE1416B2B12200F3C991C2F54EC2491027A816B0A34A9D05C6F437AC23462385DADD75642EDDA738AF1600DBE07EE8437804D2D011A94DF71
311
C2085EDD40266A407FFA1D1C00B0C03927E60338E3B9D8C47D1F8CAED578E06F7CFAA4BB63B175FA7C301B747CB377F45192003CB8FD34B12009224543D8604494011A80C1903CE0518C986208E1C5FDDB8FDA161686873BBABABAE74FA637BEA894A44078C19696F326E057D7F95D061A6B0394A9D5F2DCAAFE4C2388D8A6
311
E9AB7695CB0BDD0A332430F1A9333DA41D1FFB97FA09AE84E738C75C407C260408F8DBD5EDED7DE1570A7BE333C54F16963B46AB0C2B71208EA3D16EF4EEDCD7005241166C005A73C03164792151205C007288AE337B4D7103741BDE7B7AC913350B348B2D767515674EC6F72A0402BBCB41C81305AFCF05F2758D3ECAC8D2
311
6AB97606DB9581A4B7A8FFB068CD5C0604E6849046B70C2B60FF0CDDF93C13822B4E82FA0479A68220E66D9FD775FB3C1A9CDBDB9829B6AF2F77EC9E0678FB20ED8D1B1A1A39D10F9812E20D6281F5673121AACAA9C53424000DAC173F7E18C3052EEE3E78E7F1160F5AAEAFB70E0F7775CFCE4EF384DDEEBEB9C0889D5243
311
BDF557559FEDE5F17AB21E118C4C31A3DF6A96B56AC62180293910ECD6B721047664BCFCC6B2DD3C65CA0F0C823DFEF84083C7ECCDF05898EEF158F4FEF97EB9C123F1B9D1D1A3D9F9AEC5F5CEDA84A3C96C14A55584D62893D6A54D8D2028D05C8B1F124884543F3223B29D208B04910D3FC43F5C52196AEB5B5F5E58E8E8
311
2610F08C21BD443801233C0CE8BD1E40F84A1CA86001990048031ABBAB11EF83F9283EA89F181F2A0D9A9F62D94B7F625FD727E6A93F63F200F614F7CF100D4511C07DB45FC5F0CB4CA359ABE4774631FDAE85E599EA0878A3C33D5AD6430CF4C055EE5FDB80629000D7855DED3F436F3B61B3DC7FFACEFD2B1BC6FB069631
311
2CFA477CE87A87070C7998E04FBA78AE3F915A065E819FCF35B410321D9ABB308146A11AD5196CDDD7C477A171C8AFC74B45CBC6F641AB53C8D4ADA5870C02379BC0470CF83DB55F073E29CF5CE5F7A3F8FD62EB7AEB1774C2C6780B9523F9287193FD23DDB79FBEA513B45200E2E0C1B51350163AC19043C600F2C1DBF7DE
311
BA7BB9B5457BC0D840CF325EB0BBABBB786D301437000020004944415472B491ABCCEDAFC0591201CAC8EBFACBF367FE7B6E40E69F551BBBE7123E3C00AC560CE20C62436E8C3C54CC225EE08C0D74CE26148877689EDD004FB2BFBFFFBB984035373A7954EC5EE8591FE531348654514DB1D1C56411DFA2A7C212BE5ED912
311
78F2851A432244C6822C29C85A8B320ADCBDFDD63BF71FD32648E7D098CD018BC35D7FE89E250EF2AC75F96C15271602687965C844B8807C6E7729D93F22E81D39ABD62A0820C1FE9F11CFA7208125D33E96FD69E83AF6052DD32D49FF0802CD9F9DFD39260389A950887A647CCC99BAB17132DFB5DED35138FB3A060F6295
311
AA5E195BF0BB56495A5A4A8FA440026E46A047D40ED2520A441C302D240F201FB8F7E0EDDB0E12A04D8816215A0579E8FE1B1281E9F19C9900DE79842E2A7CCD48E9876EB01C75DBA0E0C8D44AB5512947A00BE7CF5DE9E1A6A6BE43CF1A78783DFD5A404E4477336C1ED8B18908B2A847B2AFE9839E891137A6673BBB96FB
311
BA2A4B8E9373B001F08369BA11BE8ABC4302FD2345FD6014A127068427D007BE28B41D9B0D40FFB7EE531FA673C8870A69135B1CEEE8D009C08042A5B4EDA314920B635BF941E7487E45256439DFE9D276295F87E698389CD49FB394FE19720412DEDDC40E9CE9C6DD605E0B719FADC416CB15AB3A61F9B5B9B9426E54F81D
311
8B03DD950946D432B40CEDAB7BB5AF11213CBA73C9BCCCDAFBCF06127C7980FE6D1DC9B4DF14832D6568FEAEEBA76FBF438300B541064ED33F3AC0B0D10505306FD370AED02859234402F6C3FED006766DDED2034D90D119057225EEE3DAF787EBF30EC51ACB4F551678BD6728E1944730C095F13E4D81A4DFFBF67C5BEE37
311
E62A85FCCEC6CC6C7BC77A5B477E22223ECA4FCC0F87E2A5E3EB782BDB25B8CFC6736A044DE5A7CDA604526361D650484FE283B77EFBD65D52C1C73C4F48E7D0D81ACF572F2E2280F98FB230508FA906B42DE240ED651B301CEC83DE1790C9FD96B6CBF986BECF3BD332C18EF627A0B6EECD5B152E02088D03D828AFFAD26B
311
05BF671B4F9A09A8CE0CD2707F67F2A4B3BB75B9ADA331C1305BBAC182FB4A79820B7EEAF73199B8404C0B81231CDCBB871B80FC41FF5860E8E108222A1A076C29E6E03B6F3FBD4F1F295DC457573C7ADED636D6B7B8C88413DDF3B327E1046AA51040B40CB50C7E3F1D2E44DAD34CFA604029BFFBE714DF0C069908027EB2
311
75F1F366C132E1A7450B04011CF82B2B647CE754F650FF6E25BF37AAF65B7BDA16CAA791F1D09F6CAB989EC5AB7809BE145FA459E8D3E4B0FB47DAEF093B946FED585B80FE1A0305FD5330FEDB4FDF79FBF6BDE81D8300CF6815E5F9896552412A03F31FCDCC7CB5E32365550CD9365FDCCEC8752E943161D78047336F8AF6
311
539840A1F2E764FDA2970999F205CD2BD1F5CF496571F76EAEFA0E1CF8FD2A55FD06391F9EEF8B9DC9994E72BEBEE1FC928E2F223EBA0FBFBFB4F2DF137BC894B8087643D64ADE6EDED67F7680FAC9060239E845FC94AE93D880F994FBF71FBCF5F66F9F32C292EA900F9C1E6F1105E81C5B5F58A067A448143842008D7275
311
EA3BBA3D2516FDF02FF79260020D6B3C714711F3CFB61BFF56A826E627E82256F7400FB387FEF23C1C1E77FD6A21EBB1B2B35F2F95E7760BE1FA3ABB3A981423477517EEE36FF96F122B942F6FB64D9502BD1B9089162532A2FEFED255028FE653C9F46FA321E0B588B7DE79FBED07C44106CC85133CA65190543004D01D02
311
D8181DDDA5A9C91A7110805B7875B689FC3902200FB192E7DFD936B37B57D9C338BD49E99E181F4E5FCAB2ABC1CA7AAB382CBC7D515457CFABE6FBC63D525E5CDF74B16378B9AD6774A58531912D232DF01BAA913DFB7D3AAFF912984302B84D0500077800D26C60A4742101DE420C610C2E92FA93056022EFBCFD5BB6B386
311
51470CD33BD87630C05831BA864C85997B8754B05167F0706499DC442FCD22592AEC2ABF3FF13F950039BF159FA9B36ABDB2778EFF83F70972B83BFD3F4899E64DD8346AA495CB155A7499F2CE39B0AAE755125EB84FD8CF8D8E4F4E9FB4B72E8F1DBCCB98B31BC4607C2CFF21C8145FB48EA0F2159F86A3098415609554DE
311
FA7B27EF1301033DD06D274BAF6821D220DEF96FA4CBB60B3CA241C021D38E1AA76B4406B4767576166766A6C7F77273F5F395291BBA19F64F2E3095C14F3E60371827741CB27E89543857D6D96BF9A47C6A9A26057840332EB843717AAD171880217B71FCCC0355AED3D4819911F79D0EA8AD6DA31A83E36C5DC2D470295C
311
011302387069158F6C9966022367ECF1D00BA9BB95C389AE7B6105A1FB640689033A7FCCFFEDB762189103A61C3A4FEFE0D6A6B5A19EC5755A443AE78BC5E9235B047890A65919A0D2F96AA3C01CEE913BB3ED239C3E0CD8DDAB99E4348BF3F8B977B6C43DEBEFBD7721A839A63B94C06A10DB87FCBFA3C2932F8C26F88B6D
311
6BB30C3C4E09AFE40FAB52EFAA1EC0316920E031A46D65A0FFE45A673432E907FBCF86717AC04F2CD0EF512D665FF53F05BFCDC43489F150890C60A8E0314E70A06F619D30D841189CA15D3417F3CD50191AE4396543F0C42BCFD696C58DF163F5B46D708BD5FDDA5E5E5FDF9401BC4F7E00E8A17520833D1CBFF495B5D1CE
311
037C664123EEE74737268B5D1D3DBFDA6AAD8C08DF2C0BC7A737E10AAB2A7B958990CEBF556CDBEE823CB09FB344143463C630CFFF585D330CF0320E921744A7918280FEEF981161008E9FBC78C830217A07B7D6985E83F9A79884ABB5AB383B4D7D788F9FB3D867A2112A43F19042B33A108690CF6F472F8661CFAC971478
311
757F6E6F2F7AEB82FEA85E5715941778B278281F28C268AB24BDB470EF3303E09C359E9DF1CF990D8A096106E6A66C8620DDE7D281DF0B2831F20439A30D68386CE13E002F7EDA8D7806162B205D6A19AA1FABFD6B1B400EC2BFFDD66FDF7E8755B4883C043F43046C1326136680404F1F934EBDDFDD39CB58A98DF1BD7880
311
E0532E671FA1435E9D6EA5E9071000BE8F262E7C4044FD95D5FD526EB40A05A634775F32205C3D779FDC168CD5E56BF982508BF572BDA4F6F57D3304BE9EB18149461B12F760D7485891CA47CFC44909136FBF4931716A2E100123FC6CCAA6A644F25EDF4AC980B14039009BECE8B798BF69A05DC5B6885CD23F8E13A46FF0
311
C0A986D617F001C52241801E87C2974C31411DA3A5D7B6175472763D637D3E57C33B908F867F4A59CFCA7923375E5F027A983E18BD7BD4E6FDDBB2250C1529F4202EFAAF979DFFB1F2612E87EBEFEC58581EDB9AA95AD1D7C1905F7305BF8182D5BBB524D47C4E3B81CD843220DE1E6536497C0962C225F75A2D6A998303B2
311
3FC501F0B3F736EE1FF01200FC8C99F5515207C9C40081DF304C0A17D06E26CCBC5B3C47459308178301FA8057C2C0AE9D99B05F038828B08400F2E3251254DD7EB8BC4853B101F99AB48E387457C96951E5DB670648BAB70A7B04FE93EEC5F5B183F9739C98952C6845C380D401B8FC86E70A20744EC720E09D35955D96A9
311
041720196D183AC2CFE6AEA816652D0234883D788BEC8F5DF2615261DB031C2381092401B48D8D2D870FECEA9C3D99DDB036C8A051058030E32190976718C89F031DFBFF2EEA3D88606A8A19BD0AE305BDFD12BA4FF46F1A0002B07137989C748936E9DB2C91F43B07E4E4D16C3779CF5A4FFE8CC981F07C29E34B7C012AF0
311
054FAEA4A6A3D49D3A16D2B3CF220A029003366663053C89B3FB1827080DEC2780076FBFFD8E39810CB0593CC68B5D9009F2D400418028B0BC6CC74067E7C9CC0C2690FBB084AA5254A12AF63543B35EB40D17B693F7E3464D5094C00AA9E04E0E0524F5C35C5EC6BA94B21AAF2440725E2A9FF94FE7A8F0E769EB83FDEB03
311
9B631B18BF396F5C13CF89ACC02C387DA56DC3B1CD84B96CFAAA37B55FE723B611062258257D331F186AC93D8AD600B4FEF4AD777E4BF68F2168FF08C081A37AC13446C859964803961928476D78F68419390D830C1935B5C2A0A22A3AB17D3D6428BF12DC373B8D464E04C0A496BB3B3B75639DCC2500E0F0B15FB6F47B5A
311
7ED0183A87CAE8D535F2EDBD4B3B7FC762DFE65A07C30B2851DB890082ADC07131EEEFA3DB7DD5CD32C0860CA83CD4B7993A175F422A8149B1C1D94C1145059D9C78A8A572A90B7C8B1E3392FF77A80C50220880FF3669004E90F101740D2B808181455A044904674E7482CC3EC85C4BCE339404C0B0BF6A5611E4F9B8157B
311
AB6DE327EC9BFBA1B4557ECB609C1F45326499EFB90EE78F18227F09E563C9E63D847EDB3B68EB9C39E95AC4F7ADCF7D87F6752BB6912040281E4A0D8A8314E80D60470999B8A51FB1488A66A9F3F81FFA61C83F4FA6969E472288FADFD61B005E0EA4284822E018911828E868614DA0C36E11F3A051070BF2F0840E35F200
311
E2C0C80A776CC9E7E6841C0503D0EDF15ED9AFE527E798D23BEE5F0604E58DFB7099D739BF0BA5D332EF29F1535995BDBD0DE681C4F71DFE6A7AC5A13554AE6910963E9ABC9A0DB5B202225545F5CFACC942B5B93C207352B6E5310BF349AF200175D7DFDF78F6D683B7C87E087FA9B35812C4F8F13452CED610A2207541E6
311
D659A739441F3833CD0C9C3C3DC2B0712F62333C4FA9327C9CA1124904B4FDE0FE21C119776CB0C212AAFBA5CAF80EB43772ADFE77CD9FA8A4144C54C2FB2304C65F62FC3678E4F6C68F30FEE1BE8383CE7DB86F58B1AE0C51F0F055E188D02F00911DDB0991832228B3172B3E623E513FF1734FF414A611A603163F401BEA
311
790FC9FF7FC3FD3DB02DC00184145B850D01D120424DC03C00FCEB7880EEEE939399F1F18DBD4AA54C939899304D913CC2D5CFBC55E50C7FBE4C0E14AEEF53D6843DFF56BE2D554637EA047D3C210E2C61077875FB5B40E19F43AB7470CAFE1C0D3ED3B3B4778D1DF6D4F837C08747180FE8394F2CA1E0A46B6DA62CE2B2DA
311
BEDE0B1924098580FC16B369730E9E90541D3730D47FDE16EE1FFAD3419CDA05ED1F2715C607F2E81893AFC5936303F40EB776F1D808BDE393A3FA401E1C706E154C892860AD74A2949C409E28A8FB3349C764D13E4D1D3468952B7B1B35001BF41142CAD58D6011C8B78961EACAB66E9AFBC627673B61FFDA4167950A2741
311
45BF11EA17BA9AA60815C2C43AE1F648E3772E53C94E6364AF826019E723069A8AA353A3BF7FB5359281700061FF64C28C10B9AF0B70B0B0D30A31CD1CFD22F68C76DA1E44558869257892363C091D313EFA46B57C3BEB252E9C6BF5B4799EC58F1910F469E25AA17B343799DB3E33CF410061F96C6D63FA91B1000CEBB7D2
311
971BDD39A2A76361E000F5DBC1688D47CB812DD60F8001AF25B328D173A9E4BAC18CE9F1F628704330741B2649B92E9714447C68559C6CD2F681919367E4811100750058809D0230C087A89FF3C80C23C4C60882E481F48D531764BABD5CCECA308DE2F63D3BB50373D630796126803C2D1FBAC148F7592881B395ED7D26B7
311
DD38D7096AF98841CB37592561D9C6565317AFBE9FC4AF7371E060736C7635E0CBA1809FC80F544DBAA1F2F9393D970D44C0615A0C6930E758B9E63AE690F73045F0C8C0731DE9CD80F718E94652383458799E02C06D328010011C7090D8C5E5336A83D4059953877EA1E1D66FBE994F04608C4C991917230FB61F9AEE183A
311
40AB9108D032449FD1A7283DD25ED15360EF7EA9303EDDC0043403531EDEAB10DFF87F5E2FD56DF0F1B701A9F614DB17FA0E0EDF6FD0B1622A81FA3D1DE5A33F551930335C353A87F9AB05C60455193448246944A232C5D07636D864CDD7A50D0B4440CDCC465D1C418321F50E1648D500294065D869559EF3C40C8FCC6C32
311
3E989AD0F0C73142480B200842802C061008B480A9954AF282052B3AF67350FD0DD30D1F4075AC303A5D490250F5400ACF479656861E4C77AFF327F3EBECA4B57B6B6C8FF62602BF150744656A87DABD7BC6BED50527B2120C001A0B3718C74F0C65CD34F275164D7968148DDF259AB8AD6CA81CDA4E8819509B996A7F642D
311
987A401A2B04018C01E6C169A8700F9DE3B489DB2BC49C9B7B858A4F50D22AE15428FCA4A1EDB20C83492690CFE361CC7F8C8066FFD0D77AEE797977F468A36E0B0DFC87F90EE6348BC748F7CB73B5B9DD5C6EE7AB19ADBF6DF359F1DC2A0F9E44F213F8041F64274C0859A2AB7C37440FEDDD2F95BE44065F22067E3EA0CC
311
3BD8C0D8194EAB291CCEE20B9CD8E02950AD806080047A279F19024C837C848816719AC4A34DF8F0706CED904E8185753A458A27E4C1E37B5F30A104932BE140E0BF4E400160F320B054A8705042FFC47B4940810173F9C9E97240C7FCC3F3813EA239B745DE9F1B1F3FC2F9330374DBD1A7B475923F9A2ED81716D18D1B57
311
7DAAB9D1A0458655AD3CA7E211867AE7C702DCACCD291E0F798013DC01BC326087775C0833E04EA3778FBCB8DA4687A0255CA0AD210C15661E4E92001A4449031D1DD27D327334BE830B64DAD90CBF537A45FBD4E94A7A88888E715B7E74FCD040E818BDC1BF5AC609CCCC015DED23877080FCDC47BD8EF3A7B783A17D33F3
311
ADEB6D6BC7AD75EA7C7852C5B6FDADA6AFEFC2D181C03F8C40DD8A4AB5024F0B72E34B57BC1182472DC80946789AFB711DB7F1193C03C893B0345F420246114D3EA71D04FBA731C0DAB0D3CD311B218F0D5A15ECC105D02F3AC32F13600084731A83220040019B03180634B5923D438300B05BAC80881F061095FED5D572A3
311
323ABD83F1D37A2301A8C930AB3F66ADF7CBEFED30BAAD7D78A06DEB6A87F15491F5AB7E25842B6B34BEFC12C8A159F187C64B3CBD2356DE5FBAB98BBE9583F0E3280C0076DA15BF34C15238145742B07080B1EFB83382F9FEF2239D003541041083C5AF9EF3C8944DC2030BC3ADEDDD9D27475800693049E05413BFB3FEB4
311
308731512F13400D06F813368A0101D8D863EB3E75FCCADED124F532AD3F123F131AB46A93DF1ECE7F96CE9EB6C365C6D6A07EEC461FC919FE288AF7AE1A7D012D291EB073735FF26BBB1C99FB706E972192819B7A34BF22424BEA1CC7958AC2E04BFC8E02DB90A4A1DD04811ACDBC181037864672C78F6C0EC3073A40CC49
311
D5E813593B7002763BC6A909D31AC86F3F6E335C9E1C309BC58F16418642E2AF6B290A34FEDC0CFEE08FCA0F56700699CB73B9C99302AA17BD516D7F1FD755A2B32B3FBE7134D3BEC813195BD355020A7DBB541539CD2C06E45F46FC0EE08293E6C0E1972176D9B678340AA1A4823404EF79B1E2347E47C35D0A2260730E0B
311
513025DC0BD1C07E3366E9B9D17F767405FB531070700035618606F0B40C73C974CFD321B0C174A80C0F3AA54945FFEF348F5488895713E89B5C98DA501E06D8D24FF04FF0CD7ECD7BAA755A854EC6A180AD13BE094E8D5D63BFD6DFA5F5D3E4DB1BA18FD8473DC6E17FFC9832B71A2A94D96E808BB53F9192955D62C82E28
311
2B05168AA0927D54AB20A20A74800B7CC9655C8B15F62377CA4C91641F9F4D0478F4FEFDCE273A002CC0A725EC165CE3A149F0333E8E9600B2C05A7D15FD831F0938DBE5D0FF13E3C0F0765965A0961C3FA86DEEB0E28304747BFBA5FCDEE44C23544F7BB7BF7A132DDE34F99E44EC3FEEAE92F667A10F7E90B0E8C6442DF5
311
A5318B0F816311DB2E6DC6F172C363FC800EE09186BB9EC82A24C0117700CD884AA42023B81EA6E0CF8B3056411110D78606EBC5AD5417B45BCC8E61EA01C4006AC233933E35D860BC1B6CB9C9CCCE7840D2E0C1C1FFC11CCE54D59300F2B47D66A10F09D8E24B71B9BDDF98FB62A3B897C53EC88D16D1FFE8C649B17BB8E7
311
60EB20B784F52F992544753F2CBF642CD3C9C70D8722C197142C567E74FB431EE248A8F3FC00377F5142144A82FFC28AC2970A780C85A7EE9146FA4B2981F3C93BCB0F3FBCB6DD3DE69C72B6073B99140DE28B8E919D9D9E7C2F5FA99FC1FFD07E9AC0965CDAEA0A945FADE52C791EA989E8E7A21A355FB37E44405D171B98
311
A6E946DB26AE71DBD01FEF07FD378F5B4B518724481820890E7486E3FCE61A60E096D577701890EE07CA5D7F2B086040749FCEF3F81972E510A86359C9BB579883035887542090614E5C4461705D7CA1CF84DB564838606CF1597E8119790D021080C935A908324EDE9F60A04B7830A33F0670CB08605B8D01BF9A3D435693
311
FAB4FD84EF6754930640C1F9D74B052A7ABBA9F502B39DA3BF6BC7514EA4BEC71D752BFDC198EDA8DFE8F32B3EF811E4576B0A2074B99B070A069F60173E7427BDF285024E35A4418B7A412914F2800F1965C4F1120A2D5D2C64400563D5942044807BE7C738EBF3034C4A6F4D70C04ED1F97673C039FABC4CFF18866E0820
311
0BB66BDC9CCDCC3FFD1E43BEFC52C317F0F5E64900FBFCDA4DEE68768FFF46350E0EDADB7B34DBBEDE3776BC55599AF84E312229F931E700D04478D66A0D88D09B2276141AF0F8811C5F8067DC04C0F90929F7F1AC9CCD368488AFB965C97B855A3E2E93AE5B4866502E55991B82D4388614F2C36B8484A5FA06E3EFFA984A
311
6AF17D5C2073299D9F12FD63826F67FC460E54030981684E9FBFC22009A3006962285FDF4FC84B699FB5BEF3736C6072F6844C15EDF25883037DE6BB7AFAD6AE164B367812FA8CFCA6FA25725D99AEC5C6EDEEC64ADDA2BE0056002032E1D7A20A54CF444E360D520A5B69816C0A953CE0434A8A898BF18E2B704588C01BDB
311
2133342F5404FEE698957C200EF54E31BE6DF4E888C9C67F5F3F1B41F922777E7FA6332677C20098C59F762F5DFE4A23F9801A3BB6F8A4F66E0D40EC867E92DEFCE84C714FC7CE8DD3DD3BDBF9C781B1C3B549FAD2C89D711808CAB100E09700BB85240374A7209212F320CA577222A7020E7824500179FC7096C714884BDF
311
D9499E027ABEB3CB0226CD293CAE6E0C41A6788F396606A073E28CBE5CC67D584D36CA39D37974FE1023253E3FFB007A26F657FFC901D851130DDC2BF54884F20D5D40A0B7E5C7BCC7CC87B84F2ED820192CCE1AABA1FF24ADBE1D03635B5B3B53D4A5F84120125FADC36A0E792D3AD7E255792CD5241A4C84171F11040900
311
17DA493D0A7790A7BDE6DF326180398E4B0DEADA5C2763825E43E05C388E184678C88CE6422606C017F030366981353DF03A753DBF6370879F79889DD0BF75408724DB53C5B0063AB6568D02DC47AE4627B58D7E367A6000267E7840C23A0940B992DB98ED1C4731B4FB4DCFB6D3EAFB6CAC7646F0335C5031888CD74E2103
311
380260AD47176D703960230370FBBF28813524C17FFFBD6288BB28E4F905ADB4A788B40B4A6201C1878BED224DE9906C4C79EF32EE679B9F5D3B5DFA137327320643909A823F62106CB8F9BFE4BFEAFF0FC7A6393EC7F64A698EFF8ACE31BA05ECE6DAB6DF124118D1D13F892F3D3530602E3F3ED3D59DFB821ECFA3D9AE85
311
B1ADAB9E328DE738BF55D5DFD039445AE76D0194180F57B15BEE5F09C07F952F9A10372BC894CF7DA12CF6507E2A8916E0DF430C519485C55D61EFE209912D8C32866214E121611E22A0B1238DB18E86636A3BFAFD5B4EE02FF1E505F902BDF424D0516907BFC95EF3A76B6B3872769D67E25B548F0DA46E2B93DFDFD5F2B9
311
E9EEE1EE1DCC7FBE6380DFBF38A165CAC73DF912AD76A4690D2B766A3EB4AFA2D05BE543EA20B095FB17AE3F1928D84482049B659E671A4763CFA567C08824913D37F2F92F841FC244085C1681225C04AD6DE1684831682CE0D6096B56101C0D4FB3A1BD3F11FC1105AECF5660BD3FEEDF162B0D9DEC6DB55AF27FC98050BD
311
DEDFF63ED14B01336053A19DE9AEF5F5D9E9D9F9E19ECDADCD497BCC57681922F327EB41FF681E17C1921B04FBAE371AC69E53F98183E91B84897A5DB164158BD1D12FF6F6BEF0E02847727BF2628F9FD48B6FB11DF6928C868B29590A0606F92140D0C08850DAA7DD8A5FE8A50389F61288AEB743E9C801BB67DBE0A7F64F
311
63BC87770FDF57AA73FE1F5A84F8DD3AADDFC32087FBC0A7D645C327B97D65E7A8BBA76DFD9BCEE1B1CDE3F5F7CE4E6DF4013ECD7CB60BD1239E8A4E9A5722AD9C4FAC8F7FF17B214AF8801950430639A08E3ABD05A0D94E253BD5951C885B0CE750309070555FF21F2EF83FF53F4E15038B8D8A244740A5C9CBC120043DA0
311
B323FB1DA0A4EDA268C05A304619505000BE10415DE898809DB6B66896E60AE347ED3D6DC707CB7D5B5BC374A158EDC343D0EA61C217D4878CBBDC1D85686782C3CF4272E7DCFB5E9EF628F5A95AC1AC0C6848F5771329EF8DF2BB79EFEDEC8DBEC72EB7F245287FD4B31008AB38EA4D52F2BF57167159E3004CD8950E217D
311
DD6F699FC763E9D1A0AECC701F7BD4430A3E030374066938F883C01DE40E7DAFD609345E33570F4CE6BE467FBD7F793B5AF2A9D331D86DBA7BF98067918F9FCDD609A0384B523F4413B574B818C6889FAEFC5E7B8F90CEFD62BC2C85B2478D54DD076635BE434FCADE68B3ECF1C8708E27863DBEC352D87BCC7A92A8E13570
311
0CDE65BC114026DE5DB68275E656D2C0D4087293D43BB4C9C14EA83C0D806783B40DD7CD4F19EE9F33801F55A3F1FD600017A6CD5DE607783D5F74E34680E7DAB98D99F6E5B5ABC7F7DF19D8278322F6A97FDB2FADE1539BD945DDF868EE2B8B70D9EDAA45D1BB0A5801198CF1DA891540474745BF0317F8A3703E02510AE9
311
4B084221F887FE950272D62D4232781054A87C58D015CD45EBF9B70E60820A2056E9D4D619E8494BBFA68B61EBDD8CF52CCBA124BACD4A4077E8420A7F36FCDAF661E577B792A7E1B7E337C7CF1FDEBB3B49F501F3C7366C1730E793F51FA20A9C3D2E9F18E63DC277449054CEADA36DA0807467D45F8A744E1BDED725A033
311
868703F1392BBE221158220588F30574A0B0893D0515B0B7C404AD0E7F40C11D504C49BD7DA39A85A19CD7357DFC966E5D92272FF06D59CA5A6A1C8AE30E52F1247C1F1D78F81887F9F3E387075B170F9F5EEE4A7F5BFC69DF02FD8795FCFFAB472E7C88D563DA514861B85BD41594A75F5E866BE69471110A9F75C8609C7E
311
6BF6C7C727431EE3E9E3773D2378C25226E82C08104A57ED273FE0921D6990E02B006BD038263BA360355E8DC446A380F0BA35FA9945A80CF60DFD54054202F91897C241C147D59F8E0FC67CD0F2BF377A3463F8BBBABCFBD6833C57E214AC3F5AE9C2FDE88852968F20337972C7E04EE5658223008AE82D93BC37D8DDD900
311
BD6B16EF221F0D4149045D740A8A215D4FC186C658E01994B8CCD317465828704BB630DA2243B3B4ADD3EA554A97408454148C04A1A0CAAC2E04033C04073851F54380E0BF2DFFA43FAD3D6B574F2E1E5EF6E5F4FEFBD1CA87C161FCBCF5C7AAE2F726F814027BAE10F79BC3D765D61D1803952210A9AA07F8C6BB2105B611
311
45B324F96014EF223D4A9261080239F03FF6F4DD4975C183B887E081F7A467A25EAA0C94028FEB808637768B07400A8235D4EF33143253198900E079E3FACB0C59B00F827A5785A6FFE2FCF0C0E6F1714F11CDE5140D931D707950631F3DE877F300002000494441540ADFB08704E252AADE1BD4E8DF55796A32B9B6F17737
311
C67702E5C638682737286CB0E0A89B624D5BF28222432848C9AB8C07170C97B814FF492A61072407D638006F7C8400860444C01B1930A522788045633DFA9507267A3A42BA05925BAD705CDD3792FA23C1075C6EE768A673919EB6C3FCFE7629B7310AA794CC9C0D14A1FB88F95C845BF22543F57996E0B26C9E4C2ADF187F
311
979F8A55F11B47BC26594C52588518D25E6C2B1CCED231EA1B748F093E5726A21A54C91EF95789041030C20FD5AD68613432E19A4D0DA2505B6BD843516E10BB00AF9AC315EE9FDB39CC1F9EA59CD88F9CD071D470C86C4647FDEDDBB1CDAB81DA94034747A779F4CED497CFF817348F69F52E55490840E48840BA72DB71F3
311
E84F6DA2F4717AA928F153DA6E4C7E8E00363CEC9A2E1C8E65F298FC4A52F087FCDEE5CBA38A80CBE11FF7BC2AFF249203FFAB77A128A001B1987BD334AD9B901890A8C2005B6B248196AD09C0025ED841325B31845032E327C531C839E66DBAB39566B631C2FF0A1DA5A3CC47E665AD8751B47CFE33899DF047C9F3C365E3
311
B11278D49DF939298E09002F6430F9958803309827A7C791048CA070061B7E9A64C557D235F83EE24822E5EAB805F9862F20FC58F483DC0EF02181F572930205107E00E523861895A2811309808F2B6C14B2AA579E893753C155D2F54302007E9FF36AC5FEDBCAD47E182D91A73920CFA5C18E01F8FFF4C3F1FF553BCAD0E5
311
8DEF85DD63B91BE38ECE1A9FFC4AD4A1FBA30D462C328C5A0340DFD393D3D3D3C0659195C96990F391EFF4175213BC74C020922D4830FE215E76940962BC0713A3B82784C0CB6623DC40D6E1485BAD454F6892200B225096127FBD82D2B12006BAE2E329C771E25FEBC0DAB3B5395289D56D7A8A89081B34EE06F80F819EFE
311
75C67DEEE95D227E283FE98A7B9F1C97D2D05B4D07A469153C3DA3048EA68FA667A6D90E291C7D7E2D063E4D044964D055F2DBF3E31BB851AE9F78A0A7314F0AD24901F581D74A6929142039C65AF5830D1C809536CDC05E4BA51038F79D713DA930CF18BA3010E385351CF47F74D439BCBC793556A1F99814926AF12835E2
311
51C59BEA3C083EC2B2760FEBDF4304C9EB87B35769E1EB24B648542CFA4EBA9EF93CD42F03C08F249A2C98897D8E2225E90077823F4A52171A61219998CED6FA050992B6B0A74A2220ED12123004FB977084208F8E2AFC80F456CB110BCA647A3A0F854085D84FE0052BE31FFE7F925610BAFEC06FC33F9931BF063F39DB3D
311
1BB20EE357F594045F4226131578582CB055A59A073AE0413989D215019B6EB8A21CF154D71164E0D8F4E730C2CD382D098DA5261456A425643686BC8301710F2C50665881399156AA2B4C3191BC555728384800CE10040F746A3D8A80A5F0E500A93456FEC52833BBB45203DACCA37FE1D3EE4B9BF0EC27ED47D89B8266F1
311
1EA2DB8B5A8BB93EAEDF0C06B7AD0402B9EAC6E787365535AF19F15158308A9D9785C1BC1C01377F8C6B4D07B50DAD25649764A91DC9812C7B34CA98184084F7C01055466B48058CD44085AF26648520C85C41C67805462D8425680425559F4440F3ABBE1F3F81B1EC72708767DDC8FFB6465796C8FE310FEABE0C9B242A74
311
137EC3E0427091967023299BE5D6D4D0C6D15747DC2AEA4ECC57C72856E827D33CBD319D70FF854369EB841282F84B7CA4881447ACFCB257E252E00FBB3272120A75B99119840858486615636E0E0334031AAA8C08A62E080053A0AAA4158431EC727A084021D41CF5D630C94184F6FE7432E8F5F9A4FCDF3EA7CF136FC298
311
8093F98ED622E38E4976E1BF0CF49D2889E6DF3566719FE1F9B47A2D3BF89C69155DCF24F88C609EE551160F0415900B4C48FB013D8900A9192A700748002924771A3686A0A580FE4009E00ACC090253E280B90AC15048E047020483A038A60ED232831F2CC90498648690D960C48E439F18F4DDBEB0B6F5AC7B7B89F62302
311
43B4FA160A7B9327F3AD5D937C8BFFE5FF8B3A5E64283BEF8EAB9F71159514CFED62DBC880614AA1F7994CCFAE7D8C87057F451733699B8DF87056E1F0654B5021E38097E4E23221B810DE20559AD183A61C2C88A648DB096081E9801CA00BC1DA0124E08DAAC15FD2936905CA8DA1C40E42B13F1764E0C4015EAD7F8BFEC9
311
9A310B1B7C0BCC7746D3C0702759C89EAD57122092122D1F857067684A578F1DAB7EAC400841F493A468113282FFE42316CC74C756B1C880FE78795C692813CF4644480EE9B02991BCA257A71861F00666D9410288487618D120D0E80D7773E2B7DD180E100EC98B221C94BFC4FF531A09B986230F1CD08378A8E4D0FDD7D9
311
B1BC75F5C12EAD7FF83F3ED19EB018620303C217A6A35D826E72ABF2D8E2BB1B783F6E48D2E3F360806E1D192085D022103473A10375B63853EC54F500B5B064DBC20945B88160DCF7E4F83A0200BF6FAEAC88E9F54D22D898E43F378D20B51B5D6B1457000922202800DD401A9266483029C0D6D57ED80D42A0E6E08835F0
311
F3AC73D7FAE6D56185F04FC44472B854EB7D9CBF7134DF3DDC35A9F6B38417DD6F508B37C1A718B0D054124176F7222F62DFB327F34D451799D56216880193254FF782D7DDE26C271BF38C6E422E271CE4AB8823C9510F021126A7A944E00DB4031D013C88EA0746C96D4574069BD5439C4110403B40020C30B07A604F1E41
311
D19C21A93FD9002DFC35F23B1E7B98E95E38387E3603FE7393680410D702FF9ED5A3C5E5CE68B5827D721FA78F3A9A0C08A79722D9C9B418F46C0057BB1640C70AA4A03D29CECF33987596D53CFB27B32C3BE304C540E14BF8464E080918268D254838C91A01F0FFB99154FD8A9C0495EAA6534A6C464440B4A71E16100E74
311
05088122A35F7A511DC003D002E6C8E7E15F6D1D2FD09014139EC11FDC89394621F77B9F88EB5A583C41E2FEDBC8F82334494C0BFA97FF3C3A34ADE60385B60E5A30CF036E5E75370BE3B83AE73B3B7DC0BB337DA0045299ED0C66681E4AE223D01B1BC3BD4C921E2005FEB5114739040758189BA8A320067B62A3995E4720
311
055065AC2B4A8006BF8CFCC907C0063EACE41813C5F017065AD46CFDC6FF1BFEE052932CA3478C8E5A6F25DC8503D40F61FC1B047E4DFFE8E84407C81F1AC7B5C79DA358551CD0D13785A9AEB38D6EB68A0A8087FC6543E7471082873CDCE5CBEA1EFC5CC0579469E225428E9A43D6A6000B4219DE52E8DF00A55F4BF50359
311
60661C2DB88AC1F67C2890A93FC420193C8326409E7B595FBBBA9AE1D1511B3F6D65B09AC10A71C2317201A603E88C56CC68C91279E83F5C147787EFE6C675F00941D23EF092920330982DF38C65EDFCA89DA98E8ADDECCD77CB86D85118F3DD9884820B1128010D02F1060F582871CC8FF42024C02239273A1CC3BF71E770
311
DFB7E96081682803188118B50310BD620234F230B12711B063E0F0490FCDA9248B580D3D3DE944A30CFCF2A1E0F6E59E8FBEA289CCCC943785BB8880ADA9C2FD70F6A13F5418444E3A669273C006C4B4EEEC067827539FFBEA9CFF04D84E7F170480037005AAC8829084329899F90B5E013927F8E646514B4824B01D11F72C
311
012CEACD163B6358A4454A4221D06E68A71062520649BF9E9127D0772D6E5EADED52FF216BC2FC513C7D3C5CC4C8AF009811826AE20203B076A2AA66D8D32E317DEE0EFC000FCE16D9E0BEB17C74AB009256C5D8AD1CBABBDA61402612C675FBD72D07E633B1A42F2421208CE01397560811204306617A5141706105C9F498
311
4C459F2D0F6C392FA05BED808512B0B9A8A9FC6CED89640EA347D31F0DF76D3D9E61E800FE9F7601BE4C9614A1C58E6C839F13A12D0EB426DE6386B82369A9E6A7F1F9146EB578A2EF4289AA109B4F6CEFEC0463E0072A05CC9DEDEDFE08407B173B8AA65399C80B2911252E6290C82CC1B8909140C11B7AE161B42B939050
311
45D017E00CED6D27AAA15F2C2179F1E83D411A7020B9408D202381E7E5DEE5A9E7E5CDE3B186433F488AC81554BEC09BC579018ADD1DCB3D9D70F02B14BF9159A4DA376225FE43DA224FED327941705DA582B2FD1BB5DC0540667B650BECDD1D5DDFB0C7F36DEE2B94F6EE2EE4E426F20A1174C31DF153321A24114C4FFF25
311
E505475F6906D4149B21F1BD9D9DF7B059F8E0FD83323CB97991FE80EE131A9003B81C491B218B1D42C0C0D593D9D548003839DC29A740298B0C23F0CE14BB167BD61989AEF0B985C8FAC8F923A73F31953989F0F6C96CA6C4D0A9A88184BEDBBBDA3BBADE77CD8E2FFEDEEF46184A86671D7DDC51417477BE9F04804F305A
311
C82C2D018A21EA903866A0F959FBD4139916D036635EE03DDB7408BCF0627A03027AD314C09B0A27F0A79490D53839D0DAF1416995CAB24101FA63F75029D57A4CBBA9FB4D120ADB17FB5A999FC9420DFE04FA670430B90FE7F589F7FE8D50A4B5F004CE5F07EB4EA007F8AEAE8E8EF7DB3BE2F81F42166C7246FA9E62D02C
311
8209BA1024414C483498B50229FD923F2414040B2081390AAC353B5283EADA12A30B1080866D746B9ABF5BC107F33C2A015B275480759334B83AB02175EFD0DEC785DFC505E0064F4EBA5A97073A74C5C9FEC97BD25D819E28AEE661FD2732B8BBFB1BF13441B3C1F45E8AC1752BBF80C113DE960E0AC7D9D02C58C80505A1
311
9BA0E84B14402601A590A4AE00A825E98C3212342302EE10FC5100681F86834A2804BC409D70270A2091DCE874B16BE0706C974EB3D26EFEDFFCA6C4579AA4DB781708469F055532A7046C6BEB0CF39F3ED2EC4FBCA3D00EA91CA68FD2B87B5C191E0EB2C300F00A1C9881F263571C6CFD83D079D09F176FAD839340CF030F
311
70458F81F09AEE1329505150CA0A00576B56C06D58070B23086F685E44232D9D53DE3FC3731044F286D19F459351863F749F1104198D6E14BBC68E17CAE70D7AFD958E350BEBBC70C9C4DFBA075240DA27D40AD7DB063A097DD3F041EDB3E4B682A7A12A548F3393DB01945547175879989302521EEB1431B08759B632B174
311
E0F700E774FCA1BB83F95029ED1A084288C8893520E49415E00DA080AE8027C34206D35491D050A4C6B080F6A20889A2FF82379AB6234F6710C05F9080ADF002B9C9F9C583AB220F45D618D7E7F7547FB27CED8A8B7A7D24EDA4988B0C1C2A1AFB53FDC61BF3DE50D63C560F0120B0372F0839DDDAF13E583B868717C1CB8C
311
C71D1D7F440CC82184803144196EFD58BBE00B7EE77DE8C015942357FB06FC906A5E2B8882CCF9FFE184B0035A5CF186A962A63F84B3AAEE3D5A2C830008807568B6A9F424086D2095A3E262DBF124350082C4B5DF4704A9D2C93553DE47BD6766B69349610716999FA25854F759CA9792599D3837ACF6247CE8597B0F960F
311
A3EC45B61715050260C5844FCCFEC9666BC71F875B17E3BCB4CB151405D7D08F846B4CB952248B4603CC402B609E90F0044A007FA800EC46D07A51232B00E5683C55D5096E1374DA4FCBBDE2C25A5B8D26008227CA7758033D7D70DF12CAF7F247939F93F1CC63047D63ADA0B7CC8771B234D8095FCDB577B586D183406203
311
5670E204B245EC093FCBE15626C10D210CB38A13F50E10A0D5C0814B0C4B30AA9858516001669002229618F100767AA3D6D2528595FE7A398C2D2300ED0013A0AE60B91644A057327BD3C36BEBF48C91279B45F8BD145494674AFB211A91977CB838DF35DCB3D6D6AA2FB2784B591ED785DFD7DB77747DAC9D2F7674810EFC
311
2895F9ED8007EC7885101679C06F21E4B1C8A6120956F80518D1DAF1717BEBFB5803E20C6F2A11B2E48AFF4AD2810A70054623E341B3D1ACD92DA91150DE631EEB2C28882D092049C0DD38E262A7BD6F98549930C9D44B7C37028AEA9F8C5628A2BEF5704C0DCB2B428181B1BE766F43014498D2E57791E4C8DA6BD2ABF500
311
3F0C40202E2E32EDFB02852D16C30B7F646B98FDF86C7891690043128B0A0DE6B4EA27F08C30CA34C9D0AA0852A5997F8D11A6EE84E040B20472020256F4AFEBBB74E6705A12083B249089218E6452C8E5A69717E904A3F5EF3D5D08EC1F4D4E85086B238CFFC11AB9AE972CB775616C6D1DE04DDF073B4DE3747C41FBAE60
311
72901CAD0237100670C5A00C2C3CE063610ED824826C1F6650700E88C00B62468903A0D71D3A390255AD7040048348C56C4647413C2C2561216E0C469203EF06A5B101AD40D0E207F78B124747DB5B4BBB4E88B1C373C114E0470B345156EDDBCE1B4DBDF81DBC400746B0B54E05F693707B89A5E430982C2AC7D10DFF11D5
311
B102B9505034B35D07E8E5F585757F088B390F2D4C85CF7218E8418BB4F25B885053D07D5A908326809F31D6CC6B77CC948413B28664484439D118DBAC27DB5AC40C1AD166F25E6A2F0AE82100C0BF220405323E1FF80DFC518CACA8DE1003F3C9FAE9C7B2D60703A0004F8EAEAD2DE0F5485452D15B77B4B67F4C2403B8D8
311
F9C533558ADE058A9E177A1698F75DC0EB4C800F74C0270178C8579C1FACD025F0560844502D2BBC01E620030CB93636C1041636A693949CD80139FD15BE107F905590A292840F8860706D07E2970A2F15E5B13B87C3143CB2930374CC46A6F9B9D7A5CCCC14E11B9E879A49FBE27ADBD6DA82410FBB94FAA8487D61B51F4B
311
E0A03FD08743C31020D6628ED20305A22C2C2FAFA7ED1E7881C438AA5B9035F20759E243C51F34D0D5F02F11403B9E204CC1686C0B6C9000470561519CBE1B0E4FBEAB37A39EE4B84C05F023858779341991F36D9D9F351E7BB3B5ADF00148D9D05784F9AD8B037D48C01BFA83D4247F03BB768BEEF973A14E610090D4B96B
311
1EEC5C5E66928F28EBEB6CF578B067DD83086081579848E60DFC7684044D8174993C39F886043481F6A2B743B18749E52447CD4D230513032D20D20206E536E15BCF7B7D211634F98FF9986287F33F9A94615A5A0A7CACF8DF5DCC1AC6EF9AF1945EB78E0A2FED1DA2ACC00EF983F9A012260BD722EF61C9DBCDD8719703EC
311
F839029010CA0B9F100B1D2842153E01A1A3837AB579516A31982FD2908A09100DAE591016CBCD4B011A2F4DE299E1338CE065DC4841BF9895D8C81714800CD08F5AD39601BC929B55D291F6CDCEF2AB40DD5D98F4E6F107C47AEE4A09A079C05316F479DAF4C2BAB83221BCC0CE23FE3D3D4C7BC9AB673D89A3677D6020F6
311
E182332028012FA0FBE0B2668FB85485902A8E7FA0BA2105C213E20BC2169211A4BABA7D693C3F1DA961F203694853137073AD5CD25F1C017DE0477626D7BA55B88F83B5EE513C41D814639FD1BF759171F4577D3CAB0C3DFF68B2D3B1F8478C18F67BEBB2598FA76A4545E9E961BACF657E0791D2373030E0EC9FAEDD17BE
311
A7703A738185D08236C407448A4CB504CBF01FF43859D3115488EA01B55078000DF085911805790DE1B41B6F8CB2889C3834FE02AFE07D85143C6C008438A944EA63E047023A7EF37E13B0903AFEA7BBAB9579330FAFDAACD540022980B65A75FBA17D388F1E6576405CCE7032D95BDA420E7DC0EFA320879E5F8B3B04C1D2
311
D9C1114210C19FCC49DC6A855E12010184DB8968109ED016E4683CD552A36B3AFA13BFC2114068935A7E774CD2C7225642B73325938052D8634ABC18DC9442BF9E0402E85B42F9F3273672DA8E8F1070405D1DC3248487574CD98092B8B956E6AFE1566530B78FAE05B4A0DE51FBAF85DD075C7E11939F80E015A58D1F87E4
311
00CFFD2306C4D1D3C634380A201545A92BE01F445800BE12302AB477BD6F62600D211232EB061448A0D2B877BB940D63D059C37E0569A83DE93E214F4BD86209FF6F479C640AFF8AF6D1BFD987D029A94DB7C329B4184D4BB013BF912FB88FEEF913071A8D82B651BC10DB067A7EC52FE1B421883144C00F64FA23A11CF708
311
BF16CA59F18D4C04B8085964B2D8DA4A855187000BE440BC816FFB13374640B0EB1D0998AF38A1AEF503F14302E2811081FC12EA6CD38A63B33035125F40F170C0B0AA45E9FCA38FC6D688D48563B5C4B4B7C359D3C7AE0EFB16ACD5E2FAA47EF8307044B4EBE1C71E84E742D81431FB06B90B600B9C239E277A57C94C427E
311
E10E7826980C0136600D916A06058CBE8604DB4D314FBC014EDAACD0820F14BF75449B70339490FE5A0491221BF95F949DF1235380E969AABDBE2D32EB4403D3FDF17F42F9A0A7C28ED75BE86BDB7C7EC80C76F86B8800F77B305EB88F00A4352E0F8089EF811EA02A3DF08F7DA008F803BE4B4EF5F41E56087099E920708C
311
3D720916444440FDFA013D4E1201414123A09290F5BD7AB729298209C4306D007BB0829FD4EC3A6D7E4F00B67DF38CA0764F832F0448E58439B952CB4F70DF964AFA74CCFDBABBDF273E2FF4F56D3DBFF2A78D42FFF2755DF307066497F44062AADFC0CC546F6DCCFECECFA232E14F408F05477D311B683A35BC245FCF8A5C
311
D2AF20022C21022266905A5BCC8B20235D6FF04019CC04058AC80023662E25F342063165956320BE50370F2A657BACC817DDA3DDD3EFE04028645780A768FE38DBA88BF2EF3ADADFC7FEACA952E5A77568ECF0C971DF32BF1D24F8486B22A649EC81B1B60315CBEFC026091CA45F858D7D04C1B437079431E63E38F8807588
311
42E780A9E03791C0FAAFE10012588C3C592FE35461A6047802BA18686887023A422A49599399893103942CF6DA53A8E387825FA0678B261F139F801E2B17C901D0F5217E07AC2401A87D0480F753FBED44FE949C93A1D042B879FCE499B3D861AEB23F9C1F372F0C24D0B7D6E70FE1AAF60F84BAE642D82F0A9F53E2278391
311
5518494FDBC0AFAE7DA282E5050B703570E06319A015E00D693A6BEFFAE493941C3B08C13B96BD20D0115A9565701DC58568A3009DA13E965765C03091F0FF339F7309D44F6E61F837F1B1FF920450EB8FC48F9B40158BE89C81A597CFB0DAF5F5755D3886DC13D4479599B583758CBF35663AA234F133F91D3BCCFCE0A794
311
367F385C59B19431780F1C099131384056616E15A1563B50021D369C593FB292685A68A8B2A50A0A2085CF05434617E05FC24A6B077B990014421A68401AC4D65788EE25F737EB780D08A6E38F060F2ABD889E1B889C44852C2FF368C1E3E710D73B6589EA83F7417B341ADA1F639A23D15298F087AD0326410E116C3A1B32
311
5218433C71AE62C07C1480F1C045629724A076A4BB8D622D24690486727F56108D07046DAB065000678E04C4F8C342DE27F4AC102D854F2D08D59B4ED0E4F697B0FF62F113646BC5B7F3131D4EA8BF8B265EA3F2026E7061B96F6DF3D993276B2180B8E57067587428579460551049049B074CF8B1066C7E14C705F0B39298
311
C0997C17F701097023BAC31081390196801FB0C2A12380042927503D5A01CA127F9841B460310639C674BC8CDF1A320501448E0068905B07F6E5602F8C1F07786253438CEC51AE61FDB25FF71B09893AC026A9EAE3F30F369F5D5EAEA5801FBAD3C98B38C13EE017B054F81A56F05259DBDA64FE270B1FC4C77200FE276FE8
311
14B916E222575ED717A62A92956504605268408CFE13FD61F84252228376060206802B9550F00B9D47E6AF1022538A752CF4FFF1F5931384A9FF8700EDD4FFA2B93FCBFABB3EA6C607FF714B0B8B04EBBE83B52B246092AB018C0D0002FC490849F1E214AE6FC42009D6D86616C835B65DB9862EFC4480C14137603C3089D0
311
A5588FA27E693DD184131BA4E88C35045ACEF1CDE1A82323C20B842F2419604821196EE8185BC834AD44F8E9B7549A32900196E9ECBBE20FFB4706861AACADBBFD9B56A23FFD3AB8BFACC18B1B5AC0ECD7B6AE2E2E9CCD2BE8AF1B1BC3A813B94107E82DE67A42E7CC7D4A6116700B5B2EE3C338A09B840F07C40A64800D7C
311
605AC42B72227C4C7020AB1F20056E26F542717F56534261DE3766AC10A6ED2D006DD03BA9DBA507AE0510A8B385C92363B9154167F1230C40D76AF6F3BE0CA08F8BA2FFBBCEFB09D0986550E0F0EAE2F2780CDF850CB0F88CFC2815FE87BD83909F474F45DD47F1C821DB2107A8817FD45384F57891B65F2543D0C1E20A89
311
B4A8DF806862AC27C60F6A054627FD344250718AC0FA21CDC4E28DBF2650D1B39D8B8A420C348A4F846E2BE824BF8C45E1DB8EEB52F576F47A75FF95F90FCE0FD3A7A08D48D5B9AFBE3EA658E1676FE3372FB57F0AD8D70ED4AEBA3D4C2BE0AAF1C3AD63A6004D12900CFC481A47430C9EACB390038642C8C41B1330316661
311
4210592736B8603AD4FAB17189DBB32F3915F0C380795A089A15228460BDE8E52203527D41B5470901B088D84FF8B3FE2BA7F4FD30ACAB3DE0B7E2FF95807AB0010FFDE3A048F7360F9F3FB9380EE537F16F8673131325D3351A3F664022020811A0FE8C019CA17370725CBFF64132025DA1BE2555102212E80A907FB43ED8
311
0A991A8AAC183932C19AE17524B06590B6AD286EB99BAD18FF4BD64BAB519202F992A963648ED30E7521F909F090C0213E367A77D8836BEB6F34D92EDA624183070248351F1A079E5D3E7A9EE81F2CE6678F92E299EE312B6C0572C0A7B5EEE07853612403813152C7125E2022A20C18F855DBAFA399817FC97FB6E1CDCA31
311
D348434ACD0012F0D32A5456B4007E6E92D72B1A4E9971223A42C1042819E4049C0C5801300C0013FA48F8944FBAE71DAFC27F1826FA2304ECDF3F6C10FF47D5C7E49748DDD687DE8E91C09394EE0682A4F84CFD6067EEDF43E67EA46CB2F4070160439245F00343D03BF25D7E2F26FC400A896DBF19FB8D4D0A66DA669C3D
311
608F9CD048A0533621B25690EE19D5D15248E390F042B12C682511B02BFE3E5700E4C9A9B2107A8F45248FA48234FD23005ED1F4EFE80D1320836F04003BF42856D478D1DCA3ABEEE3C68F9F30C3A16E5C238EA5DE3FF37DACC2F8B7980033F47FAC34421EF0418A045394802CE032D61C70023D788136788613887C0011A4
311
EA316E005718AE191F8D0D841B9C679CD2FC478442D005429166F5A24403B1E6ACF3298F388B6D0BA933D92339D48969A5C11F09B4FF017A9900A4F887010C474717E10F36468032FF33F4AD610517777104CD920C3CD15FC5F3B3A0C75BBCA3B00F2724863C10BCD4A0E00736C7981F2F72E4B001438B99714FCFAF713A26
311
03BC710376A1715FC602022202E06FDEBBC680A3DF1C4C095A12C50B554FE7623B50374FB2129DDEA4C392C9188077658C87F55FF92FFA507FF03FC8DFD3F31BDAB46DD51AEB03F7E1B38B8B87CFF47EA1479C3EBAD5C6B382C221C0F1B358B39D76D9D3142C4A20935F541E492E0EF081BA41B3620A8E172B584EA1485632
311
E22A8221CEDAC6110AFA4B6D43E2B76A18AB240BB24337721C9321D2C033B2D3E2641A55A400A28403C12D1DADE39AD23FC5FC08C47A64DC3FF6DFF76B5235124022D7E6D6D5F3CB870F9F31C96FE477FAFE54100068A3A87FA5908A2C08011CF31309C10025B089FEF9C510522B8DC07C30AA469841723A10C08E27F00F7F
311
BC181C083F2809EC3B2B328E294AEAD5A071B3A95C81D2DE3F930372D022C9C793535B92FDAD5426E90490C3C81D000017C6494441544698C416520C1C40C71FC204B22448FD9303782FBA67089A1A7D4CE38E89050FEF5F1E078A4DCCFADA058032C34C1CBC2E1202B1F8962B1A8024F0EB7A11F209E96FB369D4B64202FE
311
7BA230AD24C46413536EAE955B341B726C593B5D4630C0BE822480908522B0D85430230352618DCD4F7BA6D568BF4343801480006658EA3EDCBFFA9702B4FDE9022163C43F9B72B58001A23FCE6F0B3FF0E4E1DDFB9801A6FC42FD0132CC1F2224F89933107AD30B6C9131A53818AE944BE25A70810821C38F098411980E46
311
D108F483DC63F49B91B852351604091D60546702F58A3872A1716411B642C7629C267E64E77719F46B0548FD6BFFFC86A38DBFADFCDF700228C124C8664FAA02BFB1F92B09800876FCE4F2D1C3FB4FD0A44E0106A8DB8079751CBF0BD9340066C3D52BC64706467C05B5A54401BE4A1B0132A55EAC1CCCB10D378A3DFEB981
311
2022327745EF2102886A9142C812A1A2C9708027BB55B7006357459F9C2080E0BC34489FC629510F3017B62D5073E2A2C64048A0A42580E413BA9E08274091A398EA80B5BF31C87BF5ECF8F1C5DDFB4F22AAC181F070AAFDDAE5650C4000516440D8806786D874215149E69ABEC43FF0EFC820FEA112B0522003C84BE03FB7
311
6623513B6D840820358B084119B0CEC8C00AE888826339A54091F5FCA513AFE147975BB1A86FC50618D9D74502F0C7C8815AA306602FEE3A5E79E0D7DED1B221001118B73182CD439A092FF801105D1AA14E1918EC282F6260869D55108065988BD67F68E5581720A708051F7C8070F582389C682BE53F2AFD85853F2A013D
311
21564028E06E79B7A71E43212180A81541EBC88F451E02385100491AB0C4A3BC5309A95911E66D04C0B448366988ECD204C2FC930F8CEE8FA410EE4C25B58DD1B6EBAD83F6196670F7DE635282C0A56A851AB035831725F0471A10FE52097089C80495804100318405F0DFC2136004B4C40705EC9154315129205EC3579300
311
35688F61AC02188250CFA9A980233925F16A117A48CA54DAB6400221976B75D863330942E20EE3B00B08FBB71AA813B0E502FD2B023DF70114E0D7DF2E2EEEDE7B789504200112075478F2FBD6897835C91F0C20782401E801A2F9142700B74805703426023A81CC0BE88B537D0003E0C5181D29EB8D83050964DD2580910A
311
1E7A8138F76253DC01DC2F3824391AD748276C0B0CDF12366625D038603D0003E0266CB42704C8CE7FA7F11B4D59C0BF454A78F8FCF1E50513715D469607031272358F04E0003C90107223A581218F10008B10247CD20D860FF0BF48801040B361808148714764028EAC137E871501EFDD97C89B52107FF1235B0928C56253
311
0082573CE137840EFEF82A0BDC602736C595912FBEC69E6A3A26903B3A300C5A098A9E3F1810CDFFBA019D97B4E7A7A075850F2E92569BD960CA7B8304995FD006FC4213BB1448A6F4BFBB3A9F9FC4962D0A1369129B10073771FEDA38B1737B663A71C088D8848027FC3008DAC4E4397A6F76271DFFFCF77D6BD7F1F67DA5
311
1E0E08875A6BAFBD6BD7AE52CC04A0B4A2206F650EC412841A48258258E8662C3838FBE21E25172C2A15A4F78D82DCF68A005DCF07047C183E1CE47731BBCCB5469D9169E0D588945BEB637E87802A03D88FB82486210D28FB3B858D13DC7CE75F5E6F3B03C1744D30CC58C7C7A256146853A05243060B850072A7010CA47C
311
FBF9A1E24F414037B8781E8E9F219A774B36481CB43E48A79819D638C8760D672FAC19FB9D3FC5EA9158DBD0159C27860409682E8FF2595652FE189D2CC2D7C023E944158355806FC320087CC74116030CC376C559C098B93A041C5DDA48AF33827D2327DC761D19C17CC62780D82A170E6CE7415A5E7FE825E053048F88D2
311
AC2A561CA4D4C60098DA28EF1A01382772484698F60C8DD24BF396EA76260542810A625978C03580A9CAB91D10249BE579B0377A3DD15749A45F24C4D81FF3D7D7996F6A1690288008C0FF6CC186DA9D5FC95BB09B1301004B016E707FDFED306A1BE8FA208828F00BF342186839839F1F6FA338DC5A0200FF383DE92614C0
311
3A4508DA18F4D85F9354F7E867AA77A42FF49BBE6757A1A7454448D0BFC3C220714FE43A3D8F1547BE10F0BC5A05985AC3C28829A06FE24CD062700601F4AF12AF99099B08E7071DC4626A97C920C3FF96E190C9D1FD7CB6163E800D79E5F3F10A9306C02B799E80F1AB380E0571A584C0370A220C3125000B500900D96FEA
311
40409F980E2083E4EDF4D8D2480AE5667222E020BCDAD4EF19682120818FE18EC7FD6AAD67C03F7DF1955E697456F517AC4F24700C30171C67E9168B109A4F60AFA60F98BE30941BF776DBC7C70792A2FBE98AAA97224F8BEA39B47BFD14A8CD03320DA2B676E3AA397E652E30A42CE2987B7DA1EF7F75242413800A04C027
311
0C62A13372400B435ACD84B8B5009208F5AC73EB149FFF3508E21C2201E0338BE07E50EB47E7FF6D97724A601028C5519073E7978EC88834410450E074DD58AD13A4900103A6444A9CB99103229F0EF8C0C78161EBC68137240734CDCFC349807851E0EB46CE864D2E405ED341B71A390CF2DE20CF5193189E1901E866D023
311
0409684B193D17E2928534D04240937D3C84477494FC5E0FE0B448E35AFC19007926C1C6A6E622FDB8A12E30993C6710E070397C4B26304C0AE38218D19F01FFB15BAE1C0E7E74DF75F2406E373C414E848FF8E500EFAF3C1029C9C0ADAB2313A7426CA9B2C1B9E30032C84EF31A09A88A386F136E8C2F1D582EA045920701
311
5F10F1F001F0B1B7DF7222011EA2001F00BFD36BAEE0850928B08C077030FE3806C880EAA74BCE0863A952812E6008B3A89199C1EE918AF96AF583F1A073B0A355B9D861AF1460DCFB3BFC6B7EFDC834B09700CBED3510E48DC7129041C991F06BA5006CA6B5B34EE21501374E8DFC910042036111EC9C7CFA1C05D48A7270
311
F7F835BF04A4194DA4CF76CEC66718C84CD020D04C412AC848F03E3C61A1C8D50D0EA6838A00376054D3DF61A0E393E1F8B058A6C994093476D601A4A06F0CFD3C0A6BFA910E75CC10400A80FDA93AC9B5EA4303F6C0D188B559086091CC5910137772E14F2376D03181B5CFE74C0EA38440D0AC256D6C4D104CE05302FCC0
311
0B60B9CD4D71E08BD40C144A025E60D4C1F45FE846A2105D717EEA84808A5DD90A168E133640311CF05DD870768683F5D2F1800F485AEBE5CABD8FFA3C0BEB33702493AEB551B1EB035EF5C8E5757FA7832141F88E8578A363802B560007AF93D7D470B478C4D00B412D634C9140C4F9275C00DCE8DFE3C7F8C0AFBC5B2CE8
311
2E3C3BDF393D4375D50C43CD1C17E3777CD2C170725B7B42B41DF15BFC344DAD089C1E9118522B4A2C60B794E4E8F33081BB7C8CFCEEA0B2015E49D586429C6C78646180B7710E06018A3082243C275F077FBE412C17DE80D3E6B9462C5204C5D980D1DF84A864401C483CD01B143F4A4868087A0F780F37230200A4FBF6AE
311
D325114C367C22512750A5C7C3E32D545CE20A0904183BA10015DCAD89864B3E1EE97EBAE8B204266A48E010511838E2FE413FB116E60880C2D8440AC3880DDA6DF6618C138CF1CB2A09637E18D00F80CB0DC05322E31EADB8081C29410903F06BFCDF5AB46024E4A75828056440503C707856EF0C037623DD4922A400E8A6
311
BD75E4D2800905F18450A00CEE88860C8964C7B3F90F56528BA18F71CFBBBCD2D05797E168FC37DB26DBE0DD2EAEF39686C18440820013C1444055402A541400DD362A0A402F1FE51246404E098249FEE30708C10CA0B54601053159480C00BAA9B1223A773234FE72FD5C3BD81804D8D196FE3D5315A0C981D88D04FA01DF
311
C185CA93F9120E1F480B08063364A0A318F08DF95056E4C91F1150D31B011200383502E079EE43CC18603AE2F88FD139C802A739F208E88D06DC78267C448C27C4113C19B0F51B0E9C1C021CF8F9167C6B1F2E10E461002910105D1042792D1CA303F469714C018C23D72179E165049C40E801CB96CF334562E5807291D1E0
311
C70FE6CAD91656715F0E5C5E70F8D7F83290549B1BAA6F781D25180EBCA93EC84E72A74081CE3020789B3790E1A9E478E658C099BECFF01E530E80EC5FE31204ACFF70AF8177A03059240CD074978A002A878BF883FEEC81DD684E406CA630ACFDE87292822A11953710F000885D6F68A67ED40CD772B0828359B753F7CE23
311
D9479AB9845771B389D6A77130F8C134EFC83947392029B10E4425440A84AF0E54825228FC1634D369874739C837A9DDC83C20D320C36042610ECDFA750303710224D01202488012CA847424F8D53F78AB6BECE9B3B35A7F32396AC6B7444566327DBB4DF06FD9616744F4D3A397EB3B0A3FBA8D763702883ED742FE5CD241
311
46D8E353ACCF811C806AE09914D8446E93840FF4D6C963FF32BFB6AB015D1D3B0C9A0968776F021F21404B6260CF84A14F35180CE20B5E85BDA2EC91FD5A7DBA7E5705F4F0F97AF26CE18E3BA078138202400A62930FA6CC7882F911A92F33E547E64990B0F27323D73B6222863F86425153FA8009361C675554C25382CE14
311
8420C8DCC47A20122806CA178A0918C14CBD33440289078A00EC6070184CA9907FD0A1270478E0B325B67C2193694EDB7DD0F3C238447C8A11485562FB4902134E6AC952FD5320A4F7C780882DA9684285CD81D278C0E8FF8DEC9F45D22DC3C2CA99C2728110888799575B6834BF22B0F01EDE72D7F21B672C40F0A972999E
311
2200B7C91403F9BB3D09C01990819238CBAE5E7510D7D57450507E3DB04AAA0A3C280064E0775380C8C16EEA4834346A04BF0CE847B4B3AF760D06D24BBB267C32E2C9257DE5EB748AD101AF1FD33265E2B674EED8C01A0AC901392211011AC810560F77778E85B13BAFE3E25C95B70919A4862C15928BD8989664AD863810
311
1D009A80F00BDC41AF27602A4BDA0C077E550048E7F1011410F01405045E1C140B4D0E70E0F6E034171C3D6FD12004FCC1FA304312518910356628A4A326EC9ADF5DFFD1B2C0399503F14B4F8E3E0E4E39A06ABCB56A8014687E86E462BDDE5124615ECDB412B7314F62E6E0C76ADEC0F717B360E741960104CF1706CFA18E
311
0605004B01AE007869B095ED92144A807841EFF2811C047889A04901C809062057192688C92346F97F279449F89B113500BAD282D1DA80A55C27EFFE02C8D4F395003F285B617BBF0831F49B055342DDDD414378E8888E92C16789F269A27C9A221FAA4A0DFDDB9F935B2ECC04DC51481558A69301E0460B02665AC4DD30C0
311
3D480866C3409400051811876014C0F294C542821AB045011A3E3F09001FF304E3A0BED05CC11A811B865001769507FC01ADC611F400CF68C7B093606E30F3C7E0F00C1D10C31951C1E2D7252181DA00345842A19130715C736EC9ECE686A712FDB31E4D3E50AB336E5666D7B212C0113C4A4406029709B43D0228F3FBAF49
311
921B19CA0C82A2D5BC4A2079809240F37D3E10F9637607C3983F0458508A98B8B4EFC92AC13530180CF55359500080061DF59B98BB3FEACEE881DC8127F182A885A86FB12B43C590A4380504E32305E3148BBEEB2D2782029765428092545BA5C2C681FC5F8E869C0EE1034A822FF09A12C94084505AA868080303473F8161
311
F7AA0A6610745E280BE4427FB770106F8800EADABA19F453210435BDB2348471B13B65F2FCB554827632C4C44467333E4127095D22092ED492009930413251B5408345065065E415266E20279A40B3F520370BE2050C8360E6BB4601C1673B9BFE007EF5200B6483CD195400A783E6DEA0653515B0FCE8E86D1618FC1EFC15
311
C2E727F24F2A2DAB57326D8D0877D4E298894E7A0C3C7D9CE8A0E2D17AA2020FA1097D6372F2A9F955060FDD467AD0426368C24A8340FD0D6687A76316DEF5179ED9042005A2BF02A5DD810A4DEFA4A8F700EFC50FF4FB8C06410F0303C106ADF8852ACC6A2CA9046E9ED070739339857222CC009E206479886EA26227BF7A
311
341A15C351A8404A6C10080A2140FA4B4E8D9B9A11645899332363FD69887F436A660566964250FD752E787B64BCF8E6C8190DF8EA0C854C062D8A5A1346F810414313E606ECA0AC3A01D6928544029D5F42E202C0CB386F880F7842A31287061F32F3CBE09F2950783394F2F2B23D85386C6F51943E99DD10C8A0000BA956
311
9A14805693274BD0E4F4DC3F28E331EEA91C4F33ABE057889BFB92819187840A08E57A276A8BFCB75B0342668C70C565C8059996D209C2800941A21FB82B2F520BC2E6FE6F1A8827043DE17000DACC8193E78BBB8DF1467978C06F6AFE986123E3A95272CAC122046F4C65C4B88FED2F1CD1D918F7CDBF8903BF1A90057D42
311
F4DC133AF804ACBB58446A0DB78806FC053FA1E45D0AF1112613CC0DD976C5E70AD3282F42725C0D02AC8588DE451B1C01ABF063E7748A3882F0DD484BB78D037F9812240EB88B6034C0AD53E5116D4C6D920C6A89F084E6D0598AD7EB6930CC7B293E27A666E5CDFE9A3FA52FEB3C97976FDAAE9A60008FCA6B33099CF988
311
0D35D419FC687D424378E3099441E110C5B3C6DC311E6653514A67A530D863326C4D8430E0C28024803B5B069B0E60C10EDB6DF087034171DF01F1F3404B27B1056D8C0E56E7CA6056E7798147BE4C2F01CED5987E413AC6A724876DE3F599E0601CE7B9CEF3BEB3671E12DCE8AF9631B8031D3F360B6955DC2342B2A0E463
311
2A00264C0DA002220CFEC3E10D9BADC8904D88DC51928593AA16C91DF6FFF82B3234404C7214D0F8608E0052283EFB2B0563F1D072936C4017706010BCF1B16CDE0C1FA9C777E44E1F5259B0C9BBC8794A82A6C182A3AF56B16921405351FDDC91B5BAAA617860E8D76C97C377FE701A4EB4378FA97C2C8E3CC8950886C6FD
311
93AF70A1F5F676B7ED16CBC56AF5D09110EEB8607CC08A795882358280DDB98AFFE7087C6EB593D62F041CDB4018935238E73F1098100D0C8769818F777057F64C703C6530E142FDF5C837AE1CF66C94C4887D3A3726AB990DEA248F73B5D32C8E04F6714B1E67C53FC52040252E605B322407CBF8C7F05453462A295ABF4D
311
95592DDD76AC23512E9A2DF964715C80DD752CA8E263AC36F02C3C28A133EB22AC8D099BDEFDE28C3E8FFEE3815D5D00C17C00511058354D62443C1A546280E43572A9C661A34FA5891F8E7570608C8DF21DF51DF9D2A84D4501F41B8CD4F4C9DEB2F901E810C0E4CEB6EC08DFB06341C864CF8D0EEE779A606545E1E64AAF
311
30A4324C20FDD3BD558BD966BA994FA915CD162B1978642AD01694E533EC190368A68234657085B5F88E27A0805E04B8BB6A00A51646EE3C10A50FF007FF410F1963CA69BE2002F0F902E701AEC995FD41F83A3F0C3809A3288A083003A6CC2A20E6D703EE48E3777AC07ADD51EB6101603A9FCF17B3D5928F6D742EE7E4CF
311
38AE2B03C5FB39C81D7B2978FAFE85AF3D2710B0582C970F0FEB0E4D1103B8BE2B4D560CA10002FC8F334C891C07B44FE06B2E3ACE5E1E2D1FC32203110ABF9CA0E8381F68EC3C06701328E5A38278A5FCD944CEA5283DA933DF2A2448BD23F1C5D8BE04CC2DC3B43B3EEC29F8B5FF926D11D3E97EBF7FA1BD1E5E5F5FE6D3
311
D972F548547783146ECD84873F377C5820F7F9FCE5E07378D6CBCB7E036DF7F7104079A05B77C6942D1BA95D47424BFC3DB6411009A42E207871B7EE9B06614BBD20F22F7523FB985F3F7068E37600273A3ED0C1CCC380F6EC4AF01CC1CF95E4848B7BF950AD14C44F10460221E02D21D01DAE800F323704C00035DFE97CB3
311
7F797D3D1C0E4FBF35EE1E5E9E0E879FBF3DF6F474780A01FB3DAF01FE0C0798218007C2090A3008BA7682A338F4A8804A06CBFE6A80CEC766F49853F15B2F45FCEA3F8250012841315016E75E797EFEEC4ACA6C79F515CF1738F7C36E2406071051043817C9E8C5888D49D0332E800062FF54FA562BF7446CC0BFDFBF8603
311
D1FEFCC9F7FFB5A7F000430755C2D3F72F2D02A022820897ABDD44594475BDCCA4A10AF34C06B08B4AB58BBFAE30999DC66C7CE903A83CF8EB006EEEAA063430F84B05F0ECF644825F5E95073870E72A0771AB89B080022A0C5A9FAF34C89286257FB7BEA000EC65B59750C68E0815B0D9834B15606328F80709DE09018AC2
311
A7817F83F96DB3D562C10A0A31300230CD4200B87F85808BAF64D04600254047F9C14DE93464009E7F5AABB4FDD6D55142A2C0BF1541FCE19C20C899BF4F76AB54B84CB97F88F48ECC029FD253F0C70DF4816B9AC94BCBD653B1A283C4001A0337955E4AFED3FB790B6B1F5EA0B5514074103A38D84280EE0F5F9BE974EAB2
311
D16AB1EA969684B6E4166CA28264B300474C7308D20013B204A65F82970718D05678B3315D442E1C0A327E2F56556040C005D2FAB1326A68A07507C9E46A3648555A7080F5F50219A00E6222E3E0862CE95B5680930530742F1D041805E69B788161F015944D041182B861A2C17F3AF01CF5BFDF6C343F9171F5B004BF59C0
311
16719164B888EA206A02AD05E8464D06B48E4381A0E9345FD171625AC22198F57C003BEA5510F81FF78D31C9B033D0030000000049454E44AE426082504B0304140006080800BC797D5AF3CB91853C7D0000377D00007800000032433845394346352D373733422D344539362D394243422D3141363443353936374244342F
311
5265736F75726365732F38443036364345342D383531302D344437332D393839312D4243373243413832314244315F506F7374323031352F7468756D626E61696C2F302F745F507269736D2D3235365F706E6701377DC88289504E470D0A1A0A0000000D49484452000001000000010008030000006BAC5854000000046741
311
4D410000B18F0BFC6105000000017352474200AECE1CE9000001B0504C54458181815E5E5E6464646868686060607878787474748383838585856262626A6A6A3636367070706E6E6E7676767C7C7C3A3A3A3232327272725C5C5C3434347A7A7A3030306666663838383C3C3C2C2C2C3E3E3E6C6C6CFBFBFB2E2E2E5A5A5A
311
7E7E7E4040408787874242422828282A2A2A4646464E4E4E5858584848488B8B8B8F8F8F5454545656565050504444445252522626268989894C4C4C8D8D8D4A4A4A222222242424F9F9F99393932020201A1A1A1414149191919797971E1E1E1C1C1CFDFDFD181818959595F7F7F79999999B9B9B9F9F9FF5F5F5A1A1A19D
311
9D9D121212EFEFEFF1F1F1A3A3A3ABABABDFDFDF161616A5A5A5E9E9E9EBEBEBB3B3B3EDEDEDE3E3E3E5E5E5A7A7A7101010F3F3F3F3F5F3CBCBCBBDBDBDADADADD9D9D9DDDDDDD7D7D7B9B9B9C9C9C7CDCDCDC5C5C5CFCFCFB7B7B7B1B1B1D1D1D1C1C1C1A9A9A9C3C3C3D3D3D3DBDBDBBBBBBBD5D5D50E0E0E7274727678
311
76E7E7E7B5B5B5747674E1E1E1787A78C7C7C77A7C7A7072706E706EBFBFBF686A68666866AFAFAF8587853A3C3A6A6C6A8789875C5E5C8183816264627E817E606260FFFFFF8385837C7C7A898B8950504E1FB2DE6300002000494441547801ECBD895B9BC7B5F8AF7DDF90D08664B48116D086163060961A0B0C310663B3
311
C5C5D8F8DA607CBD25013B24A525E92F4B9FF4F9FECBBFCF995762B149E2DCB6B7ED7D3A80F4EA95D0CC3973F6397346A7FB4FFB0F06FE8381FF60E03F18F80761C0FA0FFADEFF7CED7F30F03FC4C07F48F27F88B8FFFCDB7F30F01F0CFCBD3160B55A6DD6B4CDC633177FEF6FFF17FE3E013BDD181C1D9D91D66AB526791A
311
9D181848838B7FE171FFED43FB5E674DD7062746275B3393ADD9C999C949017D8667796CF13731D8A8A5FF6F22C16AB33506B5F99E9C19A54D4C0CAAD6680C0E361A13720B9AE06F6272B4F17F0D07565B6342D1FA24F009D88D06339DB621004404C82FAF6A030303838313E062667470E0FF8E54B0D61AA3103CB0037CA3
311
019440ADD379BDC1A0D96CB1585C1697CB6C3107CDC1A057A7B3A56B4213131048EDFF020EACE9C624620ED29E60D6076A48B96432E8F1C7DD8EB0DD6E3099F4F944406F3299EC7A83C1688CBBFC962FBDD0434D6861B0960653FFCECD9A9E9844D869338F74B37ABD1E8BDFFD47BBC99E48E48BB45CAE9ACBE5CA651EAAD5
311
6A1E6C98C246A3DFE3F1823A7865E2DF180556DBC028925D11BEA8385DD2EB71B91D4683291148E4F3F972B15A067A813DD7A4D573FC0A32AAA57CC260F49B45670C4C346AFF9E5460B54DB4506FB032848F82D725837E77DC68B0EB4DFA80DE1EC807F279F050AE968B32FF65A184B2C246818B6AB5943019E31EAFCE36D0
311
10E4FDDBB5DAE0646B1255A7A43D4A2D68B6F85D0E87D1E188FFC1E17259E2EE70D8610807F48952A2542A31E9E56A911F4183D0443D57AE57F3FA303848A6070607FECDF4A26D10E247EC0DD45076569D37E9B198FD664BD0EBB5597F1A1C9D196C8C4EA479CF6A765BDC06C802AA300512C8059AE0031CD49BB97AB55CD2
311
1BFCE6A46D60F0DFC93CB24E884D87692BF05B75562F723FA8B36105CDCE6F6E9E1CEE3D78B0F7FAD9E1E1EAD2D25C6BA6A1D3792C8886B0216C32180CA803BD3E8F802C0919D04AA5B0C3924C37067E331FFC93A8C6DA98999C51B68EB274C4CA690C4C4CCE6D6EEFED1DBF38DADA7FF3F2E1C39DFD573B3B2F77B79EBEDE
311
3BD96C8DA6AD492F1681DBE576C51D6E87E0017A28158B504233572E05FEE8F7A61BB57F1244BF45FE58AD696C7A8C3D249748FEB495A799D9F9EDBD075BFB0F1FBE5A5EDF38B8475B5BBB4BDB585F7EF8F2E8786F7B69614693F549AFD78CA2041560C1AECF97441EA0218B7A8325981EF8D7E703F4FEE4A8987B9873B6F4
311
603ADD6A2D2C1D3E78BEF5E6D53B40BF756B71F1A66AF7EFDF5F5CBCB576EF6063F9E13E38589A6F4135D08C55281D2BD1ECF1BB8D067D005D2972118168F058FFD589C03628062F161F08C0921B1D6CCD6FAE3EDF7AF96A7DE3DEADFB007E8376B5DDB8BC7F1324DC3B58DED9DDDA3BF9EFDB0BA3480E111D69D19B7085D9
311
120F1B028962B12AAAA16477981BFFCA6E927500BD3F3A383820F6FE6063A235BFF4ECF1D1CBE58DBB6B8B376FDCBC7AF5CAB9A661E1C68D9BF76FDD3AD878B7B3FFE2F5E1F6E60266A36637F21DE934DAD3E372840379D4234450D59B5CE9C17F5907C106F58B8B3BD098C08A6FB556965E1F3D79B871F716D003EE39E0CF
311
2EB97F0356585BDB78B4F3E4F9E393A5B9D905CC27B020AE930812EC278B3B6C12B3B95C2E964C0E5DE39F26087E51065BD3687E71F670ED07274757B6B75F6FEDBF3A60EEAFDED000FEDD95DFC92F8DD7F2274D08E1E6CDFB8B6B07EBAFF6778F0F9F2DAD2C2C8004694A978A210C19184D188E688544516F6EFC2B5A4542
311
FE62F6E1C94E88CA5B3DDE7DB871B0785F585E41AA203F7B104CA8FB0A07379105F70EDEED6C3DDD5BDD5EB93D3737374B5B989D1537729029F742057AF4620903DAEE4E377EB349F05B34D9FFE4B30313B333CADD6D8CCEB416560E5FECBEDA5843EA9D12FE19E8E7AE343A10364014DCBF750F22387A70B8B4B4727B1E1C
311
48831AC4A2449F7A2D71A3DD644AE8030153DC0A6BFC2B356B63B6A5057A26662617FEFBD983AD9D8D3566FF97C13FA3812B576E283E401FBC7CF27CEFD9E6EDDB50C1BC6A828399994181184FD210B61B0C7A531C41F02F8400EB20DC2FF33F3888C9B304F1BFBB8BB6EFC83D181F9EFFB976460510C1BD83F59DDD235107
311
B757E66E2FCCCF8309D0805C44BAA475412CA4380E253FFF580C88B4FB45897701FBD6092C5FC5FE13930BB79F6DBD5C3E80FA4F795F817F1E01E7AE79AF2D09141F2859B8FCF2BF9E1F6EAF6CCECF09F8AA090A44C2220B9266B3D9E172C7DDD64B68E0E3C77C0180BFED85B8FD62FAD1665A2B27C7BBCB503FB32F0D29A7
311
4D7F1B4C0156A841BDBCA00C44148A20C02C5A7FB4BFF5E0F06409265800FCF995151EB84616886940AC14138910A26DF05F4312DA4661FF0666DF606B6EFB706B67594CBE9FD5FB6DC1AFF0707AAD5D80304C43310C1FED1E3DD83B595A59410A0A15ACD040818455E9668075858106B1B5F42534F0B74DE665FFFD6B5445
311
D08BF91FAC0DCE2C6C32FD8FD6C5E86BCFFE7B10FEE24BF917A1819B6060E3D1CBDDE72883CD59A840835FF402D27052560F6616900B73A3B81A1F6B12FD1A109701FE91F7D2ACF10C0E60FB8D2E6CEE3DDF5D3E10B34F214041F4F10FCA1C1004DCC42C148BE0F9DE09604AEBD080F0C4ECEC646B617E6975759B488260E0
311
23C7F98FFA98583F0D4CFFDAE8ECE6DED6CEFA419BFCB5E9D41EC5FFD11ABE9038829D973CB79DA3CE1D791727716D6DFDDD9BAD177BDB803C37CBDFBCE20231905AA0601E07EBF5F1F1EB931508EF9F2B07D233023F08185DD87EBDBBB3BE76EB227C0A30CCA1DF4B5B5C5CC4EA3F6DF71771886902B46AEA4AFBC4DABD8D
311
573B4F1F3CDB44FC2FB41616840C4410A0186184F9CDA5C3E3AD274F9E1E2FB506FEA936619AB897387EB87D18FE62F7038F36AB4C35BFC02740DF52EDDE9A0442EEDDBBBBD6BEE05A7B478204EDD6FE28418257BB47C7AB2B2B9800B3A0605E1881A66CA3951310B0F3EAE1FED355F8EF9F4703C43E80BFD69858B87DF87A
311
77199F77F1DC7C0211D008C40707071BEBD296B5F6EAD1F2BB77CBEF36D6373636788FC0907C6AADD3E4057EC1A347FB2F1E2FADCCE1198A5B805D280898BB3D37BFB97272F27AEBCDF2BBE59DFDC3D63F6F1DD54AF4A2511B80FC6F1FBE78F388F95FFCBD226A54990AF4BC7AF972FFC993275B5BBBBBBB4FB68EB8D83A3A
311
3AE2716BEBC9D6FEFE9B3784C81E3E0429EF96D7099449538F1B0760E6DDF2AB37FFF56275E9B62CADB0ACBA00EB83032517E7892E1EBF59E673EBAF9ECF7CAC2AF87BCB41EB288BD8B5F4C0E8E4CAEAF37D8C3F10206DED60E3E1D6F367B75B0D8BC568300488FEBB3D56B4D7ECDCE6CAE6D2CAE6E6F6F6C9EAE1A104485F
311
1CBDD87AB2BBBBFF7267E7D5231AB810DA587EC7D5C3576F9E1C3D5E5D9A9F01D1A36414C0078202D10A4BDBF0C02B892D1EBC7A3A33F84F5105D64162FB04AF465B2BCF047E6167D15F2F9F9FB474F662B350C8642A954AB690E531938965327583C193B4A575123399C466C6C403138F1F3F7FFE00343C79296D476BAF76
311
5EEEECBED9DD3A3A3ED99C93200BAB082454C008220EE7E757964E90B9EF0EA4CF83E7AD8F8F92FD0F0C829FF9172B310FC027E3E1F6E1D3978F087722B997774F66CD89722693C996AB0193DD6E37C6E37147985560533E574FA552D172DE648A13FBF65B3CD8B2B88E732B4B4BCF2087D7C74F8F5EBC80597677B776C187
311
B4A3A3E3C32502851262C7CD9C9C0405A212D08A9B8F5FEC3EC2E810EFE118BBF0EF4DDFBFFA7D0DECBF1AF26F669EF97FF5EEE060FDE1D6E18CAB9A65A6AB010077592C660F2BFEACF913DFF57888F91BED81623D15CBE48A89BC296030381C661DB90013B3B32BB0C5EADEB3C3D70F1E3C78FEF4E9D1D3A74F5F483B7EFC
311
6C7BA585A6958CA2C1D14945055802B7E79656D103E272DFFCFDE2C6D2C4C0F7BF3AE28FFFC0C760334DE817BF6470667EE939CEEFFAA39DBDDB3A13549F4BD81D7E0B1E1BB90EF2C783A0C0CB0FC9106FFD0E7BA25E4965322C7694F38180C161B10493B6C6E8E802ACBD7972B2BA473B7CFCF801BF7BAF0F57F108166072
311
5B4D87B8257584B525A8001278F6FA6807A71BB57363F1E1D2C4FFB218B001BF30406B76FB0131EF9D27ABA3E652B6504E18E27E8F000CB45F0465DA2D7E9AC5E2F18013F586D9E2FA5322978AA6B29942BD9E2BB1FC69F407BD58B5032D8209C885A5936D10F1ECE4E4E4D9C9365ED0EC64C346E2885527E933A370C2ECEC
311
DCC23C62F0C9F2BD35426E376E2C6EE1187CFC0CFFED9F64ED0BAA1C68E0FF3C38DA7FF95F4B938666B652B4BB616CC0E4CF6371F9DD6EC79FECF600CBBF7A9106C6B8C5CF9BD004383054B3A9480A4AC836CBF544C0EE70F98341E89C6C0ACDF25DDADCC4F25BDABC3DD71A1D1D487B5929D19136220147C9299B9DBB7DF2
311
FABF76D6EF29CFE3C6DAF1C4C0DF0ED6477F83756006FEAF8900DC7B7EF4F464D455CE34AB76B7CCFD9740FFD6E5321AFF12C8D70B954A2AEA43264652BE4AA1502D050C6E3F82E1AF41B3FF4FC5AC2FEA8B81844AA6582FEAC361B79FF5D31A933C3143381451C74423FAC4DB94A028AC94B47E031588438851B0F4ECC193
311
E5BBB7EE2B87E360E97FD329B04E12A40401A3B7B71F1F9FB43C896C361F067CF397CCBEE5EBB8D1942F6701AD920F90F4E3329B09E038ECA56A3D1AAB348BFA3FBA3FFF5292A38C898ACFE9F4F97CD14C214B3E8429EC7079CC1EB24230AE713224610E4CA36EADC9BF0A3759A00288401305ADDBDB785FEFB4D0D3D59B0F
311
3F4A177E8C78FB753AB011FE63D17F60746EE9193ADF54CFB6671FA0BE7618EDA56626962A9B1C165D5A568775447074F2ABF3F81D816AB692C9E98D163342D1E2C857223E670414602B14726402388C2E3F6F911D444A847899B25A08F9B35C1A77BB11AEC207039247373BB774F8FCE5FADDC51BB2EA70F5E6D164EDD786
311
FE5BC097CFFECCE7B10058AB4003CC6E6E6E4E58729966C0C1C844D7F9E3F6402116AB940D9E9FE0910FB25E253FCC62C8A5BEAD140D710F82D2122EC722916E67C4190507D9267A41E8C0EF4926755EABEE1BB208052A726BFC6E924BE2FECF2D220A500883A338857B5B0FF1BFB5E0E3DAF6C4A572F067A0F835649DBD7F
311
EE0BB4CB0161005BAD41F47FE17B53B61920A34B81EF8A1B4A99683467306B71BBB3EFB8789534878BA9682EE0401A98FD8666B4CBD915E98E4453A96CB68E6EB41BDC6E8FCB92F498C9AB20B302912AA9552450A8243A73322954303AB8C0B2EB1B0940A9E0FBD557F3FF3BEB45E9D119529ED22401CC4E58F295A65E0813
311
C90EF8F94CC457B5584905BC08B1BCBA78CB6B096753F580E30B73D0E3C8A7BABB9DCE4824224AA1D0AC622B223ADCCA5A447DFA5DA4D5614EA249581230BABF0631C809965E450ABC22FEAE91C0FDA3D15326B8D8DB87A3F91BEED80880D66CB6F4C4EC44CD9DCB548D7E8B58387E37B3DF152D7910601F50FEA5DD25FDC5
311
66CEEE82E1FDF642C4D9D5E5A4C13E953A4972284E72445C244DBADC9251E970848D6172294D7683D1818D893E600AF0C29E620D620AA868E3DDCDC17F20E01D200626914AB4D1D1B421570820CD44EF7F6D0C149CCE9C65B035FA7163B0D60607BEB7040AA530FADFE3C8C5404137BF91281612C98224D0C10A86B8D1118F
311
FF600C3B54DE909EC541F2EB8C71B7070CD8D233B39BAF9F3CBA770B12100CDCDC99FCC733416D664652176A8D74D2D46C06E216541FC2DD5E8FF5561CE9D9F9858F3349AD0324C15A6D4937B9A10E30E80A54221040B7331489C4A229C9132C2512624141F9E24AA904B2443E51CC274C263119CCDE1F31476E3F7BFA661D
311
312824F0BB2BB79EFDC38D01EBCC0CC1683820ED0D6473069724387BFCC64033E44C784789D67C1411A2E889A39324AEF35A12CDBADEEFFDD262AF6313080974397DB10C5653595090205F8C34E2809ECC4A019F4CC2622981751187F374C9C1C995BD2DD621D422DCEF7E7775A7F51BECC18F23D50EE5B79F6B300069FFB6
311
9A39512893BE07F55BFCE152ACABE01E98255CD3BA5413BDF7253A6C1922793FA114CDFEB8A99E29C6F92263392528E8EEEE8A44C4786C921755CC17217A7E491C4C544B65AD714FBC4D17C9C48D859317BBEB1A0FB0F6786BF51FEC17DB589221DF396DF5E70B450386FF97E4F0D8EBDDBD65EF041EDAFCC2C760D53A2039
311
449202E4C51492D049AC60B4783DF162260A1F743BBB23988710411346A8E6CBA4049034588259AAF572B349C21419D57850B85D49DDC4ED55484056E2E0014860F43790C0FBF3F211AFF18148DA4DA7CD8966298CD96AFEC2EFD017424EBD75066F766E6EF223104022C544DB4822E9C194CFC6107C8580FF2BB3BB948DF9
311
22DDDDDD21EC22672A93CD1648972535084AC84956390983A44E2220AA456564BB2DDE81C1CD076F36C4211004FCEEE6E147F1E047807AE9476AA83EDBF7E42DE99B25B17EBEF460CC66FA5371E4B1C4AA664FF5F0A5FFAEDD1C981CAD614849EAF4E76E43318BB7E4C30428B982C178A2908A46C1002DE2139558A0A92C41
311
7900FE260EB438D1E40A054C3F602B24D393DB5BAFEEDD57C61024B07E660BBC3F868F989CF7FFE5F4B5F6BF44811B62D707FFD22C0AFC9E2FFCC67CAA3FEBC62894D5DB85990FFBF8E00E49B42A779CCC790B966353C07746BA53CD1C1870E3406678ADAC029F8F101A28A8D7015B72E99B856C335B28549A4D0CC61CFB0A
311
ECF8DFC9D1DB2F840494290009BC7E4F117C308053A02EBBF8E54F0FB420009DD763A8970DB8785F9AFD8E52AC2FE36A68F33FF7112218E52D9164D939F0A5C7114E6453103DCDE70CA50AE2369ACA8558D4A72C02142228C8D20A0581B9522F34B3A96C456E64A10B88C06E70986D33272FCEA4C09577AD8F53C49781FF2B
311
F74405A2B882E11C061CD63FF45F8AF665DDAC8A4BA4F2520278EF2B31DFF024C91EFF5EE77D1B47FEC562315F342A28883ABBB36EB3D9AD2FD6B3510481F807E22803315400D008C542364580A18270E055BD2E06A3C11DB4CE1FEEAEAF9D4A81D5F748E0BD21FCE2CBCB09A073572420087054EB81B8047EFCF192AFBFE0
311
694CAA40EDDCECAF3BE4D84F346DEF84C76D4F3433D1181CF0AD3802DD91EE50C5680EBA4CC55C050F91862010C3508BAEA7809C80AB6A59210C9404182002E919FC6F0C62A50A118357F75B7F03067E093DAC83D448D2712572E2FE04BFF4BB03BEE1ECDB4115A956B95CBF6A03C86630E65F76CE981D86443DC3FCD38015
311
03C08901907278C140295788FAC42090BB600049C0CA0218484130990C18A1551005A883843EECD7CDAC1E2DDFD312D23007B727FE31AB85B5591660BC7E5333E140009A3DEE44AA2FF387066B5634C9E723EBFF971BC18DF6FC073DF84E04C863D1A84F222260007801B812F79ADD76E249E806318A0818C108299FA84A89
311
9E81019E042760002D89DF640FFBD3737B2FD7D7C42380046E6CB15ED9A1DA5F1ED06F7A170950B326715B3403C0E3B2577ABADD03A380AEC09F9CF935E163955D706C1894D4D7B82151CE123B50EC0F9CA2F842BDB4AC1BD7C81E28175229A1091C240844E983A8821D09092AD40D118E6229E9DD66DBCAF18E4446C416B8
311
B23CD960A8BF09B88FF9707A61229DF4C64B44BF084F9A5D867A6FAF498202AAB1FBF9572D1042791880D87F508F017D974A7DEB63F61100CC7E6FA82B14EA09F5440A2ECC4343A0D8CC40025D1A06A2CE682C02BBC4840784268410628A0810040993C33BB1FD0263409CC2DF5D59DC5B820B3E06A6CB3F7339EEAC33B89A
311
220054F8CB627114BBFA033F0AFC92D32BC9CDBFC20156B5794CF8DFEC37EA4B10B9D0BFB07EB7C01E62FE7B8406BAAA16AFC240415C83EE2E610327C6820F0A806084636019A8403080BD8C3280067E5C387C8226504EE1D537CF7656FFEEA9333536B5782D867A5E2C20B3C51188F4D6BDD0FF29FCBF1207B0B2BA89FC47
311
8B785C7FD21773CC3FE4CFAFD0BEB49EDEDEFE9EBE91FE5E67C212F44303554503BC8D684050FA2238492A6E04D928C9F0AD928E5804C57CD852FB6F9880D890C405EE6D1F1C2CFD2C062E9BE0CBEE5D240F54C080D50C031808DA8ABD8200C40068CFBE64F85FC60167DFCB52B2EC8295E8A6C38EAA97E5021C5F67A8172A
311
A7F5F5007DCFD0D050FF506FC68E8AC548AA1662E8021529C23B22762CF32F8A41E90DE487A61F709CAB09986069EBD1BDFB5A60E4C5FEFDF5DB1F2C159D8DE6226CBFFE8AFF4CCF8EFEE4C54C0BC4819FD4F57AA8CB4E7E544B950190CCFE5F1181ACE7B0E78BF446C81FC0E06E26BC7F6868786A64ACAFAF6F841FD546FA
311
C6467A2A0842360C25908431251D850B98F65004139108325C2166025C0127C8DA52AEA88FDB661F630EA9D8D0D587DB8B371EB62E8F0E7D141A4E3F747A318892B3184B250981600115BBFAF24805D548DF90BDB1BF600458D32CF6C89EB7AF5C0E532ED605C053C36353E3E363D3E3E3D7AF8FDF191B1F1F9F9A1E1EEB1B
311
1B032543BE9285C53387D2869188462232F39003E6A1884CC50A5082A202092517C396C6DC8397078446E081B5ED57376E6EFD2C137C38E5A7706A6F5D78A9BD6086BDFE44D144080C196EF24D652D9442000502BE6CF399F8F05B4FEF20FF64237CD018C8A5BAFA87FBBABA4251BCBC622115E982F57BA6A740C6F8355031
311
3E3C32363DD697D19BD964EB30E5ABF8CA60A03B24AA020C083FA0192103694205621D602457F50EEBE8D2D1A37B8B1221BEFFF4F5FDAB8B7BA762E90240A7C32252FD736FB43F73F6366E90CEF2A7624249406C81A12E3B5B03057AE65EDACF39A1F215B6095289D26653C6D7DBD3D353740FB4C8749A9D48BAEC752C3E5F
311
B407ED373432323C761D14F0333D16CA3ACC5F7CCE0EF33C56B1227905BD528B104148AC2685048D060824D78B26B76DE17077195DC832D1ABD99D1B57D737953D7406C539D02FBBFC850F5A475B69AF2BC1EAAF38C1F18073A49EA4FCC9284D80170CFCFC7FE3FF4EA4BDA64C6F7F6F4F71746F6BFFC9D3BDFF9EF098CA15
311
9F0FAD27C28F3632D4070E86A7C7EF5CBF7E6DDC57F27FE5F93A1EB617F18EC51A9016EA0E299581D650AF05059A7AC433C8250CDEC6FCF3971BB7244B7563E1F0E0EAD5E5D1BF973D6423D86D311603AC5D7ADE5AC29521A7BBA1C05708207F6562F49C19781117C03FA833547A7B53C167FBEF3696B7F66AAE72C1D7DDDB
311
DBD7DFDFDFD7C7AF346880C7A1A191E1A9F13BD7C69B091103D88B2554019A005341E63FE40C75F5082E140E3451281681D04020EE9D5825710A26B8B2B63AF1F4FE959BCF2F15CD17C7F7FE92CD65B4A11B586878DD0191004200D5101210D035E825E38976FAADA717DA37C1FFBA70BDDB177CFDF060EDE0D1D3196336D4
311
D3D3CFBC431080D18B050438DCEBE1565F8F2061787ABAAF6CC4DD76C5118415C2036D5B8199EF8610BA7B2102510F9080D20698445956561DB6993D980063E0FE51637EFDC6955B271DA7E0C2A82EBC3803F8E76F5B27276D1E632960440578FCF6D470CC8359A3285F014F02D399E579F16BD28303EE5C77CCF6F4EEE2DA
311
FAD67F5BEA4E3841ECBDAE6E5FAAA27646E754C4876860971883200725313256095042020C9848A889623128A21744F1CFDAFC87C44AC42ED02CE32C0BAB26FFE0DC839D0DD9A5F672E2A7D55B5788919EA3CC33507FEB557A61D0EBD797340270977AFA4C69F4BA3405BFD43BF9997E6C8D6429164B1FDDBBBFF870F5AF55
311
5FA8BFA737D4ED8B656501D01066F94F9A5B1A390545FC633110B010FABACA7F345BDEFA4935D02C427116841314B908C9F42A4FA9AD0B7C7C65A11C307A174E0810FEFEC68D770BD6C64B28E14187047E2BCC173E3F389BF61813893F21013C1E436638EB11F8015EC21BDA3EC1CBAD00AB355C883576D76E2EBE5B354498
311
5EA6DE97ADEA59E1943439CB17E43C90F8E02183E82D976C1B3704881276C110BDCD8074874D6C52BA105F111928902BC7014C4044CA4F109B2812157AAAEADDB6D683FD771803F796ACAE93B52B570E16CE68F3024CBFE505168FCEAF470290FCE57197FAFBF53FC9EE287C5B698284C6452BE0940B5C856C639FFCF18DE7
311
EE18C40DF49972224C3C1F902D1E970B316F3084590535B2E2C992A7E0C21FD7170BD807CEA2C9E387098CE8C2148481F80368E19E5E5805C1A198428C020401DA2006068A0E2FC6C0C3BBB76E2C3EAF193DFB37AFDCD89ABC7C6E7E0501A720C8E7D2AD89AFE2127DF37BBEB0FC0909E01798819C040E69F2F4E1F7E1F6E8
311
33A6A7B76EDCB8F7C25F604EBB2299FA7761D2A8A4888CE34FFA523557CAE6545003F22D63CDE98DC6AF050D2E87BE9C71168A6E3E4A72210849B1748AFC176F51A1401E95225034D09684191255FCBA85C72C94DCBFFFA4E1AAB636AE5CB9B5F4B733C140ABF67938AF67551A922CF50E25AC0AE80EF8922D77D97A80A7EE
311
6BBDBB79636D6B30DFCBE4470A7903A91FA4CD19ED65C29B02B32941CD0803CBFE806E372512B92ABE2DA25630142827F42407586002CC21152665FE455BF0A010002F40058A04400134502994ED1EDBD2D1CBF5C59B8F16742513AAF0CAABFF19099C9FD10938C09437B93F6738E1CA70242EA14DC03E6D2C749EFFBC76ED
311
A8E45FAF5DBDB1BC92EBEAEF0D4533E24630B96E53512DFD920DE4274B542A6CC85223FBE5759ECF5D06638205415269E5930EBB2C19C204FA92C4066002091A080E047E4D1A6ABA90C5349A2F952DEBE33A98E0D5BD9BEF566CA69C67FDCA95FB8F3F700B3F1CEC0777CEB3807572D06C4CE88D10AFC515E81D2A92AFF85E
311
3B17866DFF67321C33EEDFBCBA78E48F32D40829536EE6352E09C33953C96ED649692DF2FF541D31927EF849830EF6C77AFCA66A91200FC4E2B6ABB5E7B82190434BA2FE015A21000CF02B02513511033462E860C03231FF7A77E3FEC152CDD3FCEE3524F070F66754D40750FFCC8DDA42DA629711C101F1DC70C8410E8824
311
C9F12BA5CF688D3333A8FD1DE6406AF6DDD5AB6B2709AC1D672C8706258894278487AEB2E8D85FB8B030F9419D30EAA95140AB66F51860FBBCC11FB4BBA49A067E610963000C84B083C454E8E14114C2A939A41010F15552B984D13CB1F9FCE1AD83BDB4AE9AB3BEBB7265F1F072BFF867C0FDF0F6E064D215D04B0AEC171E
311
6364AC105460B7815748F820081BCC97B7EF5DBDB9BE9983F9A3CD046CED72999AF56CC9E4D791F7D75A986B75CCF436C99CA3399060B584C90D70C4098D2005208162DB22164B083BB25F90D01183C20648027E61825CC06D9D5DDDBFB7F6B8E10D14128F85047EB335746E3058CA33A3664720404E067391EF1FD2931CA1
311
6A03090D083190307911C55673A9B47BF3C6FDFD64A6A7D719238D00594E7E72255848000020004944415460336FF74B392088BFF501CD9C473CEB67048FB08CEC76093F111C61A9A0420489A68C45719F440AF05A41AF3D8824240FD3E069AC1C6FDC3DAE59ED95A675F9541168507560EB3C9FEFF7F26B5BABF6D6405237
311
72C963CC0E77BB191CECDAFE930B1070E15F83D530CEE8DA0B03438C648B61BFC5652F559A7593DBEC4DA765FE5B172A405C3616ABB596F61AAA7A968A60022A0714F18B951314C27B840484086001CD1A92F957D15330805B989C5CDDB9B735982CDA3379A4C08D9D7332EAC2487FFE851A93263B6A2DABCBCE0294880053
311
D770998C6681DFA650C0234C3038703E09CE53343CB971E3602947943B92D5633E8573ACEF258C1E3399C008BFF90BCB979781AF06662584F23640085E4981623D16C5F8151210044003E8164D082000840444234662A41799DCE9B9DD83DD516B96CD0B5EA4C0DA6FB205DE1FD0C44C30AE4704B0FDC15FEAEB3721AD6DFF
311
1F694282079A5080B665A7FD8FDEBC61EBE68D83051CE0EE588E450497BD90CD15F1A4C8686173C4E4DC87D6E9FB7DB667C6D61870FFD14321199102241F8B35441367127741D3841A0F280C4004444E33A46E7826F6D6F75BB65C2E9F0908091CFD52C0EE22197C389409946080AA6EB0403C3BE6B4FCA46A606AD06B8F82
311
80D3FF4BEA735B8B37EE2DD57B91FE124376E7095A92D1E2F204C90D9A6019E9E34D336B3A68200BCF63F903067193CC6A3C0210A02228A20CDA424091805087F8C8D1662EE0B76E3EDC9AB50542FA4A36B9417CE417C5E0E9D82FA2A2FDCA3A93F61B48E777E3ADD843E3393319123F499A14C077A8E0DCA6AD64B8BC75FF
311
C6DA52BD2B14C9140DA4CD1733F542D164777D4D7A271B4C5A0B9798CD177B3E3FA0A49D344229A8646727928A0F32F102BBD203C80040563A50A264284952CC48DC3758669FECCFDADC63F55CCABE75F3CAE2B38F47FAD958B471A41101263D08409107FA87F23F8200F2BB80FD1B8D0F30E3CEEDDB73941F2CDE58DBCBF5
311
877CA92A89DFF666D657A9E6C3C20010C0E82FC27F99DB12376862D06862B7515433062566205200A358893EC18012028A047CD966C2553BDE5F497B8662FF2F969BBB77F5EA9B5FD43A6730ABF0D0F909D0E96AA3C9B83EF08332CCCA63BD0E29012D0460B57DF34D8706CE84ACA5B4BA7673ED4115F11F2B875DEE041910
311
15D49FCAE8B2D5100033E77BBB2C1C7531526B351B10025F1218B0977299A8C445245CA05020B1050D03D8C14A0A8852703AC529322F3D5DB27A7B7B49DC773FBC71F560FE54519D82777AA14624AFD49D8BB775BAC109B351FF5D38FE35965C6A3863D1D908268301C505204278E11401DEC4CABD1BB75EE47B7B23B1DC0F
311
6E378E6C2A5BC8EB71763F170260EFE305B3F4FDCE2E2247BD4AEA5D6C434111600CB1C9064B100EE81F9268A208813304080F28B5E08C567279E3E683CDB4D5399E29F8CA27F7AFDE7F7DCE21F8D95E2F7D63A2E11119E8C69809F44CE575BAEFBFFF5E012FF6BB34EB37B5D390B0C1FBEEFEADE781DE9EEE14CAC8952FB0
311
F647529F010622B7170DB03078098C97DF6A8FC6EA0ACB062C4C01160B594E24260205482455E80012101920AE904602621938A3CDAA71F2F94ACD9AF9A4379729E8DE1122638DE012F8CEDD92F7CFBDEC0CCA3A5343069AB0033FF717FB464C49F531C507C0AFA1A0D661304BE2F9E2E26E98D86DB41288BB03F58C8FF84F
311
3EE088BBDE06D9EA32337B39039CF5DBB96A3FF3040F482E3ED6A03D91CB2A6B30040D00FF109680AC2C6AF0CBA22132102D41BE75A69EF8EBE15C5A57F8F43A6BD0A607F7E1815F95BDC202AADFCE20140EAC334A068A16741746BA8CEC5F101660FAE54F5040DE685BC47AF3B3078BCB696257D166DEE166E38C33E6ACE7
311
123F4872B797F4E8D9F7F3082F74A5F5D7C17CE7D91A34918ECF1EAB7898AC09E513125804018A0434292804C0D22134A078A01BEFAB69D96EA5D3856B7762595F76F2E0EAADD573E6FA87604A6F678339BB221A34EA759BF4B080EB6B476C3AE667CB8B204A6BDF48657C9481C602C9B0EBE1E2BDA5688F33CA2E82B83E13
311
23F12B96CB7F07FF7CC126A0C1D159F9E019A99DEFA703EF25CF7637084008A007582581D391020A7C650B290A90F5112DBB503040C279256758994D5BAB9F5DF39523BE3FEFDCBCBFD5D6D55AA71FD935A3494F041D684110E03285C69AEC56E1661B031A15B08147A3004BF5C1BD5B5B7AFA4FE5EC717D3D9BE9210816C8
311
B3779CDC7608605208E07400E7C7A0AE2F8AFF534C58DD8E2F41802C1797EA24130320A6406FFF904841718864A958E50F20064447D09CBEACBE01C4894F3EED6329BABA7AEBE6AB4B9288CF0FA1D35FE71ECFEAB2810C3411BD218A9B1F19C97F05020405BAEF59F29338865845696400E9A3F9C6F2AD4769676F249A0DC4
311
EDB94C069D152DEA89A49054AE6C8056E7DB3BBD9D3EFF0CF0F2BED562625389D842612D2ED2250BAA6A3D0904F428212804A02840430EC1D74AC9C66A7CE0DAB56BE4D4146636EEBF9BBCD416BA38A2F62B9E4EEF37063C463D14F087AFDDF5A95038C82E26ED5D8D0914116832201C3FBEBB719BC42961004795644E6CF3
311
5CF92FE13F92009AC40B9859185500C9C36F69C980E52B48E073C284DA4AA1284264A0F208A10771007CBE6F25D94E0901518E9168C1CB080DD73FFDA437E5F4195FFEFE605B6A919D01F6FE084E213E7D43BBD3485BC2820036EE64A77C46AF9792A78A064E0501C250B480A77C7BF9DE8B00C84F35F5E1522523A97E3176
311
491205171D7826023FECEAB4CFF317DAC7E491B8901721408C90CC3ABE1516D0A4A0F080F8C3AC0D916E05069425A054432463648761FCCEA79FF6C79CDD89D7B76E1D0F9CDA42E7BB39BD56FDBD3736703861450BAACDF0C6E8982FCE2E70618264FBDF1419E86C6264982C4F0E7692DDBD2CD154C37A76D01748ECCA16D9
311
23FF35FBA2F8CC44EBE336537446743616A3430AACAA8542524B9D84067189650DB10F5B10B5276BC49230232944D842BC2B8A28ECD2E9DCD73EFBF40EB1B44A6D63717FE29C1EA093B3EFEFF478EEF9141BD6419DCB1EF84EB480BD67AA405DE820FBF88404E05A3E258F9C9C60D59973F3AF9657523D2C7B41004556EA32
311
24BE67AB011428FBA55195330B4228A7CC7ED1EE970E55A7671F687F3D4F6EA3ECC46753A62191AB48EA188640BF2C26C3054201923D44535240920DB110D97953329A6DE6A94F3FF9C4190DF9C2BBB75E2D748CC1D33168106BFD76FA57C3E8DC6273DE20690C94BB37BAE3899EE11C1A39A9F6326A1F6F7FEE271060D7BF
311
58DEB21300CC544A6CA128149BACF3A59A0493FD6C96D67D334042D5792B58A1EF1CCA4F2FCFBDD1FE7AABDF640E7E253C6020BD8864FA6E0151D6D6355B1060B5AC39D2AE889A4100A21F2375BD59179CFE5484407724F7F8607D452B5B7C0ADC6997EAE25CBFDA1BDAE758DC74B3FFDD148EC74B7DC3791C332101E1811F
311
E563EDFF6A5883D5DAFE9B5604E1936A9AECA502DB5A30DC7D754AE4B3A28C1B509B989DD330AF7DF1CF0CA3330FEAA3ED6FB75AEC9EAF080DB2A2220860A998908018C3E2108810400D0A052812102B4121A0BB50B4E8BC23D73EFB6C28D2D59D9D59DFD0A4A006DDA58FEF8D091AE5CE8037AECF07F43F381CE5E19E8407
311
8DEC451026933F9E7E3AA9FBBE6135EA9FBD3C32767591B253A6E8658E6AD0F801B1B25EDCC0A00E1D303AAB29C10F312DCC2000F3C78F7CEF39F690FBC1120E21A9597884AC11F97C62EF31FB2203986A0C01EC0085019575281123320EBB6255C78FC9BECF3EFD740CC91031EF6C9C742C56E9EF520CB4EF5F78334D3C8C
311
1D4AAC5E66C77B0CEC59E5D79BFC319954151D1419FCA81B489683CF7757307C62B1EC77A652A91828179B296796D53E165455518099858B0BA86763B8D0DF3919A08D513042D218C9B9B23B310F63495C48C097A442F40042000A90D4594840A4A030083888D55D50C067D73EBDD3DB15F2995EBC7B40A59533F49FF5DAB9
311
52B87F0F31565DFAABB89C826032DA33E3BD6136319BBD5F6A72802DDD49FE746C6DAF99730B5B2FC21040CC573791069BC7716992E8CF16718C2074408D4D159A237836BB9D8ECFF529B7CEDD6E5F5AFFE246F8AAC820FE508C743199E5913E6C4158208437C4BAA0C24054D268440AF6F777C58A6E9D79EA93CF3EB9D64F
311
9CA47CF2EA85541D3BF7ED67FD9EBB79EE521B8A2DE8D097D89F143644A6BBEC7E9607D9288D18504DA79142D26AB79C6CCDA77A9CE4B1971379567D29855D60A18AA4224E06609BAFC4024FD70F3B709D8DA073C53B1F8C009A30E010620BB29ACEEA02A24E142129A5F000332DA6600701588398029274DADF13CD39749E
311
E14F3EF9ECD32178A6527BB935CA62C38576495F9DFE3B23495A838EEFA865AC0FEB9DE3CE306B23442760024D0EC0088208AFA56E7BFDC0181202C8B2B649911C7D807D2F993A3514B00293D47F99989550C8698FED8B33AAEBDCB830C0F6E7AD86EF3C8A02FE10D6CB46020C3EB53A04058821207A506D2648A534739837
311
79C3D73482804F69C32CAB463C4F8F666A9A29A4F5753A96769767DCA16EF0B6106BD2CAAA1024AD370542D33ECAE3C003410FE077884064A2B96458395E28F492D32D2BD485665956BA2BDF56AA94D5E003041029377566069D81AD75753694B3ABF6A8E4C9AA0BCBEA805A1E90548128C9444A0D4001B040AF040424959C
311
26D421E92588C8DEEE4A5C6719430D7E360D5F74DB579FCFD9588EA38B4B7B39D7E185CBB4399EE0908B800104C43087DE7AB005A809D469521DC85F4E3E3B743943B2AD833C8D66339130E5136C072A49F9106FF27B590E996D5DF8DEF32F644C32286D6C4A29745EA88F59E3458C29850013DB088402088DABEC62898928
311
67A08D00769E22044447F6479A0EAB67EC934F3FF9F4BA84899AF3C72BE2B569ADF3AC9041E7A7AFDB43697F4C5E798C790E81C9EBAB3D5319227B7ECB5BF3975214496100471D04188BA38FE7723DDDE479B134E3A3360415B0F15CB37907316D55F1020474F6149EEB8B6EDAAF2EDE3CBDAFDDB6BAD95489EC9174199689
311
D5FA880A8A891014432012F95636D26814802D2CF1A27E67C5A133DE81003EBD3642A4A832F978DEDAB1054FE1938B8B43387BA5AEAC6447E539FE261FA8F68D158C2E17769D940212B8E50F372D68CEDBE74E8211DCE0083A1917B88219C07E984836416631BE935A105B782F1A76DAF1B9C1D0A5D63F8F108276CD24B8EA
311
5A6054E94132053AA9E69A10400DA07E350C2004A0005860A8AF3BE3B6BAAF7DF2E9679F7DD24F14C56739B9AD9C9673FD757A78EFB94D10F2C40AA5279CA7AC7FB1541F9ACE12155035D0980D00D71A13D3B4CC2D890EF449B8B2B7BF3BCB56E702C534B2F93815A290818A0526DEB36F34E4D387D6DF29F0A78077460A02
311
727FA44BB54458420FB2B756AC3D71873086351650085052106F40520D87BAB271ABE31A14F0C92723A4147699E6160047F5DAC16CA707F5DCB9D9E1466E72AB91F63838EA85EDCBD9E1F12C951B2001BF59F68C8936104498CDF1A26E6E348BFF159151F5F784624D89DF763B0B01D95EA75100C1000568BB1BAD6BD5577B
311
14E7DF387F2DE370E5C26A8D9474A1045B4DA000E50E89100401620B8B10D478002B092908024259B7D5308E08F8E4FA08FE5357A231CA426EBBB7F39D9EEB4D9B0B05B9DCE56523FD369C67EB6E2E57191E6A86E58824C9EF43179C35BD7E60DEE3C30D70E2A30D0DF7F74572EC7E25340C02888549BD13898668F1C0B301
311
68FD767AEF3CB7A951BDE4417EAD567FD620F5662CEE380B64D914C6B036C90A015A4444368FB0098768813204900EA182DF66F8F45308E0D3915EFC874292A5BC9AFAFED3CE14909D07AD6BBAD3C6A83D356A66F6376741406A64AC40F93B07C99D92CD2738901F8695734FCC84BB43BE68574FDFF0C8C8506FB499652DBF
311
A7BBA0F65779150BB4C34167F0BF77A5BA3BD7B55C76FE74EE8A09752229845040567693296740F480B0C029058001D183C21F4350C05B9B1E02A05DEF8A74F5A6CCC1B40D43A0DDC97BFD9F7BA97DA0FD3110602CE1DC170ABEB1A9823DCC315992E329F07BCC6FC53236C7ABE6D17435D4050790EA3D3234D6D795C9FA48
311
677466134692AB1509B0BD50538367DFDEE135EE7490AE8D427DA4438C8207AB3B1560573132C02DBB0DC5DC1143A08F908078C41A021405600888378010ECEB0D55CDB62AE1005030DCD3DDDD1331E9BC82804E6FAA5F6D3867FDCA4DED55FB716000255790CDCBBEB1B12CD9BD88010D03A0E00B4501E15272C21C632DC4
311
49C6FBF0F0D4D4B033C3D688A1DE6EC90DF260C389373C3A7B496D85765FA7C09EEFBB730D72ACC6548242652204C389FF271181884C720F1CA0284045444ED58092908887EE84F79B8A8880CFAE8D1320A1C689DB6CD556474EBFFB14D6D391C89DCEDBC27DB5341450CF162A19E7D058C5CE39580E85012A042A59000BE8
311
F5B65ABC1B25D8D53F32323236353DD4E58C8947D2954D846587911CB1559B991D957956DFDD06B8D369FB9ED6B5BCB878860C9F26E5F00F0A01CA19C0161653504800354008949898D841942D3D3505E18E8829F97DB7500091E15E899616D967AE8252D2D3CFB7CE70E4592A189A1DA8B46C25E51C9E4EE9296314060324
311
780B1B2846F0948C691B8B01BE48A86F646C6C6C6A78B84B52FA581F2F4876AD580D2080B24B1D42D7E057FD28D7F07C8FE7D07F3A44ABCD9429499539C502556CE1484409FA7654B0230304011423C010102DD0E333EABC5D08005860BC5FFCA754C2A36B2FE376860284AAF7765FDAB5B88CEDBBB2EA158CE7290A988976
311
8F8DC7A4889194F31273401AEAC06CA9BAAD3A44808F8D00ECF6981A1F1B61771BAF4211951E272490647D65F25C4C1CD2D27AB09EB7774E813F7D53CD0114A1C7B5B57CA18420CB63526142C585450D8A3F2CE536342D20142032404CC154DC6A19F9E41A14F0E9785F37FF512145EF3D875846710A6D07E36737B8AA35A8
311
6A21E5717DA1E1291FA1A1BF18FE24B59DDCB25AFC5624A1AB64B199B1027CCE1EA4D2F4D4F4C808DDF9BA7AA986A4D78ACCA9A0F064C71992EA21D2D4ECF3DC4605506B57A7773A173A5B18930A27848262A20625302C925EDC61F17A2425A08D0029470102C453E86DBAAC8E29A0070520C0170AC5BE8BEB346780AECEF7
311
D6E9570D4B46D176476400B501AF3B91CDA462911E1040E996006200730004F8592F460918F31EAF3BC662144A1019383E35D58F4620464D553932FE1112F8433A6A3E1113BDD893EAAF3DDBF4C59B1DC2D046A2214708B258C98370D686D84E209620A1CF360F882588ABE7135B382386804200CEC0506FD19C0E6309630B
311
5E1BEF4371F6F8CA9CD0742A5F2EE94B46D09996CE1024289A2F205F223DD363CE3207812207C2620FF8450CC09876BD5767728200413BBB21A7D8F9194965E5F4CCBCC982BBA00208249A6801910BC817103B53A190230F724386D219021F29674AD49E150A30E46101A933030F4002507AC70EE858424A0D9246D59D30DB
311
4AD7A100F4E0B52110D0EFCCDA93C880B32F563D9CCD80F6527AD786A1BD262C1EA06045AABB7F6C3C42F11AA26354F2820BC41E2273CE1C3004BD260AFF2097FA86D001635308E00C9B42C22CA730F7D41CC16D4A720C895A9B6B7F3D5FAE4DC1B9E174E6E4DC2D35069B997A9B6CD722DB16535842426C23135B0709D00E
311
099DC900E52B8B3794B27F656B5EBB761D0EF8E47A0F05BAFA432936D60970A714AEBEFEEC81B7A46FDED65020AF519C7E3D6B3CA948FFD078A85995739EF452EC8F9C074800EBA4E4400C20F1B04D64AFD3D8F0F450C85937B22C6336A277A0295652C0C3604BC504DB9DD08F9AE74EEFD271BB59B5C851FB0E9F4AFB0B95
311
84ECB3E0C0524992C848DA34713F85004501C81C094488338025286B23FD3D38C3D6EC7554E0B54FAE5D1F520888E9BDE75840835675AAF5A50DA8732D6F70CDA28FFF2F4D024ECE9EE1F19094702A95582AD4CA1D5AA88969C1E3B3E470C96132D10228C221E291961AA702582D3A8EDC63C738B103A943DBA12E0D52A501
311
54378A2A4E3B960B66407B2DEFDB8C6529DA080780802A5B49D131C839F1F8545C1CAF0304C002882AE483F286FA4375BF55D77DE79A1282D7D9AD12EA0F45BF03011AE2CFBEFD5C47DC94A997BEDBEF73D1B079A89417CB387B47A6FBD9A44C0527168A9435805882BF4B2E73B80002F0C2A1802976FE0E8752A560EB646F
311
89140D397D6D001A48EAA8C42CB44517DA979F76A2DD14484F150397EAEDF647D9676917B3CBC5E98B244DCB2E3A4DD381031515556B635A89158205829D1E67DE620DF6B0095588605C64745FAF130A6843A6BA530F176E9CBE688F91A7019B399C03BDBE9E91F1BE4C1D0C50D90C06179F000EF05A4A6E8F218B3186E9A3
311
58607A6CA4379AB06C7202C6EAE4CC0207E5703A20FE80ADD152E911F2D567D0B511A2DDD0265EAEF990108810027FE17AC104BF515B929C69D61CA92320304A380004848400544D11A505140242BD317BD016671FEE1DB664630A77FBBAFB7B227A8460FBEBD528A497D3A67AD55EA9EEE5817BB59AD951E6EB63C880A1A8
311
14FCA48ED9779489FE3308F078921E3D92294660525C90A1213860B82F1429DA96B676769E6F6E1E3EE020CD01A98B6D830734781450AA274D24CB98DA73CD5DD5B93CC95DF56CD3370BA41C2303D52642B29E580284CD95332819D36487C202A82A31055592404FA8E9F07E535522E0DA9D3BD77BA080FEFED8FB5A80EF3F
311
D7DA107746D01E4BAD168C57A3910CAEDEF870248B1420E82D751E9182C880A427F1B9D198E9A1F4956881E1E16141802F90DCDE5F5E7EF9FAD98BADADE7875A4917CE211125AC3AD59EB54B05A8BAA1B02058577D6BEF8A66B6679A3815D4281757A0C9D61172E510F4D49B504B63A485B153824DF4802F76802409444A7E
311
9181D7A7AFA309EF8C0B029817138690FADA8BDA5EDD12842B6C688FED39A1B02F9B868B52C6A77768FA3A1440F926110352DB546A695056C865B0677A35044094A0A0B73BA54F2E6DADAFEF1C9D1CED3CDAD95A9A49FFF823872DCF74148CEAA88D8BF6B5F44FD7F2DBC180361CABCD9DC8141DE27DC9C99BAC8E121475B2
311
650801206600DEB0E60D56D0D6D4D7D1B224627AB335D935C57EFCEBD7EE7CA221A0DF67D26932E01CC1D149BB4FED49614161A93D201B86402216C9C4424353E3918C54359318A960803ACF5E9DD9C0AEFA0ADE966201DCC1919E7E672A1F5CD95AE7AC89BDA3E5838D574F97E4AC5CF4C0371DE8045CD595F6A418532140
311
7BAD614210C0A7A8B3D82CB25B0111801D942B54520223B1478500952020ABC352694B2C4159220F75D78DC19FE2FD5293010AB836D5138102FAA276ABA4CDB77B56F83DFF40AF6A7C0A7CA52DF8248640F2737D8A787F1773DB2D15BCA85B438D474E8F802DFF9AB4185C067D147B5C8925715061C94AD1DF7AF1EA2E278D
311
C831201B3B8792A0644D4F34A473F5ADAA63D5A35CA92ED5AD8B0F9284A5B3C4AB293DFCF6B5ECA30B506D4FA2C2A273A44109B23AEC232CCE16FA0C46A2C8806E5FC995B49AA6EE5097621C2D30455936D6537D06ABE60DCA18DA78388F6B358EF6F0E4898FF0D8B07AEC5932FF9C443B7AA50238E1A13A85D0492027F5C5
311
6A0EBB7E2849381CAE4408B02CDBD5EBCBE4E2837B3B1B7797B79EBE3AB875EFD583B919EA279125233B65046C5AE7493D6B0FA05B50D17E473E23AFFC2E94004118F658B34C5917BF84B0B8C6028A036471140AC06747414000E44B664C96A4B529F549A0813BD7A6245A31D4938AFFD48907B4FBE0E99C38683B02F29EF2
311
5B14B5E8289E136E4AF5A2FEE1E91E242DD5FCEA4DE2E47AFB9FDC1EAFCD6B74DB4DB2AD17C903598200F60964CA86E4CAFEFAC1FACBE3371C83B2B1B5A4EAFDD626D8642E78D5E0541856A97602ABD205EABD36EEB5275BD0ECA888126823A05041D0416E98C2AAA1059533882B94CDF09ECA148AD439BAE32BDF34E53840
311
C1B5F19150341AEAEB2FB8D39226A4F5CBD38526A3921BF2A869276D3228938D1AF0B149BF87221F51540DB5FC9A52C9CF64707B408F319E28F9884CB737FF3334A7AF8C1FBC4269ABBB0F9FEEBEE318989D0794E1D248A0DD7D67AAA5CF7312A03D3AEED2BB1A40DAE2B553BE16E71302084B9E1C4B63420188006507817A
311
F22354F54D90A06480335A72419BDDD3D3180294A3F884100D42BC37674913125360CA637B0204E8F64F1B0732266585A851A66B5E573ED6CDAA07669E137B538880C23D09F286CC249191139E1719A02180E8442486F76E364F1CEEDC3D78B48528B8756FF9789373C56DB601AC4201AC0DFEE9B342BCE8487103046EF519
311
C9C6B482E1324B6C6E45002A289E22675E091C5C61EC400907284398529B084185818CDDC2923DB538A6A6284C7307675022B638C85AD56F85590D0FAA3BEDB28D724187FA53776588D40FD26748FEEA22DE17C2DF000308428E8909FBCDB59941B75F5F8D628C30F5521223C49695AA3D699D9CD9DE5A3E58DF7AF164FDDE
311
ADF527DB94A326BEA43617494F6D38A527ED872BC140BBA98F8809604D9B5D0556D981DF1597A2322A24AACC0005BF7080CA91420B342B6A7510A3A80C07E88A63D7A7C7B103682320A0A7AF3BEF1D90859176370A0DED17724B085184AEDC97D1A8499097EC64B51748417712EF200B309589A10A72E53C21DF64BAB5E0F9
311
3A518C890CA0013F7540336547BAB53239BFF7726363FFF8F59B83B58D977B2DB6D5C8E61ACE0C9039567FAA23D0C22BF9557F0A1F322CF59A04DC60205BB6FF41C9407652D629C186AE27EA87C8150290ED019222847E6266C410F07D9B0DB8BCBAA0E2005103E37786BA64D126624F5215BEDD95F4DD6E5ACF3CCAA8D453
311
7B10DA0BEB000590EAC015E91F9EEA97D0132C802A2CB10FCA3CD05AB1F813D59406BF60C0F96D2C577235E6B73767575E3C7CF7F0985A8F0720E0B6F44D9E801804C262AAA91EDAE073DD199B360C3523549ECF65D87187EFEDC60E2C5254555B1B45E74883F414078812C866E14F982056365A8256471F55AA342138DD43
311
DA7E5F5FCCAE53DBFC3B40AA919C8E43EE76429472A98D47069AAE7DE92E4ADDFB9EA1E97E093D49E5262181B0313931BF64B1E8AB5976356BADDB194DE5AA96C6ED677B2BF3CF9E3C7CB5B5BDB78F4DF8606E420A32CB092AEAAB5577426574402292EA5C3023AFB829FDCAE75853703473FAB87802EEB83150A5A42AE110
311
F1F83504C88E112D452A9BA9333269A46AE37E172945030308014CA305BBFBFB499838DBDEA6752C5DD28DF6A3FAE73C101985EABEF39986D79FF791FD11A2BC8D44FB9420A4869DDDE84FDF5E4D5B4CB92C3A000450DD094A8915AA61DBCADEF1E1ED9507BB2FB74E365FBDE1C9270000200049444154736AD8F315FA86C3
311
389743AD4E09B7C9F7B721956B3521CA0754DDABB19187526233B05A9225221A60655436216846474F7F484A0AE10BCB5135A9A63081C444729C5AA44B46894E49812E2C219400F5CB7A732E96C745D77F2F004A6B77A946222390A610AF49046EF169B1052DA64C17481C199E26D68BCAA1C6A9E881B87974E9B0C1912105
311
82E0C08F4DCE60C88F35585B7B2F5E2FB5968E9F3C3D9C9FDFDB7AF2789E7810DF4EA50405AC02BF2D68641C6A28EA428D407B29C537C38542C2E1FA5AB4A06C9CC3E141029020A29AA44543008800541342500EB092CC2C76E8B9FBA7A6418010C1B5617257427D4ECE7E1057A0DD571B03DA4B6EB7B1A1BA975772216299
311
910E9025526047A6B3674A8C6A55D194428ED5BCDBDBD83E9EA3B218755F047E8682464A15CAFA606BF5E9F3EDD6E4D2EBA7AFE7D30BDBC7274443D4423959FCDA976BA4A60C23D50FB7A533198AEA9E9B2C667BD976A997C538940025160BD8816C8D912C183040AE180440D959E26102B9D8C2D96C39EC675743694CE0BF
311
8E25705D82E2442C7DA6A0ECECD03A50BD2898D59D0E524EC99FD1A9E1C8B37580D078D929960015CF7CDFCA2A548A43B2088B78274F8E37BD0E76F5A28C64FE990CDE221CDE587AFD7A7B5237B3B4FA78DE66E6605A9BCE2F49E3220739354C2156F546372A6941012F83D1902E88201CF7953155495077851034E1B03C21
311
F14ED00F1900FCA203B4FC2856EFB00431530B2C230693E6E894C6014202ECE1A1844FC58112687FBF90B8608297F22C975CF1AC38536D84529F90F7D812426034E0C39AEC22EADD8DC72D18C8D68B81787276F5E99ECE4D66BC8840A646F2F5E4C031876EFE646F750EE3677E69C662E4C021CB9F0D863FF8098C507CA071
311
4EC9D28588FBCEC0643C827469BAA4CE522ED48D7F56CB5014D72B352B145AC2EC44DB08F80A7E44400C1785E308440F64B3450E3DF026ED2C6310A1860C70067A7D506FA8CCBA9020802FD64057F0ABBE14D6D54D850705B57C4EFDF2D4D0790C94D08FA208A743A440D3638C9A3D542DA26ED30B9BA55AA0EE8F5A9F11B7
311
94C061226C6E700651CBF6D55F75B3836C3A32998CF95CCE24CC69B551724110DDEE41EB975E94BCD16ECBCCE8D8971134B0E7CCE8FA82781822006D23D5F7E1006097221A204056C5A48250265B973AF4F50207D7C8F14555601F1E1F977A8DC840E68EC5E1B7D606473A68C06A58502FE486346DFAA5677E946652CF3241
311
E974907A60CC7D68647A5816FE3804A452A806E2C189A5E3E3090F15B223C20330003639DEB2DE60F1DA66660674E6307592FD767DB55CE7700C2AF1E03F620ED550880ACD426CDA284E51A2A6880124CDC960B0C8E60B89074B3080452196280501E41E00BD68007103442DC9315514E6916005D60967393959A5450A8A08
311
C00C8AB15A9D320425494C034AA656F52BC0F327DCC83D6D38C21D42953212D560DBA02BEF430F600D8FF422E7450F343104BC03F3274F47CDA62C99E19A0EC050CE964B264E914ADA1A358B43CF4110C0CFB100590A6197F5F84F88811ABBEDA41BBE5E1021DDC9B3A27D2E041932246F42AC6029A64448DC6D2A15D83628
311
192034F43F4D7384914854D3E3FBA5D436128020BC7D6898E82414800818EF477C39BB72F1241A48A055806910F3D89901FA141C74C6229F9481A9465E85C790EA727E1BE91B9BC6D845EC022735013EB74E6E3F58F0860BE5945282EA0DC225F849048B74560266012288F5BA54C417315DD43B3C49C1C080980558461AB4
311
DA9804EB320A410D15B8835E43BD90A7EC004B70A204F51455C315C60A00FE76292D21007104997F8E20209187624584EABF2A0C0FE1B9400338C4532203BB2284489427A050DD9E78E9101CA826571AB4EA4A0D45DE50AF1A36B3A3297970FD63D37D31FC3D390686923D0E2F62FE24E82A44B352F113CC701FD2906A091E
311
B83869A1547CBD522D48CC325360A6AAFA387B993856B0A14E6A6877A0D0205DC908D4BD015D5017E744113DC1D0B7A0408241AC0ACAD630E65F4DBF18C1E2076A318A665DCA3321982D5F7ABD8E10E12B6800148C5F1F63237B249462FF88161307A64EB70A38F5A0665EA15F76C34A9347351972991E60F98B5D0712179B
311
C2DA9553C1B08603C6E000C7A5263DF94C36254A502AE1737E62091BD19CE4BFD33AFF1F8BB932A40BCA9829821655B27DA0810136F5B5B3F755770AF64ECF9CB296260EC2511A100CEBCB620753552F47D49BA83F56A7227F25744400405D8AFAABC4A9D4C1555E923AF1DC8407A6B003C95FEBEE6E1A253D4466594DAAF0
311
1C7D0ADCDA696E8213F0AF868069AE9A764BFD438D9AD29206D40D0F7465440BD06DB964B00C2EAC3E9E30DBA9018D7042064AACA01C201E9294250596C52CECA0C37E27C91F62E578886C3900978A45684B73D292B09C1A885CA88991500491500BA1D07251CA3690880402480F130E20188219A42140752842476AAC5364
311
9D050BEA35B114EBEE1D1E1A66A95EB4A02602BA235A7E8CEA43E8EC27FA1074A826F286D6061A9468BCCF0DC62682891201568BA32E3C807AED93F2CE84BDEACDBCDE6F6B2D3D9EF11AB1C3C5089259E658C9BC3DEE977D62D4DA4BDB2CA66A813305D9D30EB52A1969779B7F148388126C244BA859E15124B07407777C43
311
F9694B395BCFB3264E76013250B6CD12EFD09420F0AB5DF3CA09120B10E14799FD2AEBB60E6C802FCDF91ED6E8B003A6D08277C6D8CAEF735608126208B79B824AE65F83916741BABC1088056E198F3C6A13C4218FE9A03F4FD23D7A60780C3C50E33A53A043A36EF0F6C982D7958BD531512147A6B85E2CD9FF2C05630638
311
2176B4A17319CA8568B497424FE24B23B0A82CF0055C40F6643A485D2134626760696B32692370EB35537AA090A00011CBCFD4AFF2BBC254998690D811A294805880F09C2A2BADD62A009FD50A501B0C7EF1754416A8A6C6245F8760086650E4DB5C5C4A182998382409EE54D00A06DA3FF2BA3D0C385740978957B71001F0
311
6CF2F370965DA1620BF543028445880A058C5FA4276E2F05BF48149AB8A9E291489D6B8ABD43010D4ED2656D7450F735BB1C24920D05B1B33F5368C2A9C205E8028204130D6265690954A03721806F7418320E447A890551C9C7F604A5081B9100D67D648BBC7C11B9BF7242A30A518AF2E31CA23C514A32724828657F9FA2
311
FF71B0303EDE8719144925701095D815C0805B835C9BF9360E144E344B40885111823C2BEAE0A5D95D240DC2D74B0A40375D33D7F52A758683B5D6ACCE1B46C48B1BA0C2856881B84B95CC99996CB13A6C7D6B2FCBB67795CE968A56A06D83CB9344192025A8CB6733EB0626441CA01AE4080BAFDFC084560D5F832595904C
311
615129352FCBE22841BE48E61F648A3922B119EDDCA500BAC7FC95F7ADDFD787BD36323CC44AF5344A90D1FA9A768F575C41015E4C0C7916A1D3C6854281CA4B10FB44B02324A0FC77A102FE85D8B0D7628AF5767FDB3D34263EB132859A45BBDDA59B58C0D8AB660AEC96E0B444444095F3635D6FA5681887E32ECCB626D2
311
1E538EE3229839EA0A0AEA72794E46093206B4012890C29C52948E7051D0FCD6EA0988FE33B9F01E5956971C618E23420462052A2B48C280A272E127E49F2C54C9693324B07186277B8C03B24629097B24AB8C5F1FEE4130A5F252C44B11B4002DD02924F07C8605C18A002E44801A900F4000DA3DAE6B3A8FB1293CD08B3F
311
C06A7106F38384114C3B0EA0347FA9CF60E88841C26C54F57A8783A09442C0DC1C6503D37E3B35219D622E6395C57025B188700E95778814A0261B2579D87FEB72C9E113B94289634CC831968810C7915161938367D4A207F61606603B0C288B3475C43F27F0E9A5C681ECD1B5B82BA42BA2ADF105A6D083436CE68E66F570
311
80E6090A980A090AF436F80A4E81B68302450D90A830A69449E1275D7B8B29208906435343A2F199482C6F5C951F0766BC41079E3A5ABE499DCC2269544637061F270AC1021CC0324959EA1F08E688C380AE60E60AB207252E995F32CB40CAA933EC0B24259CADDAA420D8DDCA90C42350DBC621004241E819015FFB12997F
311
6AAACB897479E0E7483EAA5EB3B3CAAFEFA754BF4A594509DC99EEEF8EB19D9F5381581795A6585B80D728414840A1449B6FA59510799D8FB6FF43DD18085AC2997EF221413062107F10EA138D17B48EEA489754FC88B9CFC13F0662582040EA86B5E404B2050EA7081A2929119509E42C9D4C335B666B1DC751ABB453BFE7
311
0F926D014150ABA0CE39D446969C403AB634F9451E555555F243E52816BE41D99C5895B2522DEBB4814480C3AD593C8200CCAE68DF70DF3049EBA20621801E2751EC00EC840ED0C00676015F01DE815ED0C06C032FA24171BD420177442B3216DEC51F705735121819EEC224610A9A90B2F16D7270D41C34C801605975F853
311
89BD55168AC60C4E2220A10010C0F1F1498AF3B3AC234B77E23396393E511F9662AA7129A84B0C2399F4B025880D5A266350E905D491DCB4C40392184443030813417FCA0150F0CB998CC01FE0E45BF61672F44FFFD0F0D018810B757EC13849019514516273123DA340D466570840E1419B7F610502969A94507A12ED2C73
311
20FFA410C0634D8A6A936DA44880351839DF845D9290806EC2627697318EB9213BEC20467CC1C1414E9F687108A11CC3D79A184C5B0C89228BBBEC26138FA16AD7C7C338FA446FD4EE436ACD96F29C29C82A1846D420C77148F410CF962A629A0A90655F2DF2A8D9FF4D0AF142FEC00F0BA863BFCD6643773F12400981A991
311
A9718E32C066CD132322B0A781AC685E03586659694285057961FD467B07A86519437D56AE396294479D3F5EEEEE7192143DCD5A1376593683FB65E2B833C497599F8AC99E7178DB8E3A66ABEC424B205FB8BDB9C2418CB3B39C31A83393E4532A73649A1C9DC6462C6A0BB0E625A69E5B0F76C83EB2BB82498E341F15BDC0
311
1C2003FC46A2CE18C1908ED281EA5456E17FA94F4ABA12DC2F1C2067BF22409BACCF6B12605894E090ACD4E6EC96E0976A5A358815A52BD8341A50A4A08C43795F3880791777404904E109759FFD2666973D457DE06E840C4BE0D83DD96CAE1C3039D81BF6B9399E4309621A04283E69B60DCECDAD6C6E2E2DF17B7B9B8BCD
311
4D4EE36C51793269E1005D36D6728662918C3BBBDE6EB29BF47AE692A3E388674B56F5E8E40C06943A725B178C1309CB66B13C801F0CA8B01BAB20ED4C1532D6FEF283C1C41E6D110016BB8F0C851195B40E1B5C9F660771269B707F810810280055185D41DC7600B8A1B18306A5802D7F223194BDA06E0BEF0852929CAE06
311
0910181A1B76923F9B2510A5B8C06141CC9AA89AC6B1D124115ABC54CD5B39D97BF0E0F5E3BD077B7B7B87877BCF4E4E4E96B6A1868559CEA3E1E879CE9A9199D38E13C5A030917A4ED5A2D6FCFCFC02A2637206B3C066F37EC1B11C9218266EA0341100B23053C7FA9313592575D96894628558238E0C6913725685B4A9A9
311
3B6CDA887132ECE72047C06A832A4FAAA9D76D7C0021B06AB32D824F1A4F4A232894281C501C328614E8EE2155204A81886C25C79CB34EECF23BCCEE7AA690AB06124483289B3BBFF4F8F956BBBD787AFC94DFA3ADAD175B2F9E3E7FB0B7BD3033339886641D0ED22CC26E8406FB7938B58CB4BAA5CD15911993722AAF55F7
311
B943E220B24B4863008980C8D21CEA0FF90FFC6A170FF923E6BFE233E6C983218158440086E0F8747F2F594D789F1EB370C0D964AB2BF51AB04083340117A52F1C204D5E2B8D9086F7418E50842DFD234E2A871B38253ECEBE18FC019225D06726A39F088809F5562EE98D7FF6EB06276F6F3FFEAFFD9DE557B41DAD3D7CF4
311
E8D1BB77CBEFDEEDEC3C393ADE3BD99C9B10EB0FF31713B886BAB8BDB9B9B27AB2BA0ACBCC51769663E99266875E8EA064CD5B31000EB7841C44D8C23F015214987E92F75D962FD8C10C03F4B36985ECB9A1694262D3E3C3E8C002C7CF90CBA5E057B026D5967F25DF0050C1AEA14220D4A69D0BAEC0853CF2C4F9C8EA0D6E
311
7FE1860442241E93362ACB511C8128632157020CB873AC8B8A451EB40DCE1216DF7AB3BC717070A0FD6D1C6CDCBB776FED166DEDEEFAA39DFD272F5E03EBD2D2DCE6CAF6E6EDCDEDD5BDBDC78F9F3F3F3EDE3B8453160667E08020E53B5810272542CE64120750AC28DC2DCC1F495865FF0ABBB85839347FF5D55754FD6613
311
0D3C000B8814B833DD178A65EBFA38049054907E2F13ADFD59935C75C007274201CCB2802B14C093029A578224ED1A5A6095305EE68C0FF28287A622E2FA410350238108D94161CAA488FC1297B70DB656B65F6FED2C1FDCBB2720DF5AD4DAFDFBF76FDEBFBFF8FB5B6BF736D65FBDD9DFDA02DE070F1E1CBFDE7BFE5CE398
311
A3A3E720601EA5D1B0617A99721C3289006C8B000800FA175DC3FE6CC95896BD1B2E2C48AFD7EFE6EC2374806CDC229563780A37A09B8A2E61726C150108945AEB00DE7ED69E04F2F6C40B02BEE910832804E540CBBB699BCB15CE502DB6BB0763030DC3687048AAD540D8E12789A19881041C0E64C0C41CAB623BEF0EEE2E
311
2EDEBFD96E37DAEDEA8D1BF76F2EAEDDBD7BF71DFCB1BBBFBFFFE6CD93FD370F696FF677B78EF75637E7319F6180300240854114FCF87F1800443F495293CD3B3F846523671B7E345437EC2F56D0085BF74409F6847C95BA9E3D1B966447D2755070F69C64F905734B9C43A1730DCA9FB4AB34DA1FB2E71DD1218A2A6A1C32
311
5FEAEA8704FAFB5972ACA4D84F050950340403D86D71347D2C641883BA81C9B9DB7B8A02E458F01B72F04DBB710690B41B376EDE5C8419D636D6373636D6D797D7D7E5F1E19B27470F56B76F2F8C52ED81F27179A200A200311F95FEC380625556C43FBB162000B57787946DAFF9F37046760A71501539E444C3A6AF8F911E
311
5E21A864F663A774265D09002026F2D2BE145C8003E85C8128442FA06A929F7B4A040A6950E65844235BD83925060C806C8947883D5840FB4BD13498809551360C7316F0C2D2E1D1CB871B07B73800AE8D003907EEAC7193EADBF71587DCBA857CB87770F0EED5FEEED1EBD5A5150E2FAC055D7AE057AB818AFF39915CF43F
311
DE16D60FE20FFA579E84DAC5EC8F57BB54550D91006880E1A969F202B37593CB63F93AD8D1F90229A00AB8D210047229B7F855CCAF5480D0BAA207F54A61031A202C063AD249B72B918209BA7A8670B5B3A8994C131F90908C5E1FB790559BCD1BDCE6F4E0ECE6EA8B270FDF2904C8A1D01F368D246E2214100B8B2062ED60
311
FD9170C0C9FC1C39F65E77B82A3EA0C40165DD5956807036386213D341C11F57F42F7B53399A2D411E2089932201C6C688DB8D8FF477470B100031755965D44055D026352C7033A960D7E01760850C44EA0907689A50BB527691A21054B33F1E2F87FABBC88E1F1A23670A16402B73507A89536330072AD1A6E18F4A0FAE3E
311
D87AF96A8383E1E5F02FAD7120A81C0A2AAD7D4798E3E60D918C8B8BF70E9677B68E5F3F5B5A594000702629C53844008A09200850F25F9C7FB56947F6ACB85DE202FEF5AF1CFF9982FB87D84422221033607A8A8D83852A65DDCDFE2F65D38A60401EE409C8E587675502850BDE11807964F67916EE5736211E04808B04B0
311
E960013091D6B14E9DA142079B56C646C428A36E1E62401944D451D693231576076DF0C0DED113F400A7402AF801BD03FC190A3471803C8017D6EE6E2CBFD97A8E81B0305333BBC2FA1C8712CA42808A7FAA80B2281CB6EC08F9FF51D85F36EDA000CCFE708ABD236CA5965F6CC0E1E9EB237D5D294EC79590FA8F0A56019D
311
0BD65CE5595D2BC0B9C54F12D0351C68730E0E344610E035735098001EA8A559A5C9477AE4ACA7FEA9904A1913EF06D704D9F4276424F554590EAFCDCC9F3CDEDA7F75770D21D021010DF236FC82119A928837EE2FDEBA77F06E67F7C5EB93A58551F8DF48A10089012804C8514ACCBF64E822FE7E60BBC69F95F893A8B132
311
8173D4CD194103B28D4802A2C3D7878742D46F40025A5C64CC097C3CA8A69EB9D5468800AF21408480CC7F9B01D4D42B4920AE814604DC23CDC94ABA564E0A38B1483DD2A5529421022D893C1FB738CA31299CC026A9DB87CF77DF2CCB59B01A0D5C20010D7AA512DA1AE160F9E1FED1F1E1C96D8EF6F4EBF36512C2C40254
311
791702BF44DB987EC22D22FCB51DCC04900999B9CB44EB8787D101E208B228323EDD47091139D780A37CAC14BDD260D440E511884181D4B650BFB2A709E085D8D5FC83022E04111DB8E55D6E2103B96333FF391E8851ACABBB373434E4AB14904DC4C2642705C7A3B85DE166AC69309AD3B5C9F967C7BB220544130A1B9C27
311
009106DAFCA3136FDE4700BC7BF8726B6F758974322F1B44D91A9425A0AF857F38454945FFF289EF64033BF32F1B37D9B6283BF238B903FF14FDD73F2CC130B6AC8C5D67D34694E30C3CD45E42050029200AB4EA4F9EB45772A5D3EEA989874E1406440C2896104C082EC41590268A806B97D1587692A8CF46B9A19148454B
311
CD90E3E19B1C4A4F39F16C847362BCBA5A6BE9F5D1BE604054A190BBA040FDA9173C28FA170100FCAF64FE97E6466D7E5780831609B26A6170E41F0B4A20B8BD5FCD21BB75FEF0B50A234914D8AFF741F87D803FC28A206B42D377A6FAFB39D4C7F13908F00321F30BA802B6D47FE20608510420375593002CF0F1D0E600C5
311
0A420F9A5920B681C802A10BAEBCB8F40592D488CFF68F84D8AA924A5141932DD6A8A93CC5B34C19B2658D9EA06D66E5F029C6C0DDB5FB60A0A30A1422DA1C70038B48F1FFFABAD0FFEA36077BBAC2AC2867394F82D03F0A40D2113036D8AF87A72D9BD7A58685883F2500821CD69E41F441F7887F2C202C415683A8E14082
311
B5C50C01B0618BC6D6CD5389AFAA6081037001F4EDDB6AF2751A069426541C00C480CDA53208A17FA01712303B8CA614182041BA6FAC8BC54F5274E4B790E574037654EA2B6402182DC9C6C2E6E3A7CA1AE0B82D91F89D99D7269F1B6DF98F63B07B74FCEC366717B30C5A950DD2ED08803A440C0123EC4FB459497F7286D4
311
A655EF5741B3EB2FD1118C3F20571E104ED0D8F5B1A15E5F9385F52FC82DC3E4D39A8E274501948293C2A89045FB4FBD84133A4D0221820A8DFE957DA404C0F732FF18C5820797311E88F60B0DB0679E09C222A44101044AF3F1AF5D810C514FBB3BD9682DED1D6FED2F6FDCBD854F00155C6822FDEE2FE2182DBF7AB3F562
311
6F6961C68A494FE010F809818B0120EB3F2C2360FDE1FCFC20ECCFFC4BD214F21F80CC9FDB6343235358FF6A3958D030767D8AEA1154EFC006749334AD2A3EC983C80BF95153CE93DCD3E65FE803C61098938A07140278A5C8424C2369CC3EF4AF74A18D1273616CCF3E29EACB4A6C370BFFA90264E0AB44B3F81FD0802995
311
AA9748221A985CD93E7CFA04B7680D7D48139A6F3765FEC0FD1B8F1E3E397A7D4246BDD963B01751FF6A03A8447F7C511F6815EF2F00F92BDF4FC1AF568DC5000CA738B717A8550C44B300803F94E2680B4C2087EBC7A0600055A900161C48D3C097AA80AC3E29BC201398F44E13692048906705FBA9441444283A301B8D86
311
66884A255D5DFDA272591681022A10432A55FECB1F5DEE00EBE704B8D951303BB774BCF572797DE30069280E71BB89F1B7B67680F67B29D26F7E42F705C7CC1673920A26934F4286C48F912B049DDAA11F8E2554D38FFDFF95C00FFF8FB112CE5E3D80174A181B9F1EA68C0D479B78CCFE3F3834F0DBF08204D840E0550F6C
311
6B172B4AD00147080290091D149C7BD6665E21443022E4001DE83C46A329264C20AE71AF4FEDD92383832851369BB33BE0824AB45224C911DF7872E9D9F3ADFD87CBEBFF7F53E7FEDBC875DD71BEA498D45BD4922B892097D18B424889AA2C099668ACA045BC48D7482A3B4DEBFD214D0B244E6AB871631779AC1F1BC4300C
311
FFD27FB99FCFF7526E46E27066381CDEF33EF7DC73CFFD9F5FFCFCDD5F00F7BBF83DEFFEFCDDF7DFFFD73FD11FFEF8CBDF7EF0CE5B6FFC9960E904EE97FC46C0D5FEC02FFB3B63DDAE9F13B6D57EF67FD658C2BBB18DD9271B10EFDF1D87B7374FCF76A8A79A65C1BA9B15FA096C01F5095F0A2BC00E118500CF914A614115
311
F1A4B07E011E50C3048AC1F7D210A90005C6C956EAADC163E76E8B01EAA891448CBB62B2F2DEEE51ADB7DC6B23C917D381136BDE7ECE14D28F7F1D1C1023727BFFFD7FF913A2FFDF1FFEE693BFBEF7931FBDB1B6FCD5687A8EF173CA07CE2FFE8FE1AF433A7F8376A43F5D9FA83FB26648045AEC21FF74FB4C036018041CB0
311
76F3FDE515F58BA86166C99965320D0110C00999AF8105A8FDB0E9427A5DE48899B8C8B843F241E93C41F33943CC0562EE1A801FE5E0078FC87F9B6CA10618AB3F3017911AAA108F896B8C199D3338B6DC64D639A92BC4CD41C13BEFFDEC779FFCE6D7FF497CF0F7BFFAF7DFFFD3AFFEE3BF3EFCF02F1FFDF69FFFFA9C24FE
311
C55EA33DFA5F823F509FF949E9FDE1FC14E7B7C1445DC49F2716F6D7FD79C5184075FB06EADF252394E23DD7372E5C7C75D6D99BB03AF21F9967BB486E8160C22D101D1CC0006EE0819728A134A27572B95E29E650460007EE73203A80DFFEB4EFBEE5DFB7CF8946B3929E353CD084CC25A1E5DB745A4FCD5C6375B5151698
311
19AED383275A60D6DC9BCF9E7DF0BB4F3EF9E5971F7DF4F1C77FF9F297787DFF46BF87249A5EB73A60BC44EE77F823DA2FCE3FA13FA5DF9E7F943FC60FF78F76D3FFF96A04FC2444B36AB56900E683DCCFEE9F5EED6C4F8D826D7EDD5A5C03FE39BC011CCE0103A22252111494433840A0D9308E8113AD202272ECCECC55F7
311
4FCA897B3AAC28C28D3352B61F3F261A090760B477899AC3C4BB870D263AB50643661C328849EE68CB5ADF94167DCE78E907EFFDECA7CF9F3D83F46B0C0A351811C38D82F9E17C57944EBA11BD6C8799F0FD29DE0436F57D02FEC2DAAB572C617FD441E06F6FAF6FAEC9096711F34C0EB8BEDA5F3F6A30D4B8D8AB5382F051
311
4A985092594E376E80E2A42A9B1820F5CA338EA8590D7A0096EDEFF6002890BCE6DB93BC3F91F645389E600BEBD563964FA6860EF1B83EEDCEF08D6C30A4BA2C54EB355822CDE8316BA08DDB5D6C1321DA5714F5E2C71657A889D2184CECF6603E1DFD664BDFD73C4CA6E611F86F365F13F7B4E7A3FA83FA51DC8F966BC794
311
F470360013226E59AB1B11202B96425E4BC7868117BF68F5163258C6EF29FD6CC02CEB780C0E44837F0A05A3F2109E135AC52D2202C87DE395EDE13438705704E151BD566F1C327FD1692BFDEB3EB4A7A493315CB6CEE937AF8993D627BB68339040D88414CA71755425A0D160346C32188DA7D30B1280C190C91FE9F994D0
311
B70B91324BDFC08F850A22FC81FF91DEDFC2A7F50B17E946FE670C825F8B0504E0E6FAF20C0FA8B5B9BAF945BDFB3DD0D0DF32A8822D4EA06DE4A26B00001B0149444154BB47103FB4F7102C8000B585869271EAA20F48752CD00370BA4F9E7AC84BD3C0B6F0BADBFD666831233070B08FE15682D1054BBB1D7031B6DBD26B
311
9C931F046D4D0D411CC8E97110F588E151743ED08330145FFCBE443E511B8EFB3AE41FDB17F83F2DDCAFDD262EDBDEBEBCD5E629FC4E8AB94111CC5E5E5F9D6DED8D884C925455CF4A8D02AC2624302E9B53F023F0CA0A41C2C30EEC545417FC179D198FA18279D443E00F9CCC3B544F820050002ED00AABCD6677B40B069C
311
C3DFBFEC673A07A930050FD6554678EB93E112551E101018434BC9A89A937B64168D87290319F865BE09F93CF811117E951FBCFFC0FC7F1480470BAF56376BC7FBE47F02F6DDED3D7F6C1CCFEEA8E0D42116C310D566AB9E35C22D7425FD8B1000DD2AB800FA520CD00CCC00CD051296B80DEF3A26432CF3C70657B007D839
311
53003E5BFA173200678BDD6E77447794724654B1DF278968DD4A624BB033FA7CFDA26105C256772C6B98DBBBCDEC1578815DDC3D3D1E3F11675CD5EF778459E17F18F5585E96FA8B9F491C1AB6D8AB6E9FBD08C0772FA8904179809BD92DB572F0073B14B627C90894F7286024F442B8B0BAA6E661CFF1DA2AC280CCFB5904
311
C38B5EA858152B57BD20837011748073A8EF262AD8437991F0C0136BCBC4E727F48B908275B253CEFA80C334162BBB08D9DEB8AB06EB358E76932395CBFA392248BACB2D4C7C5A6236027923C9F933EA6FD5BAA2FA58E1CAF64B7FA477B37EB2E12C08CA02647F337B3A7352C4EC8E599DFC184B3AA37718AF0750420582C9
311
3783008B1F4AF5EC7998E2E1530BBC72000196E80618E25110130CD05F006EB6E040C0BFE707C5606DB956AB0D9402F4C0B04F1D317248CCE3E8C0F6D496A19E565D35D6AB912B08A8949AF0D3D01DC0F98BCAFC5BF483418F58BE79C8DFC5A811E9CFD210A5FFABE6F11913A1980E0802620200FD864A4137575707BB63E4
311
9F3A1B356AC0C3F9D802998037FE6182C00E423615837CC0BE909A9B2AFC0E377ABB685256C44FB823E8671A42D1A4658985B043760B3DD64D1E0CA9E7C2B4E1F50EF359993F683257A132EBBD90C2AB2223D9EF584BEF7551809CA018CCF784F309AAD1E7C73018F24784437DA001FAD5CF0A914CA0BBE8C0F5D8BBD40598
311
DDBDB8C7F7F3E4F6F2F2009DCBED9FF6EAF54D185D38C831C52300199BC029B5039C600552E1022F3C9DA30AF0F3F54D4CC82690F33DEE2B5F4FCDBC7C27E8289E146C004BB87BB2DA629872B0C7AA2F1DD4F93AD3D99845D87185F064B5F63BEB17DF11C760FC788555951DE9F13674407C6782491848B23D8DF8A4CF3787
311
9E8962F47A0AF36BAD1737BB27FDCB9B7BC09DDDBC80EAE801AB43582E8F7ED0C1F614F85986836409017A04124248A01252A79D0017394902A73B0436D8BC4DBEAF581E303D0DB0C0CD1C830ABEEC86D4F015C44B5C793F7F454B06079FF5A05AF570470CA0D42976EDEAE8220146B0C809DD5316288837DBAB574F8E0F99
311
E1E606E8667A992D83DA73B43B3EFF3CE255C0FFB3CA0F415D6E8D77AFEF9176890FE48AFDEC8E3241F03F1181FE29D148C8DEAA13094B438542EA4B4751202EC123474186508443BC06462A844F9C9DC78B7225C2EF4AC1F383148E2BD8E029A2240FA2598E4BB3FFAAD66CB40FFB54B66299C561E7CA699DC0EFDC2EA637
311
210E9D5DAAAB810232E22805D3188CF50400FD68CC402F23BD8C75E2F3E8F4CCFB3CB88CD24754CBA2CBADC9EE19BC7E03ED213EBC0F0266D48701FE7BB2C2E800915AEE5A4C8CCBA58128438745230A3C2B3CCFFE11FC8D2478013CB8E3255698D6B8E8F44CC69AE4558D2F2F0EF3E707CC5CE30EE5440ECA03E11CD90814
311
B4D0DB8D6312545C6668C8A09121631070C082F1788ACCF0EAEF328F84954AF4E979E104B749EF157240C7DD57EDF556BEF882DF2B3F9166A9A401EBDBC9FAFE3D1BC2EFDE1279948A0C0E5ECEC889DD386E53D18CE7BE666D589265246920C4F849313270B8223FCB17F9542A72E4B2C6626CA1A2C7A2AA026A599037C027
311
00418B733938C9E7F2837CC20341BAC844C3B49A78B7475B18838D2572A776ACA68210F0628E6B9F622FEC97C8A2D62D888213C13D04F6EB7A923C4278B16CBBD4C2364CEA13D96F5F6C31D6E1F4176741DE48FF1BF43EA880096E2E9F9E2D5D34BE0632D46CADB5F84ACEE5EB8A710497434E0A3E7832CFC6F1E15D1C8181
311
553A4DDC0702CA46FBD2F9E8D53D571B67BF8C04CB9EB2858CB1483228ADE5372498CB7F20C1D531493A079DDD537262F719AC136EFE0F881DA7D26F7FE968D0FCD6DCD015506B4DCAC261E0D5A780D6397568B34D6475AD95EE68AFA3B387B3030E6E64FA48FE4BF5DFCB17C481CE965CDB7775157FCBCA3EA1B0A45607C0
311
F0BE3CE471451F84F2F297BC5F8481834AC06EF5C2889009E220B1BD95387222659923AE18979282051192516D011A98D504434F5404D4D93F3F1F52B5C55A3716BAE01DF5803EE0D2F6497BDEC105A3A2F2F3489702E6BF2DB5A134593919EF6DD0D991F8D7AA7F459EEA80373356D0B256246180EBFDEDB1C57B1757EADD
311
668FE256806EDAB56D8213181B93D47304785574841DBCC891BC160E68C5FA2A8AFCF3D68237A115EF6C5CE0AFD72B081009DC0400BEA2394005132449DA3CEFA0081E0FCFA97541D4581D48A90B8B5D58F5284BC5B21AA735197BACC2270E9812096FC90AA8983015B54AE9CE76BF9BEEEEECEBF4F8BAA3148A320FDC5408
311
8CF29BE1FD5E5FF777295E8C065F697DFB2DC900C02C4762C356C957061B9B0B180760E5B202066A140C7C43EE15017981F24A0F6005107881993FC0E70D0125FECB21A75EF134A939DCB52C93C81D4A33FB3A2B3291F3B9AE47403D83F1E13693DC815D29B0EC194241160F03D8F88C7B54E0A8519A939F2DDA67A5F579F8
311
0AD1C04C8C9864C30435A27CFCC1F8FAFC1A401070CFB231FEFD6176FBF4FA6CEB822C6978871F27F80885E11D68CF8E93B052082D6631EBC25BCE4192FCCF1FF3B314984A010DB0F973036876B451E81990EAD69393D7A5A26ABD55EBAAB7EBA834DF1497600E1E40154E87509B04AD6356895DA2E6172870956039A04FD8
311
841C06321928FEBE74CA70379E5FB3D6F0B7FC1996686A332CB2C460279C6F77179D7FFF42777F761BCD5FCAE45A2D9848D0F5CEEEB4F9059A842263947512904023A051823A757312437AB536E007471C46D6E6DF585CACE0410839CDA8D7E8E316D8315065EB32284D5DED2EF554717C4182E4F33F0252304680AC8B716B
311
33B24B89E11D42E583C6E07C28E1BFDFA8860E0F308C031AAEBCDAA100EBEEE1E9F1DE31A58B190CEE30E06C96DB35820FE54B771FA71FD71FC157F1512376F6F2E58C24A0CBAD43C98F10D19EE8BF800F68CB8A02ACAFE707CD851A5CA81FFC5335781D95CB8E230CC862456607052DC092D4BC041D706B356804F820408B
311
0DF8E53C7B2EE7C6DC4CFCAA610270B5313905EC0ED5E59B2BE30BB8002320070030B14316084A61F82C95C490EE15E7E6361C3C4D6E03E0DF31CAE16807A95E7A7ED17EF17B5F8003D95FEEBFDE5F3F617E22F0D066F2930552E5272320DD451A802F0A806B303D83A580CC05A066C75D4188DF040140E236871C50CA3F20
311
4171C98ECBE2CB3778D50BBE79CE3B1B4640CFA6C9286675304513ECF7B727A3DA62F57C9DD26F1D0BA092C202124863035E20F712D718D924B18FEC065C7A4A5313EC71BA1B51CE3B43BE187B3400BA1FCA63FDB17D68C55BA6F10F475F01022A03A250D9160D8A2C000C265AC816A42D38E14D2C49F407250B82F468C483
311
86D86F6C56107D1840AAB7DC09596006B266B35A18400917C4067E3B2BD1060B9EB6B9B95A6579AD01B3F7CC01C7C91BE1179E1D6C9D9230B450B7D4948A415D402E27C389A434C2EBDC416ACB65168D82A4AC17E01017111E227D06F9E8F7CDF0FEE07CDC00ED3E1270C7F0C7EDE5018177725319FD7A5D63293C218A030B
311
9C9A13694A2041C8F917311A2BCEFD8E94970BBCD1AB1C6D2E57A2F5001CE0437B7774CEC00413B29892C56981591CE0C692E99FB79C35AAF46588EF8EC623169A62120B318DF694CA2DFB07EBA7AC11545939A110955E01D6E08A52986C3002E3FAFB04F2950D00BFA21CAB637C6CE87EE35CE17E4D5E71FA947E7A0384C2
311
F71FA3FC6937C6B2DBD0BD2CEEEBE6CAAA8923E04280015BA73B00870100532529D0829CF7F8B6BD8200C9AFB283A3516673EE86CE3040017D0E2B6F303B511B391E74C8F7101DEA8F98BF3CB587C3380713594647DBAC8CD92750BDCC7062FDE8F10E6CA02984F145052B477342769BFF6E057CE90FF85A3D24013320E06C
311
98BF196AE146D7B7DDED41C6E5D735DA86214EBF854A4B24CEC445B3F69CAEA68C9149299CE07278CDBFF00A37F33DCEF8C712A303346D9101740A4800EE6FE78CDE961784564400F0400E6083E5033A6774E988724F585F88798C14FE1890CDCC6A4B17DB90BDBF7E3CE9FDE0476F6E8EF6D62D008433D0017231808F840E
311
C02E90E3757D7D80F2074434E03555E09ECE70FE5EBCA4FF771F1460121805BC25F239B1B212CD4635412B9C763980029F850FE8CEE116799C5D3E1223F137B85A7A3780CD1178CA7DBDE58ACABC8E00440F4608B8A07E93F35508C87A688EFCCBFE6ECE5773CA9EB00E46933161FEA3A373D6A3383E6412C188F04E7B704E
311
2DCBB3FEC6DE60798D89A10BE7A7591252E147FB1761C0EE810E1091694E7038AA5F50EF5F30D6A5CE4FE75FCD777373B5B3CB7C5D7B12F80E34533F0CC795AC31BD533462F800C74CDA4B5C36896E37747E9AB7005E72CDF884FF0ABA2F16504D183E50F1B3097CA3D1FEAE30439420B63EE0536A5FD8DBCEDC53FE99F205
311
0608FB5BD98FA4DE2938E01304017EDF20756CE1CD676FBDB15A3D6529029C2337981F55E84C3786F6A1BC437CF87F09F7610522FDF8C018451DC2A7675BC3295394EC48D6691A21066A4DEBBAC48B75084D6860093A3162C4DE0C3BAFE5141C7803C9AEF6C7FC908D03EE4309E203B003F80279D947090609D536739322F3
311
C25F70A0EE1BC104EDF684C0060A704AB918129CA9704BFEE0F96460B803411832BF60BFBF753C5A6198F89D670BD573166C102D1A01EDA146312A1023984D3708051047C0551BD89EEE2F1D4E6A8654805ABEC45B292C0BD7CEDD76F421D1B7F8F43AD9BC7454838CBCB518D45F71C88E1E8F807BD18E8E0800789C404540
311
BF4743A8999703D034B17339E25C9E80F8409F0D3E77630A9FABB221034800F389A81AB18752C426F039150436A03903E88DEE0F7FFC937F7CFE6396323DDF63540034600BC402B90E6E3728007D0087BEC1107E93DD01F29E768FDA35E885E8D3424860F014F70C3500FC20831DAE1C43316243279D5D7A35ECD271C16B15
311
622E8649D2D5F5C8BB5A15C8AF0A04B73E4CCFAF60416B00E4351401A20FDE053A3B9D01A81F003501930953DFC66841162522C9D7A190ADDD21EEBE931B07E323D668305EB27E7AD27CF5F63326D23D7FE7870B355486D9B08A447CC52B7B8E075B1BDB241D0E0F970ED219BE22ED6FECDAC7B4B7DEF557992A8DBF026D94
311
5C3A13286EBB2C3D24983B384C3745548819C106212088777A7C261B81083BFBEEE5143A43D9C87A10110F8A4046900D8A1E84253405EEBEA77D644139400B0CA6132A5910EE7355160A403338B0439707F1E0C3116B436C6FE11AEC53DEF0B8565B646EE1073F65CE1073A7FEE1C9EA66370F26E57CD0AD63736AA35D162B
311
BAA24778D55FDA238800A5BEAE23F9ED06BA9519B7B826C6E1204DC8255B4034A0978BEDB2891036E85DBA39409FBE6C0F2C7100E8BDAE1F154E11018900C0087803AA82B2D103E2694A035880F3830D8F828262FF10739D40E0C712E0072005644D0DD759DA05D23E661ECD648428F0E914B6B706F93E792543B2D96B6B6F
311
BDCD14C1B79861CA3CB13729B3F6068E6C7D74CAF40F95A275CA2959D5AC492DF51198CE6C01D533ADC049AF56C542AD4AB3E15B98574478E8AEDB84A0109E1720016D0D4E902F3882153CF23A3C81151015B2BF57B8CBAF07070A83DA008C8373858086A0030A17B057C8E1812A7EE018A1870952D72B356F2CFEE9D25B0E
311
F891E9DEE68E930B2A0998DC8E4B4C82D1F0FC747CC41A9548C9C9DE0923CBF4A3F088D08C07FDA5217390A8E3DEC5E4D7BED3E450B784843907D8A5055C0083A21179131B94FDB7AB6AAFB511CEC8299A113ACB0EBEE46FBA4FE18AE80D1409BD5A4262E10AF9401E2AF640090816843FCA00D8DDEC0D2087EC74FC4101A0
311
610EB1856C9434C016923449B63BCBFBA0E198C3BC77CA640F50C03DAC61EA6C60CA23A314D20FA0678068EC5FED6016BDFB80F500F6A84683BB49CB69053FF18D8696455E34BDBA1FEC144C94136D81482A6A7C58C9E53760015E2809FBB36E3E0758E838790684014C86C8471545022690F4252E904FE4886617F0ED71DB
311
2712D5B001AE006F801E3650C9690ADA4CFF66930B4ECE8F98204D257CEA0D1FD0F9A1ABB3C1149EF323CB92AB10B098E313E6843A3AEE5859BFC3080AE3C7E6863123394B99F06B0ABAD08E260C210C48AFF0B7AAECA4028E808DA9B29C4B9853AEB47DD106702DEDB6C56C604AC741D186848A0C60F94190E2694539005C
311
4C4979533BB0450CA212F21C7D40E8AE029005A00464209341AEF00C1C40A509633DF4092EE65CF0780BB78F41ADDBAB2DAA8C50971B4D81B4A013D4196002FFD1811250C205BD272D6C580B5C814D3EA683418E0D5E071FF2CB8376DD8648506334C0522CA2B02912D21E04483A6E100FEC3CF0A3F916E0F9484E68344180
311
EE021CA17A40334408D404B28EB764C703EC0983702C71A84F43E91D00BA4E11C7104875D7767EF849910486CB4C29A6CAF3EC962CC66D72AAA933409F4196C674664330F82249616A53C026710A8572021EE125F2499894EC0DED919DEFB05EE897B6D9BCC2E8C23A3F04765CFB22C07C2E2AC497F7CD1184D470943BBA35
311
42624507C800184CB5A36E953202FFAB4BF9A22FB10BA385D7E439A9658B94014E804079801368FF1430F50A287ACE9208D8347BF5F79754B925ADF6823E031527C884940D7CE1469D9FC00C019BE238CC1A35019D8C1A6CAB13D346635900A653EC2582CC6ED3A07F80534FC1052A6B1AEA0E18819A3D0D663727A36830FB
311
F881BC8A8032A07700D4107E2E08808F92C08CA80C608DA0801FE5E1B0BD4F04F2A20D6817B828BA008B001E98DD0C2F000ED5D4A888BD4E2DCC7D66B41AD6BBB922CBD812BCA484EC994777C1F0B818416AC8BA7673D87CB847BE18972F183E4EAD304751E13347131176FF699D3414C45C40130A3AD0F24ECB04BB5CF0F3
311
C2095CF17EB1106AFA5629B02307719B7037C305EA05810737AA06050369531C78067B1F955F895A403C685D9BD06EFA895A06D8413156CAAD7A8BCFA773030E58067176778D57C420BA2954264A992B46B2258B223DA66AA1796316A1B34E03A8410F30670AA58121890A94A4D83D1A519CA130668C811FF0698CA4E2AAD6
311
1641708EF8D162F82D3E0114B4037E57C391215D641821A8E04D4D806320D8021F5CE02DF08BA081BFB0130F92DD7C92A80E4BF0EB72A97A4C52291068F1298C7D78BEC722418F09095C5F33BAF10736A25C74F3EE8872262C82F9C7601C1831DE310193CD52DE24CDC205888225C334A63CD72D70418820830654E3B20752
311
39347CC2BB9F8004DFB91C8C7064B3E7686A362AFAC5013DAE32B80019452F14F2A3240B2A4404FFB11F410496C516C08CDA4A9EEBEFF8787E5F443406DF4431A0C02613F5994E22734DAEAE88FA13E8F9FBCDD8CF9D810F83E63B3BE4D9984C6189AE0B0A15904531E51F55A9ACF9741F0FF00625F35F4DEC46C6CFCFF329
311
929E5B4491240FF89E280134B50849B559A19735DFEC28C43FF64041F02F08910B801DE52843808FB09FF0F33CC077EF9FECE5EF89187F13B28413D0E05A3E2246F496600567E1B344A1394EAC0F0D37C8102FE108B2BFE91CE20F5135D2B4538B86A23149A18AC644B3205AA080120A5219F8D907071A29AFE517A1BAE1AB
311
726EDBA4391FD9226EE73AADF40836AE94D800B1A4C407E4007A1173E8610E2D822621BA12E1C04B1001D8E0E22A00AB680025802F0A408658E6380708681C87E88411D68F4449B030DC35890437818110E3FF0C77BB2408C51F1004A2C85954196D2802F62C552006C821C51AA85EB4BBE85B640D5023EC9AA48026730419
311
B4C24BF42024463E0BAA2492F2A06D0315956543488EF1210B610521365C928081DD04ED036A01C86322C041F84059E06AD1893C14E07D72A097170A2EECB8E1B7E92B65D3031A8FF10C3102145762266AC68C40844121FA028E229278867348F7C09903AE6AA02B8914E853C779F071FAA48A1A814AD100468A6C0876813D
311
381121D1575CE403694F2BBD81A672A9B24CE0CC88519104FAC842FC106B93F0D9E696D253420FB28058C8500276B2C0CEE355AD4136F210CC88065D7554671812458E89A49A8E21344248761EFFA6474CE7897FC794373AFB1DB20885DF9452FAD7D44EA6CC203E14D813036D6D2D61591502CE21DC0FE83E1E6324A78B09
311
83D71C165EE0588510F350C0E604DC810F94E072500016124C94091CF95533E65825294BC011984A1150C756961EB49D5012C741291E89E64514C8FD0D9C55D122E4F082E8A03DFEA63A217E339454B1011BBCE08413D6B077C33466DA20359C872C9C80CEB8C01D485E115230D5932EAC04D32304181AB85C88C1009888F4
311
7B405BD41252DDABF164B9CA89B8104FC28F0E4004D8081E13341419B082A133C366C23C970B3000F045378082202223E89106A374C2ABCF2DE78BE5A022B0CB1FFE1AFB7069A3011B40C6C974C04C41BD46E3A9CEC2359CC21C34669F3029139F48E9379F0CEA1FD9DBC6122A01449D7990CF0209BE427F81062CFEE40449
311
EC2EB007FBE17D9BA1F6B33179AB91245564803D8830844C8C79AE1259DB618E05080F2A6A092500BE1C60C4C52DD2A03A403FEAA2AA5BE47C7180275D7E57D3137240A7F0ACAE02C5302770757A3DF41F4E2E74FE8F481EA45A1250933BCDBC512ED16BA2628D71053A11F12EA8A4A23DE44910DE170641E86530490B12FE
311
9FFB698978F083420AEF8048B2089D213335E481E8424658348BE2C430243B4D2239C80A0248C02628035A0251A262E43FA6010CB8F163801A048B0A24435C6B1FE4063C7939D2E6D1BB21CA21396105CCC3F484F1255CFF788F632A6BD20FB027A0FDA30F2DE51359A1EBF540739EC3D6AC0E8446A1CF93E7904B603E1574
311
210554DEDDA57DCA2A8240B340002367217CF61EF92F2F30034C81885208E05A861631BA6808C503EADB95084EDC17370950358B20A344146A94CF0B1A34C8851EB63CA64C4E501E4006234C060CEC1102EF603C1D30CFA2A8BD874F72372AC0AF4A529F2270BC048DB74838508B13055E42E793BCC90361CFD23B52382B8C
311
A732662616187373E38C5DC1824709A3830E83A8CA04AA307C905D81BD7005F0C3139A4605229D07879CC446610019B0D62CE36E36CE0643B930333E33CA8DC26A2040A71FC6980F3AE84F1375A2DB0CD8C02EBC88B7DDC24181302A4DA728E4F673A9CEB9D0CED951FF4F754C63D20A8204A152F3FF00C79ED8398E2F0A8F
311
0000000049454E44AE426082504B0304140006080800BC797D5A28BB58AF800100009E0500003D00000032433845394346352D373733422D344539362D394243422D3141363443353936374244342F536368656D61732F436F6D6D6F6E536368656D612E786D6CBD544D4FC23018BEFB2B96DE15493C78601010A34B880709
311
DEDFB52FD0D8B54BD70DF6EFED3AC0B12E6442E2716BFB3CEFF3D18E26FB440405EA8C2B1992E1C323095052C5B8DC842437EBFB673219DF8DA659866649B798C078B48AE6410122242F2A4994AC7F93815DF85C049C8564CA0A901499DD886B2EB9B1E02448F358701A9235880C49A0119892A20C89D1B9FD768815CAD268
311
CB5E0355B40B1E47F3E37A2020464BED06AA57CE8FCC20C3C3446D46761A2632A8C1283D07031EFF2AE7CCB1BFEEE916E406DFAC8E36FFD99A9D60A6944090EEDC3B670C7DC13DE86B6B2C5C240D6E503BB85ACD579D513F1B9F9A69DC9CC22AFA80C426D40AF0B21EA168559156B6276F0F726A6BFF04DCD513A87A62CAD4
311
1FB24FCB2858B3952E3D852084DA25B9303C15687973CC8E8AAE11DF2836C38C6A9E765E8C1BA1BFB1DC29CDFE518C8B5A7655A4ED7E77291ABEB80DBD82EC866ADE1B8D05AF9E35CF09D7A061F38A986D9EC412B8F0F65E5D81534D9B231D1E5A8FE577A241F3A5FD01504B0304140006080800BC797D5A1004A04F380500
311
005C1700003E00000032433845394346352D373733422D344539362D394243422D3141363443353936374244342F536368656D61732F47656E65726963536368656D612E786D6CED585B6FDB36147EDFAF20F41EC7F69A2005E214768278069665709ABE0A3445D9DCA80B44CA89F7EB7B0E2FBAC4B2A32643D10E33505411
311
A9C373BEF39D1B2F3F3D27926C79A144964E82D16018109EB22C12E97A12943A3EB9083E5DFD7239558AEB07B6E109BDBA7C5CDC902D959360CE535E0866DF07A7579733AAB85D5AF234E2C51DD5B081CA7A87DEE56E47E2D6689E735AD0947194500A22A249308DB6F82682A3782C52A141BD80E4E54A0A3609622A150F48
311
C16994A57237097451C2DF462738529D3AC5FCFFB5B401988BC78824973CE1A9A628D91CB968BDBAC335B9A4BB379C6ABF5D2474CD7B9F773F7F78C349F055EF13FE2CF856F0A7379CE2BEBCCE6456F8E316A9E66B5E18E4AC77BF5812F5937FDEF0F5BFE3E3C785576D96659253EB54863A87AB5D98ADFEE24C3B8E38FE48
311
BAE2C062631799EDC8BDDD833C6E88585B9287340B23AEA990CA49B1A473421E81F856D06D9125E45E6F001C4F7F85D6DECA8C6A835753A250DA50DF92F743409CBC3BFA4C6EFCE2618D302A0CEDDB264D93950002937BC66489A18D0A345DD650415124BE376A745EA9F0E016108E328D14C979C1302CD6BC0A4191B2C2C4
311
9112FFC0DB51401288D6A44C26C1B87A160AB6A11E5BD862514BE8B3DB750607BABFF6F781D6A74EED6EA7AC28FB3BA68C87AC94B2138A99DB41AE7147A71F56659287340123812054CAEC8965690A74E111C5BCA7260158B0963EC50C07E38FEDDFC5C5C70AB6A915F446D44E46C321E46087E23E221E2BC0DA6EB440EE6F
311
44E80CE5AE2E2D2F31AD7AB71B8B139AF730773909401FE0D8DC3FCCFCC3D438DC1176062076C3CB4A9D953ACC72CA84867CDA0361E0910F4EF3B109A07D332211C72556825745A215835F47678059E337068E3ACB0E2EA2B507175B0818FD1082EB4D26186F85BAD33464988F1420E1B9E43D522F8452A450106B04F01362
311
BFF1B2BF5059B60F687C9F663A54396722163C7231012E7480FE916910E6572B6D8F4A54CBF92C5CD324A163C8508058D3F16A399B13B348C6830FB5FD47257A1B8D2CF08253EE776B3A72D782D895363D96020B6C18D3C86359B3C6D45E728B4B9D716893D091E4D533045F495D2EFEF633FF5A660A520A5790765FE52E12
311
F0AC82685E7FFA0398D65528850A132894DDE9F837B1DE48F8A74D487795A482C7122A6DAE377BDC5DC212A465ECD8B03E7E2E208EC88DD9DA89456CFBC477FB798C74389668AB1A75C820AB7568FCBE0B5F94DC9AFF0D038D9F77E49D45B8278FC7177D0DDCE732FA0BCDDB42720FA90E87115FF76375C5696F368AF83103
311
F6A5911FFF03561EE06AD10ABE933AA9DEC398588888137017449E09C377051FCAEED1E8BC3BFA9CB27DA2CFDBF533459F374FC0C4FDECCBF3E06CDC6874E0710421EEAA6CEDBFEE60EB913607436C3F5BBF713F6F42253B9A4A0FD64C08416FA986EB02254B1846D82E7CE2584EBE31E340E9A8247483F07D5B84AE3A5AE0
311
D4C5B202EE585468BA84105B1F5EC00C16FADB133FB7399F390FCF245CBF9027A137FD26D1D651058D44D9B331A93985CAC2046CB4ED9E0314977128A42C13DB06879A273052525D16BE833B8706BD1269FA69F2B9B109BB55D30D37679986D85848B86F026CF21E74809100180B0D280C36F6015A7DFBD06AEB6F8D503BDC
311
D7DD6DABBBEF54E1FF5EDF0E3AD53C03509B5B816FE9F51BC8026F44DAB82BA989F200C4220B24166C3037854094FD46C5648D9C42F8B07E53687D824917FED3CE56F3FBA68BE3C6853FCD64F4A00BB85831B1243346654A134805AF5CF39A9DFE22C9906A6EAFE8303A5F4AC4FBE637489CB62EA59B9D529255F326CCC28E
311
CB77F812A7D6E63DF957504B0304140006080800BC797D5A8A56E75334020000A30600004200000032433845394346352D373733422D344539362D394243422D3141363443353936374244342F536368656D61732F507269736D436F6D6D6F6E536368656D612E786D6CB5555D6FDA30147DDFAFB0FC3E5A5035ED8150015D
311
11DA8AA6F4437B8B2ECE4DB0E6D8C8765AF8F773EC7C4009AC7B184FC6F63DE7DC734F92F1EDAE10E415B5E14A467438B8A6042553299779444B9B7DFE4A6F279FC65363D03EB20D1630193F2FEFC82B8888FED4DC147355144A86337A3519CFC060387E7FB2941673D484A7110DF75F023125DB722D388B6806C220251A21
311
5552EC236A75E9FE7BB62F15FA210677789A2B9D142A4551DF720D0858A353F700D53108F2B4DF62553B5742057653EA0C182620D6982A4A4008F5C69494C82CA650356B226A9C0922B0C7CE1B4FB06816B36631F58B9AD35378AE8DE20C7DABC76409AB5498ADA3AF15771B895436315B643CE398B68D04DDA1C475E1915F
311
409401FE7CB977ADF363A52CE9C02B3FCE239978314B72280A18DDD4325DFF7593269E2D883F24A3C14DD76DAF26C12582AE31462DC68FB0ED545C051993F1A3D5CEF03ECB4A2D6B80B6FE395E55C4F742813D2E91DC28ABD576FF81B146B4B367DA153AE03E31ED85E4BCA01833D4EE093A1E3D2BAD2A2D25D625D1651A77
311
B6D46EFC7F8D5D44DB869705E43EC53DCA02FC0555C1E2239F649A25959CDAD826A4D5769EEF5ADAD5DD3D3D4DCAE1ED35B2DF05C866429DA1B36FF3EF0FD3959FD3FBA81D02783A9FD52E628BC5AF6ABC6D36FA6D954A17E01EFCFF646B80BF60EB69FAB4B260DDABF443B3EDAC8A9BB2FEE435A8FF28A5CC37128DF99896
311
C1E8FAF8371C76E3885583754E607D7E41E1616EDFC0B2CDC95BDF67C08FFDF073F307504B0304140006080800BC797D5A705234CAB1010000180400004100000032433845394346352D373733422D344539362D394243422D3141363443353936374244342F536368656D61732F507269736D4D6574616C536368656D612E
311
786D6C9D534D6BE33010BDEFAF10BA6FBC1B0ADD839D92642104B6657149AF662A8F53813E8C24B7DB7FBF23C98E9B423FE84DD6F8BD7933EFA9BCFAA7157B44E7A53515FFB9F8C1191A615B698E151F42F7FD17BF5A7D2BD7DE63B8150FA861551EF6BFD923A88AFF75D2EB6B0CA0728917AB72031E5F54B7566B6BE67278
311
EEC7B286804E8282BE4770600446B8D4BD428D264020454CB615DF9F5DEDD0104C70D60FF74A8A8A77A03C72E6105A6BD473C5831BE83B09BC86E08B596531821734746CB637018FE852972CF12E6FE273EC97916390094E3BC14E1A19557F0EFD5ADB2CF3B09F04DE064746A406CA0A5006348DF6C1E4E9CFF335448BA2D8
311
D77CD18D2FF0ADCF2CDB5A65F30E75ECD374942150CA3E096B0C8A802DC4F4F88A7B1A46656F6A0A5B3269371D36D3619D0E0AEE91225663A788638AC7F6C14A81692153B346C4FEBE070A50767DBE688C0D8DEF51C84E62CBD9489A1567C8AACC9C77A0864CFC363C658AA61B696E6C603339ADF71D265FEF36CD11B486E5
311
C52893E61F897CBDD9B15464CBC54534EA1D26250DBD97916379E2F893AF095B64F099DBA7650D8EE299E638210FF54D6C59BC7CE3FF01504B0304140006080800BC797D5AF702076DC3010000E60400004500000032433845394346352D373733422D344539362D394243422D3141363443353936374244342F536368656D
311
61732F52656E6465724D6174657269616C536368656D612E786D6CA554CB4EC33010BCF31596EFF405481C9AA2A64851255E4A816BB438DBD4926347B15BE0EFF1236982021512B925E39D9D9D59677EF3510A72C05A7325233A1D4D2841C954CE6511D1BDD99E5FD39BC5D97CA9359A0DDB61098BF9CBFA961C4044344599
311
637D0F066B0E22C074BC98C7A0319C58A9B254B2435ED23BC2F388AECB4A6089D280B18D139496815152EDDF046711DD82D048498D902B293E236AEABD7DF74D5D839F69EE1D9F48E1F3BF448FC9E6BF144F351E38BEFF9D662D0D16587B77825FAF2195BF515C395B563BC5197A0AE68DCF363BA831CF7C7C8D7F0DA23D42
311
898037B451BA833673DA92BC82D87F636ACFFB0CEC96F4EA30EF9A0FEAB85D91CAED89348D80E9B178DDC3ACFC71D06F2528A182138DD8672E4DC6DC57CF91467432BA985E4DBE3DB399079353607C0A5CDA0B70D4E65A122FA41BAEEF6C272908D315B076451BD55EB0FF9E092E11ACF8C6B5306028F9D5F15EB95426D315
311
32BEE5D6EC700FBA0C1E94211D7ADC8341143D429D2671564059C2EC72108B4EE3847890CC4697DDF8A708DB01FD7AD8209A41EFC2DCFD7063A504821C7869545188D6C16DF801342CCE6B276363DC8EFA4AFD0E86ED0677C3B77747C7FD3FD617504B0304140006080800BC797D5A02075DF076000000BA00000047000000
311
32433845394346352D373733422D344539362D394243422D3141363443353936374244342F4173736574446174612F41737365745461626C654F66436F6E74656E74732E62696E53616060B070313033737635D1B5303534D035713137D6B5B4B034D4757236377276B430327472311402AACB4D2C492DCA4CCC492C28484D
311
2C4ACC4B4E050A82012F90744FCD03CA26072767A4E626EA02058831363E20BFB8C4C8C0D014BBF94C40635880580088038A328B737D534B127320560000504B0304140006080800BC797D5AC55C663656000000680000004100000032433845394346352D373733422D344539362D394243422D3141363443353936374244
311
342F4173736574446174612F53747265616D56657273696F6E5461626C655D8CBD0A80300C06F73E4B29FE6CDD8A2E82A083B8B7F209014925C9FBA3AEAEC7DD2555D896CB85E51C2A1BD834F6A1F56EC4494C4695278364ABB24ABD2146F88CCEBB89D5321FF8F3F43D672A3B44DF3CB6A1710F504B0304140006080800BC
311
797D5A4B6978A2350100009E0400003600000032433845394346352D373733422D344539362D394243422D3141363443353936374244342F4173736574446174612F636E782E786D6CCD94314FC3301085FF4A6489317192AA022AC71582A51348540C6C57E7D25A75ECC8BE20F8F7D86D0650115387ACA7EFEE9E9FFC4EAC
311
3F7B937DA00FDAD9865545C932B4CAB5DAEE1B365297DFB16C2D85778E7E602CB3D063C3529949B1F76E1CA6528B1D8C26558DB6C7A9F81002D21676069FBB4767092D0596290321342CA803F650C048AEC5702C5A2028AAC26370A357182791EE719AA43C0261CB645DD6CBBC5CE4F5FDB65AAEAAC56A79FB2E7822A5D839
311
67265EC765DE0D3775A9CE7B992C054F8014A3D713955EC3E45F2A8B9DB68247528A403EBA3275D0D7103B60188C5640D13CEE1421E51142E8053FC352F0E4C22F2F9EB0D356A7964D9406E4FC4B14889E34CED093FFD45EDF9B8D0D0456E19C1DB9D4787D1F5E4FBFE8ED1CCB536EE697964B8D57C8093F9D92189B7459E4
311
37504B0304140006080800BC797D5A21B8E1A8E8000000600100006700000032433845394346352D373733422D344539362D394243422D3141363443353936374244342F5265736F75726365732F38443036364345342D383531302D344437332D393839312D4243373243413832314244312F7468756D626E61696C2F302F
311
636E782E786D6C4D90C16EC4200C447F2542EA3121C92A6ABB72D89FD8532F1525DE142DC1084CD5FE7DA1E5B0A7B1C64F9667E0F27DB8EE0B63B2E457310DA3E8D01BDAACDF5791F9D6BF88EEA22012F103263AAF0F5C45B585823D520ECDDAF0A6B3ABAEB3FEDECC1D3D466BDE83DF45679C4E6915C97CE2A1079D99364C
311
F761D3AC87698898284783E500DB03DB011351336E42CDE3BCF4E3A99F5FAFD3729E4EE7E5F90D6425157C10B9C65BCF18293CCDA3A132FAF2CF08B2020A72B48DAA21847A780E64592A481C4BFE06F14F28900EC159A3B9D424C930725F20D407C87F5881AC798BFC9551B476A37E01504B0304140006080800BC797D5AA2
311
33C2345D000000800000006500000032433845394346352D373733422D344539362D394243422D3141363443353936374244342F5265736F75726365732F38443036364345342D383531302D344437332D393839312D4243373243413832314244312F7468756D626E61696C2F636E782E786D6C4D8B490E80201004BF42E6
311
EE76F3C0F216234B883063108CCF170C074F95AE5473F5C4C06E932E4F28601967600677D21E9D8092EDB002539227A2FCCB80E1168D80A6417297A89C5D6963B7129A0D1E8F2EE73AA7B62BBEB8B27DE50B504B0304140006080800BC797D5ABE89762363000000880000005B00000032433845394346352D373733422D34
311
4539362D394243422D3141363443353936374244342F5265736F75726365732F38443036364345342D383531302D344437332D393839312D4243373243413832314244312F636E782E786D6C4DCC3B0E80201004D0AB90EDFD75167CCE820A4A845D83603CBE602CAC26799919AEEEE0D965E2E908050C6D0FCCE04C8BC355
311
404EB6198129C92351FAD580A10E464065907C8D948F8F166375F655BDC3FDC3B4E530A176BE7057BDC43B2A593FE403504B0304140006080800BC797D5AB77402B7EE000000680100007000000032433845394346352D373733422D344539362D394243422D3141363443353936374244342F5265736F75726365732F3844
311
3036364345342D383531302D344437332D393839312D4243373243413832314244315F506F7374323031352F7468756D626E61696C2F302F636E782E786D6C5DD04D6EC3201005E0AB58485DDAD88EDC9F08932B74D1553711C513170518044394DEBED0B2A8BA1AF4F469343C71BA3BDBDD2026837E65D330B20EBCC6CDF8
311
7D65992EFD33EB4E524444FAC358E7958395D59849B147CCA1451B5C54B635B5C65F5B48E7D76892EBE7E5F11CFCCE3A6D554A2B4BFA139C1A5426DC205D874D911AA62142C21C359425641CB4253A8222D8989CC779E9C7433FBFBC4DCB713A1C97A777C1AB94E203D1366F3C41C4F0308F1ACBD3979B46C12B902247D354
311
FD0893FF0E14BC002912C5D24383F4150A542158A31595BA386A02EA0B02E504FFC552F0FAEF327E4A29B37624BF01504B0304140006080800BC797D5AA233C2345D000000800000006E00000032433845394346352D373733422D344539362D394243422D3141363443353936374244342F5265736F75726365732F384430
311
36364345342D383531302D344437332D393839312D4243373243413832314244315F506F7374323031352F7468756D626E61696C2F636E782E786D6C4D8B490E80201004BF42E6EE76F3C0F216234B883063108CCF170C074F95AE5473F5C4C06E932E4F28601967600677D21E9D8092EDB002539227A2FCCB80E1168D80A6
311
417297A89C5D6963B7129A0D1E8F2EE73AA7B62BBEB8B27DE50B504B0304140006080800BC797D5ABE89762363000000880000006400000032433845394346352D373733422D344539362D394243422D3141363443353936374244342F5265736F75726365732F38443036364345342D383531302D344437332D393839312D
311
4243373243413832314244315F506F7374323031352F636E782E786D6C4DCC3B0E80201004D0AB90EDFD75167CCE820A4A845D83603CBE602CAC26799919AEEEE0D965E2E908050C6D0FCCE04C8BC355404EB6198129C92351FAD580A10E464065907C8D948F8F166375F655BDC3FDC3B4E530A176BE7057BDC43B2A593FE4
311
03504B0304140006080800BC797D5A7D64665A8D000000E50000003600000032433845394346352D373733422D344539362D394243422D3141363443353936374244342F5265736F75726365732F636E782E786D6C958EDF0E82201C465F85FDEE4930FFE006B8C4EE7B83E6121D4BA121B61E3F696E75DBEDD977CE3E5EBF
311
E6093DB55F8CB302E88100D2F6E67A6347016B183003544BEE9D0B3F3340B69BB5808841F2D1BBF5B1A35E0FDD3A453A197BDF216B4951A87386594E09CEDAF2882B5651DCA832552796D2A6A59B9144E56FF17A714B4809CDBF85E4F3680BC683F20D504B0304140006080800BC797D5A6A176AC0260100004D0500003400
311
000032433845394346352D373733422D344539362D394243422D3141363443353936374244342F536368656D61732F636E782E786D6CCD94BD4EC33014465F25B2C498DF2A022AC71D18982A21606233CE6D6BD5F68DAE1D046F8F1D32A4828D0ED9ECAB23EB3B9F65F3DDA735D90790D7E83A561715CBC029ECB53B766C0C
311
87FC8E653BC109312C30963969A16369CC043F128EC33CEAE1204793A646BBF33C7C406BD1BDA81358C93265A4F71DF3D3B69063C01EFCB9E86590455D10781C49413C21680BF3098A4006E89968AAA6CDAB4DDEDCBFD6EDB6DE6CDBDB375E2652F0774433F3DA05201C6E9A4A615CBA18A8E26502041F49CF54B2606299AE
311
887DF0321282FB40B185990C5F4324E53018AD6488659513F8C3085E26D90BE54770405AADD5F922DED5A49F487BBBAC737D97FD2BE275E5F710A459EBA54FEE8B8457537F06D703EDE30B25BD5EFDBF52FEAF8272FAF9E2F34F1FA1F806504B0304140006080800BC797D5AE3603EBE7A000000C20000002C000000324338
311
45394346352D373733422D344539362D394243422D3141363443353936374244342F636E782E786D6C6DCD410EC2201085E1AB90D9DBEACE05D09878023D01A1D34A8419C380F1F82DA68B9AB8FDFEC93C3D7C52546FCC12980C9CBA232824CF63A0D9402DD3E10C6AB03A3397DD192872090D3406ABE7CCF5B5D18893ABB1
311
690CF4DCF02282E5EA8A5BB96FFE536F285CB347F95BEFFE81C9ED5AFF9D5B1FB575BB00504B0304140006080800BC797D5A3DF474237F000000A300000007000000636E782E786D6C4D8CD10E822018465F85FDF75416826C800BB2F77089CE89D0485A8F1F342FBAFAB6B3EF1CD17E5687DE36BEE6E02554871320EB1F61
311
98FD24216D236E00B54AC410B6BF1B20DFAF5642C1A0C414437AEE68B0639F5CA16EF6CB0ECFA6E9B8B9D798B18BC6A4E314736D34AEAE94989A53A66F241BC7A2E4F9F5F296BCFA02504B0304140006080800BC797D5A1E7A0675A400000032010000130000005B436F6E74656E745F54797065735D2E786D6C95904B0EC2
311
300C44AF1279DFBAB0400835ED02B8011708C16D239A8F121795DB93D22D20B1B467DE8CE5BA9DED281E1493F14EC2A6AC4090D3FE665C2F61E2AED883689BFAF20C9444F6BA2461600E07C4A407B22A953E90CB4AE7A3559CC7D86350FAAE7AC26D55ED507BC7E4B8E025039AFA449D9A4616E739AFD7DE8C8338AEBEA54A
311
820A61345A713E0B17153F7257E37E705E3371913892B25F02FEA0F1FD83E605504B0304140006080800BC797D5A3DEE336E64000000790000001B0000006175746F6465736B2D64657369676E2D7061636B6167652E786D6C35CBC10E83200C00D05F21DCA56CA76D41FC96062B120735B69A7DBE268BB7777961F8D5AF39
311
6893C2ADB70FE7ADA196782C2DF776D7A97B5933C430F15651E5469C55D70F80A4992A3ADC954792C525AE70A1E4D6AD9816CC044FEFDF01FE3FDE907802504B0304140006080800BC797D5ADE382F21F7000000960100003700000032433845394346352D373733422D344539362D394243422D3141363443353936374244
311
342F4173736574446174612F636F72652E786D6C8550CB6EC32010FC156BEFD8E077224C94CAEA17F4D41B02E2A2C460F1A8FAF985D895DA534FBB9A9D9DD91D7AF95A1FC5A7725E5B3301293114CA082BB5592688E18646282E8C3A6BC32F1A1486AF6A820C03A38BB3713B20614D5026A3C64A7580DC7B15A0108FD44CE0
311
C5875A79C963480C7F2F372EEE7C512529771EA3316A79AC6A99D4F44D2B07EC7A7A19E77EEC5083FB1AB5AF2D41D711B7880C33E9BB131EFB66A0555E6634E8F5C75D38C58392C06A5C770837A83EBD91EE4C9A7337BCD32A3319F5C1A59F0FD3FC5DB2CB57CF3C705AEDD33FAA7193FFAB466D42531FAAFB860746D291CF
311
01A3554E29956784A9E644D937504B0304140006080800BC797D5A231A05B1F20000008E0100006800000032433845394346352D373733422D344539362D394243422D3141363443353936374244342F5265736F75726365732F38443036364345342D383531302D344437332D393839312D4243373243413832314244312F
311
7468756D626E61696C2F302F636F72652E786D6C8550CB6EC32010FC156BEFD8E0B7234C942AEA17F4D41B02E2A2C460F1A8FAF985D895DA534FBB9A9D99DD1D7AFE5A1FC5A7725E5B3303293114CA082BB5596688E1864628CE8C3A6BC32F1A1486AF6A860C03A38BB3713B20614D5026A3C64A7580DC7B15A0108FD4CCE0
311
C5875A79C963480C7F2F372EEE7C512529771EA3316A7948B54C6EFAA6950376995EC66B3F76A8C17D8DDAD796A0CB885B44862BE9BB098F7D33D02A8B190D7AFDD92E9CE241496035AE3B841B544F6FA43B91E6D40DEFB4CA4C467D70E9E76369FE0E18A6D58EFE718B9BFCDF2D6A139AFA70DB151E1849C73D078C56399D
311
549ED1A59A9364DF504B0304140006080800BC797D5ABEF61E23F9000000960100006600000032433845394346352D373733422D344539362D394243422D3141363443353936374244342F5265736F75726365732F38443036364345342D383531302D344437332D393839312D4243373243413832314244312F7468756D62
311
6E61696C2F636F72652E786D6C8550CB6EC32010FC156BEFD8E0B7234C942AEA17F4D41BC5C441B1C1E251F5F30BB12BB5A79E76353B33BB3BF4FCB52ED9A7B44E193D02C93164520B33293D8F10FC0DF5909D19B5C6F85F34C8345FE508090646676BC27640C2682F7542B599E40172E7A4874C2CB119C189BB5C79CE838F
311
0CF7C8372E1E7C9639C9771EA321A8E990AA29BAA99B9216D86578E9AF6DDFA00AB725AA5F6B822E3DAE11E9AEA46D06DCB755478B2466D4ABF567BBB0927B39012B71D9205CA1727823CD8954A7A67BA7456232EABC8D3F1F4BD377C0FC3DAC1F9AAB8516FBF48F6BD8A6FF5D83D2BE2A0FD75DE1809178E473C06891528A
311
E51961AC2951F60D504B0304140006080800BC797D5AC9FD72B00D010000B10100005C00000032433845394346352D373733422D344539362D394243422D3141363443353936374244342F5265736F75726365732F38443036364345342D383531302D344437332D393839312D4243373243413832314244312F636F72652E
311
786D6C8590CD6EC32010845FC5DA3B36E03F1C61A2246E9FA0A7DE904D1C94182203551FBF50BB527BEA69D130B39F76F8F17379641F6A75DA9A1E488E215366B49336730FC15F1183EC28F86AADFF6583CCC845F59064107C5E6D78EED2688D5726A9C64E6A17A573CA43363EE2A30737DED42273197C74B87BFE94E35DCE
311
2A27F9E6133C043DED513DC56DFAAAD50AE2D49DD9D0B01A95B8A1A87AAD083A315C21D20EA4A93BCC9AB2E5450A0BEEF5F2431F5725BD9A40504C6B844B44BB37521F4879A8DB775E24A7E0CEAFF1E61D9AAE03C106DC3497970AB19A60540D6D893AD61174BEB4F47262949C07C28B2DF807189ED3FFC0A08D2FE90EDC12
311
0E445CB87D085EA402E3F86E37CE54B6F802504B0304140006080800BC797D5A231A05B1F20000008E0100007100000032433845394346352D373733422D344539362D394243422D3141363443353936374244342F5265736F75726365732F38443036364345342D383531302D344437332D393839312D4243373243413832
311
314244315F506F7374323031352F7468756D626E61696C2F302F636F72652E786D6C8550CB6EC32010FC156BEFD8E0B7234C942AEA17F4D41B02E2A2C460F1A8FAF985D895DA534FBB9A9D99DD1D7AFE5A1FC5A7725E5B3303293114CA082BB5596688E1864628CE8C3A6BC32F1A1486AF6A860C03A38BB3713B20614D5026
311
A3C64A7580DC7B15A0108FD4CCE0C5875A79C963480C7F2F372EEE7C512529771EA3316A7948B54C6EFAA6950376995EC66B3F76A8C17D8DDAD796A0CB885B44862BE9BB098F7D33D02A8B190D7AFDD92E9CE241496035AE3B841B544F6FA43B91E6D40DEFB4CA4C467D70E9E76369FE0E18A6D58EFE718B9BFCDF2D6A139A
311
FA70DB151E1849C73D078C56399D549ED1A59A9364DF504B0304140006080800BC797D5ABEF61E23F9000000960100006F00000032433845394346352D373733422D344539362D394243422D3141363443353936374244342F5265736F75726365732F38443036364345342D383531302D344437332D393839312D42433732
311
43413832314244315F506F7374323031352F7468756D626E61696C2F636F72652E786D6C8550CB6EC32010FC156BEFD8E0B7234C942AEA17F4D41BC5C441B1C1E251F5F30BB12BB5A79E76353B33BB3BF4FCB52ED9A7B44E193D02C93164520B33293D8F10FC0DF5909D19B5C6F85F34C8345FE508090646676BC27640C268
311
2F7542B599E40172E7A4874C2CB119C189BB5C79CE838F0CF7C8372E1E7C9639C9771EA321A8E990AA29BAA99B9216D86578E9AF6DDFA00AB725AA5F6B822E3DAE11E9AEA46D06DCB755478B2466D4ABF567BBB0927B39012B71D9205CA1727823CD8954A7A67BA7456232EABC8D3F1F4BD377C0FC3DAC1F9AAB8516FBF48F
311
6BD8A6FF5D83D2BE2A0FD75DE1809178E473C06891528AE51961AC2951F60D504B0304140006080800BC797D5AE5E0AFEA15010000BA0100006500000032433845394346352D373733422D344539362D394243422D3141363443353936374244342F5265736F75726365732F38443036364345342D383531302D344437332D
311
393839312D4243373243413832314244315F506F7374323031352F636F72652E786D6C8550C16E842014FC15C31D0514C50DB259B53DF7D0532F0D51D6925D6123D0F4F30BBB36694F3DBD9779336F32C38F5FEB35FB549BD3D67400E70864CA4C76D666E940F067C84076147CB3D6FFA281CCC8557520C140F065B3E1B643
311
93355E99841A3BAB1D94CE290FB2E91A970EB8E943AD3297C14786BBE437395DE4A2729C3F788287A0E75DAAE7F84D9FB5DA8038B53D1B6B4661896A02ABE70AC3134315C4CD886BDA2256970D2F925870AFD71FF76953D2AB1908820885A884A47DC5F480CB036DDE789198823BBFC5CCBB694A07041B515D0F4F15641423
311
588D4D095BD662D80F0D194E8CE07EC4EF2FD6798230E5C5E3C31FE7709BFF770EDAF892ECCE0F850302C720F783E0456A328E7BCD71A6D6C537504B0304140006080800BC797D5A4A64487CF9000000960100003700000032433845394346352D373733422D344539362D394243422D3141363443353936374244342F5265
311
736F75726365732F636F72652E786D6C8550496EC3300CFC8AC1BB6CCB7B0259418AA00F287AEA4D901947482C195A8A3EBF52EC02EDA92712C3992139ECF4B53CB24FB44E193D02CD4BC8504B33293D8F10FC950C909D38B3C6F85F34C8B4587084040367B33561DD2169B4479D506D26DC41E11C7AC8E42336233879C345
311
E422F8C870F77C15F22E66CC69BEF1380B414DBB544DD14D5D155AE0E7C3CB70E98696D4655791E6B5A1E43C940DA1FD8576EDA11CBABA67451273E6D5F2B35D5A141E27E05559B5A4AC497578A7ED91D6C7B6FF60456272E6BC8D3FEF4BD377C0DFD09960253A566CD33FAE619DFE770D4AFBBADA5D3785034EE391CF0167
311
454A29966784B1A644F937504B0304140006080800BC797D5A10669752F6000000940100003500000032433845394346352D373733422D344539362D394243422D3141363443353936374244342F536368656D61732F636F72652E786D6C8550CB6EC32010FC156BEFD8E0B7234C942AEA0FB4A7DE10260E4A0C168FAA9F5F
311
B05DA93DF5B4ABD999D9DDA1E7AFE5997D4AEB94D123901C4326B53093D2F308C1DF500FD999516B8CFF45834CF3458E90606074B626AC07248CF65227549B491E20774E7AC8C43336233871970BCF79F091E11EF9CAC583CF3227F9CE633404351D523545377553D202BB0C2FFDB5ED1B54E1B644F56B4DD0A5C73522DD95
311
B4CD80FBB6EA6891C48C7AB5FC6C1756722F2760252E1B842B540EEFA43991EAD4741FB4484C469DB7F1E76369FA0ED8DB76A7A3C53EFBE319D6E97FCFA0B4AFCAC373573860249EB80D182D5246B16C01C69AF264DF504B0304140006080800BC797D5A4922B3BF02010000D80100002D00000032433845394346352D3737
311
33422D344539362D394243422D3141363443353936374244342F636F72652E786D6C9551CB72842010FC156AEEA8F85CB790AD68365F90536E44665D6A57B00453F9FC603495E4969CA09AEE1EBA879FDEC73B79C3D9696B1A605102044D6F953643038BBFD0039093E0B3B5FE070D88912336B0C220F830DB65DAA1DE1A8F
311
66458D55B883D239F440FA7BB834E0FA2B8E32928B0F0C778B26D9DFE480118B369EE05E8F5FD27E46E951814893B4A04946D3FA991547961D8BEA85C72B53F0451B9FA5FB301C5F51113BF910094491F1787B0EB445AB9DA455F8A4BE689C83737738D7DD5341AB2A6B697EAE4B5AB75D4BD9439977455D56ED631E4C8258
311
70E7E750CD6EB296F057F926FC156D99D43FA36D0A07827D878AD79E058F3F9710CE7527E203504B0304140006080800BC797D5ACFE95A1406010000B201000008000000636F72652E786D6C8D50CB6EC32010FC15B4776CF03B11264A15F50B7AEA8D1AE2A0D860018EDABF2FC4AED4DE7A5A3433BB330C3B7DCE137A28E7
311
B5353DD08C005266B0529BB187355C7107E8C499B336FC92013262563D2418381B9D5D971D1AAC09CA24D458A9765078AF02A0618A8F1EFC7053B3C8C41AA2C2DFB3450C7731AA8C669B8EB3A0E79FD5C1291194045E90A2C6A4C4C5E18DD6475A1EEBF69DE549C9D9BA6AB95B6919DDF5552B07FC7C78E92E4D57E3923405
311
AE5E2B8ACF1DA9306D2FB4A90FA46BCA96E56999331F5CFCF37E24E60CC88B47F265F94671F661EDB40B622889AC99BE80139627E24FE87591FF08AD4D288BFDE0B6E181D318E84944E3D4601CCF7AE34C6DF36F504B01021400140006080800BC797D5AD3B2300839010000B80200004F0000000000000000000000000000
311
00000032433845394346352D373733422D344539362D394243422D3141363443353936374244342F4173736574446174612F446566696E6974696F6E4974657261746F7250726F706572746965732E62696E504B01021400140006080800BC797D5A4AD3E58FC9010000C80300004500000000000000000000000000A60100
311
0032433845394346352D373733422D344539362D394243422D3141363443353936374244342F4173736574446174612F496E7374616E636550726F706572746965732E62696E504B01021400140006080800BC797D5AB5A795FFE3790000DE7900006B00000000000000000000000000D203000032433845394346352D3737
311
33422D344539362D394243422D3141363443353936374244342F5265736F75726365732F38443036364345342D383531302D344437332D393839312D4243373243413832314244312F7468756D626E61696C2F302F67656E657269635F706E67504B01021400140006080800BC797D5AF3CB91853C7D0000377D0000780000
311
00000000000000000000003E7E000032433845394346352D373733422D344539362D394243422D3141363443353936374244342F5265736F75726365732F38443036364345342D383531302D344437332D393839312D4243373243413832314244315F506F7374323031352F7468756D626E61696C2F302F745F507269736D
311
2D3235365F706E67504B01021400140006080800BC797D5A28BB58AF800100009E0500003D0000000000000000000000000010FC000032433845394346352D373733422D344539362D394243422D3141363443353936374244342F536368656D61732F436F6D6D6F6E536368656D612E786D6C504B01021400140006080800
311
BC797D5A1004A04F380500005C1700003E00000000000000000000000000EBFD000032433845394346352D373733422D344539362D394243422D3141363443353936374244342F536368656D61732F47656E65726963536368656D612E786D6C504B01021400140006080800BC797D5A8A56E75334020000A3060000420000
311
00000000000000000000007F03010032433845394346352D373733422D344539362D394243422D3141363443353936374244342F536368656D61732F507269736D436F6D6D6F6E536368656D612E786D6C504B01021400140006080800BC797D5A705234CAB101000018040000410000000000000000000000000013060100
311
32433845394346352D373733422D344539362D394243422D3141363443353936374244342F536368656D61732F507269736D4D6574616C536368656D612E786D6C504B01021400140006080800BC797D5AF702076DC3010000E604000045000000000000000000000000002308010032433845394346352D373733422D3445
311
39362D394243422D3141363443353936374244342F536368656D61732F52656E6465724D6174657269616C536368656D612E786D6C504B01021400140006080800BC797D5A02075DF076000000BA0000004700000000000000000000000000490A010032433845394346352D373733422D344539362D394243422D31413634
311
43353936374244342F4173736574446174612F41737365745461626C654F66436F6E74656E74732E62696E504B01021400140006080800BC797D5AC55C663656000000680000004100000000000000000000000000240B010032433845394346352D373733422D344539362D394243422D3141363443353936374244342F41
311
73736574446174612F53747265616D56657273696F6E5461626C65504B01021400140006080800BC797D5A4B6978A2350100009E0400003600000000000000000000000000D90B010032433845394346352D373733422D344539362D394243422D3141363443353936374244342F4173736574446174612F636E782E786D6C
311
504B01021400140006080800BC797D5A21B8E1A8E8000000600100006700000000000000000000000000620D010032433845394346352D373733422D344539362D394243422D3141363443353936374244342F5265736F75726365732F38443036364345342D383531302D344437332D393839312D42433732434138323142
311
44312F7468756D626E61696C2F302F636E782E786D6C504B01021400140006080800BC797D5AA233C2345D000000800000006500000000000000000000000000CF0E010032433845394346352D373733422D344539362D394243422D3141363443353936374244342F5265736F75726365732F38443036364345342D383531
311
302D344437332D393839312D4243373243413832314244312F7468756D626E61696C2F636E782E786D6C504B01021400140006080800BC797D5ABE89762363000000880000005B00000000000000000000000000AF0F010032433845394346352D373733422D344539362D394243422D3141363443353936374244342F5265
311
736F75726365732F38443036364345342D383531302D344437332D393839312D4243373243413832314244312F636E782E786D6C504B01021400140006080800BC797D5AB77402B7EE0000006801000070000000000000000000000000008B10010032433845394346352D373733422D344539362D394243422D3141363443
311
353936374244342F5265736F75726365732F38443036364345342D383531302D344437332D393839312D4243373243413832314244315F506F7374323031352F7468756D626E61696C2F302F636E782E786D6C504B01021400140006080800BC797D5AA233C2345D000000800000006E000000000000000000000000000712
311
010032433845394346352D373733422D344539362D394243422D3141363443353936374244342F5265736F75726365732F38443036364345342D383531302D344437332D393839312D4243373243413832314244315F506F7374323031352F7468756D626E61696C2F636E782E786D6C504B01021400140006080800BC797D
311
5ABE89762363000000880000006400000000000000000000000000F012010032433845394346352D373733422D344539362D394243422D3141363443353936374244342F5265736F75726365732F38443036364345342D383531302D344437332D393839312D4243373243413832314244315F506F7374323031352F636E78
311
2E786D6C504B01021400140006080800BC797D5A7D64665A8D000000E50000003600000000000000000000000000D513010032433845394346352D373733422D344539362D394243422D3141363443353936374244342F5265736F75726365732F636E782E786D6C504B01021400140006080800BC797D5A6A176AC0260100
311
004D0500003400000000000000000000000000B614010032433845394346352D373733422D344539362D394243422D3141363443353936374244342F536368656D61732F636E782E786D6C504B01021400140006080800BC797D5AE3603EBE7A000000C20000002C000000000000000000000000002E160100324338453943
311
46352D373733422D344539362D394243422D3141363443353936374244342F636E782E786D6C504B01021400140006080800BC797D5A3DF474237F000000A30000000700000000000000000000000000F2160100636E782E786D6C504B01021400140006080800BC797D5A1E7A0675A4000000320100001300000000000000
311
000000000000961701005B436F6E74656E745F54797065735D2E786D6C504B01021400140006080800BC797D5A3DEE336E64000000790000001B000000000000000000000000006B1801006175746F6465736B2D64657369676E2D7061636B6167652E786D6C504B01021400140006080800BC797D5ADE382F21F700000096
311
01000037000000000000000000000000000819010032433845394346352D373733422D344539362D394243422D3141363443353936374244342F4173736574446174612F636F72652E786D6C504B01021400140006080800BC797D5A231A05B1F20000008E0100006800000000000000000000000000541A01003243384539
311
4346352D373733422D344539362D394243422D3141363443353936374244342F5265736F75726365732F38443036364345342D383531302D344437332D393839312D4243373243413832314244312F7468756D626E61696C2F302F636F72652E786D6C504B01021400140006080800BC797D5ABEF61E23F900000096010000
311
6600000000000000000000000000CC1B010032433845394346352D373733422D344539362D394243422D3141363443353936374244342F5265736F75726365732F38443036364345342D383531302D344437332D393839312D4243373243413832314244312F7468756D626E61696C2F636F72652E786D6C504B0102140014
311
0006080800BC797D5AC9FD72B00D010000B10100005C00000000000000000000000000491D010032433845394346352D373733422D344539362D394243422D3141363443353936374244342F5265736F75726365732F38443036364345342D383531302D344437332D393839312D4243373243413832314244312F636F7265
311
2E786D6C504B01021400140006080800BC797D5A231A05B1F20000008E0100007100000000000000000000000000D01E010032433845394346352D373733422D344539362D394243422D3141363443353936374244342F5265736F75726365732F38443036364345342D383531302D344437332D393839312D424337324341
311
3832314244315F506F7374323031352F7468756D626E61696C2F302F636F72652E786D6C504B01021400140006080800BC797D5ABEF61E23F9000000960100006F000000000000000000000000005120010032433845394346352D373733422D344539362D394243422D3141363443353936374244342F5265736F75726365
311
732F38443036364345342D383531302D344437332D393839312D4243373243413832314244315F506F7374323031352F7468756D626E61696C2F636F72652E786D6C504B01021400140006080800BC797D5AE5E0AFEA15010000BA0100006500000000000000000000000000D721010032433845394346352D373733422D34
311
4539362D394243422D3141363443353936374244342F5265736F75726365732F38443036364345342D383531302D344437332D393839312D4243373243413832314244315F506F7374323031352F636F72652E786D6C504B01021400140006080800BC797D5A4A64487CF90000009601000037000000000000000000000000
311
006F23010032433845394346352D373733422D344539362D394243422D3141363443353936374244342F5265736F75726365732F636F72652E786D6C504B01021400140006080800BC797D5A10669752F6000000940100003500000000000000000000000000BD24010032433845394346352D373733422D344539362D3942
311
43422D3141363443353936374244342F536368656D61732F636F72652E786D6C504B01021400140006080800BC797D5A4922B3BF02010000D80100002D000000000000000000000000000626010032433845394346352D373733422D344539362D394243422D3141363443353936374244342F636F72652E786D6C504B0102
311
1400140006080800BC797D5ACFE95A1406010000B2010000080000000000000000000000000053270100636F72652E786D6C504B050600000000230023003D1000007F2801000000
310
504B0304140006080800BC797D5A000000000000000000000000370000006662782F36434339453144332D374132432D343439432D383839332D3430323436344644443046382F617474726962757465732E62696E504B0304140006080800BC797D5A000000000000000000000000350000006662782F3643433945314433
310
2D374132432D343439432D383839332D3430323436344644443046382F76657274696365732E62696E504B0304140006080800BC797D5AF270F1330600000004000000360000006662782F36434339453144332D374132432D343439432D383839332D3430323436344644443046382F747269616E676C65732E62696E6366
310
60600000504B0304140006080800BC797D5AB5A795FFE3790000DE790000420000006662782F36434339453144332D374132432D343439432D383839332D3430323436344644443046382F7265736F75726365732F322F305F67656E657269632E706E6701DE79218689504E470D0A1A0A0000000D49484452000001000000
310
010008030000006BAC58540000000467414D410000B18F0BFC6105000000017352474200AECE1CE900000192504C5445818181B3B3B35A5A5A4848486060605C5C5C6464648383835E5E5E6262624E4E4EAFAFAF4A4A4AB5B5B54C4C4CB1B1B1858585B7B7B7585858ADADAD7C7C7C464646787878ABABAB747474A7A7A768
310
6868707070B9B9B96E6E6E6A6A6A8B8B8B666666545454565656A5A5A5505050A1A1A1BBBBBB8F8F8F9F9F9F4242425252527676764040403E3E3E9B9B9B7A7A7A8989897E7E7E9393939797974444448787873C3C3C727272BDBDBD3A3A3A6C6C6CA9A9A9A3A3A32020209D9D9DBFBFBF8D8D8D9595959191912626269999
310
992222222424241E1E1EC1C1C1282828C3C3C32C2C2C2A2A2A2E2E2E303030C5C5C53232321C1C1C363636383838343434C7C7C71A1A1A0E0E0E121212484A484C4E4C1616160A0A0A4A4C4A787A781414147C7E7C9193915E605E464846838583878987B1B3B18587856668665A5C5A626462818381A7A7A5A3A3A1B1B1AF
310
ADAFAD7072705C5E5C9D9D9BABADAB7E817EB7B9B7585A58BBBDBB4C4C4A8D8F8D747674B5B5B3B7B7B59FA19F606260ABABA9A5A5A39B9B99A9A9A78F8F8D6C6C6AC7C7C5451AD12700002000494441547801DCBD89771BD7B5A70B8EE04C702641712605CE034890E220088028C93245451215B713AF388E7DFD9EEDB8DD
310
CE6ABFF4B57D97137BE50FEFEFDBA74049B6AEED74869B7E87404D2814EBB7F76F0F67A8835CEEBFA0E42B854AA5B2BB5B6BCC951A8D52A93657A914FE0BEEE39FFE2FF395B9B9C6CAD2D4C4606F4B7FFF8D1B37EEDCB97587F7CD9B4343BD134BABE7DB48E3FFA7A228ECD6F6574E4786C0FC8B5FFCE2CD5FFCE297BF7CF3
310
CD5FFC92B52FFE58BFF9E69B776E0EF5F79E55CBBBF9FC3F5D3DFFB07F5898ABAF7CDA3B74E74EC0CE20230561BF096E97E05712BFFCC59BC80539DCE83DDD6E54FE61B7747DE17FB8980BBBFB2BBD4337DF487881AAE6C5ACC6AF25207877B2B527BFF1CB3B77FA47561ABBD7F7FA7FE146A5B6BD74E3164C7F51449AE95D
310
B412200EC539418717E7F2F11B376FF62E95FEAF1442BED0581DBCA1BD2780D23F506AFA16E1A7AD974EF17876F00DD7BCB187A1A97AE51FCED5BF2BC1F2BBE5B3C19BE27B43CF26DE00933658FE129B109C2FFF922CC22C4260FA01BEFB462A77DEBC35F42F600C3F5B0795D2E9E02DAD5E650B4438A92801B65C35CBAB7B
310
1EE5041CE69D3B6F1822DFB873EBD6AD3B6FBC71EBC6C86AE967DFC2DFA4CEBFF1BF54F6276EBC114E2F43FEC60B01A0D440A868B2920E5C4BC10D60931ADCB871F3268B21D3851B08E1D6AD9BFD4BF57F7577909FAB86F29B982571136AF01DF5FE32AC3BD9406CAAF2440A54CF176EDD01FBADA1FEFEFE21FE4C9858DFF4
310
183458A9FD2B6708A5A5A137E0EE1D11A9EC0C7C58B2C73C0AD6B479BD76B7790CF899E287FA5B06FB7B07C9195B7851FA8794031EF1FC5F9406BBFB23375420286399B631E93B08022A785C4DBF9996EC3551874094D71B6F487E80F6837E50F483BDBDBD83232323AC420A18C68DA196EDDADF68A77F938F78FD972BABBD
310
B7B87FB164AC6FC2CB760365821ACB74AED44FFAD7E7431ECD7E08AC421F391D199998989A383D9D98E8E56F84A318C58D9BFD2DAB73FF5222C8EFAEF4DE7AF30D756E5108683DA471E70D0502099A7240F19E4089D3FD203E620F1B47BF43501E85031AE44B4B9F2E4D2D9D4D51D8970983FA861B3706FF950CA170DE82F6
310
B312CC4F42C8966295F7D725ED29882415DC055F36DEA1FE96FEC141493F05FAA9A9A5A595B333DED5B3D5A533F62183323032F46EFF13EA0AAFA5FBF7C8976F8C10F7280A014832593B90004D52341980D907EAEB73411EB2F1EBC9F507F92746C40E7AE0AFAE54292BAB2BAB67CAE0746264A277B06508168C94BF772BE9
310
765F7BF0B548FE1E07F3B5A521340A5CB5297C4B12811B89E82191ECF3E41B3259C529F135E23CF4C7F961FB13537F5A02ECCAEA76B5BA5D3D3FDF3F2FEFEFB3AA22053E5008833428DC6C59FA2F770595F311F235D427F379BB8A121BD901B96076A388DC4C3C61C7933CCCD770FF375A6E0CE9F535FE2534BF5ADD3E3FAF
310
D71BF57AA951B6D4CFEBFB8864758A26154430080B06ABFF557610ECC93726224F155D1471041E0D42F82F4891C926C1355B0831649FF365F46FF05300A7A790BD8ADEEB0D4AA9569A9BDBADCCD56AA55AE377F5F3F3EA2A34983A1DE91D810543138D7F28E57FF4E2B5335A3928B76EA1CB9B00BF158C8F63A2E788826896
310
D0B5E7C461949ECE089144F8EBEFC7FB4D8C9C4E9DAD60F7FBE572B416C2F2423ECF8B86C439E450DA970634ACFDA977629098D0B2FAF313A36B3869E37AF7853378CDA1171FBEBA95DF1E44FD5144A420588641B0055A79ED91CC0DC41E27064512FB33F1F04D09D0D2DF0203A646A6CECE80DF28356A348CED8C4F1EF137
310
B9319E1BCD29867CA556AA97F7B757567006A447FD375A26CAAFDED9CFDCFB2BB0BEEE8AA5911BC2C7F85DF88A3775389990AA72219D582409210F85A4E66F2987D875C30848023088FDF77E87F96FD7CBA5B9DCCEF4F4C9FC7C676777577B7B7B67E7ECCCE4E8DEE85E81A6D55AA3BC7FBEB242589CE8ED4770E785D7DDE2
310
3FF2587EBF57F50B9E820527316488E5C32D50F979BCA58207297E2B6D658702FFCD211840FE43FC9F3A5BAD9E97E6F21B9FCF16BBBB3A3A5A175B5B1787875B5B3B86DFEFFC687A72674F19D46A8DFDF3EACA59E405375ACE76FFA922C817CE86A89BDD92F400F2C55B7462F610459837D3A61ACF50C7471C8F2F2A9D38C3
310
DA2F068007F80EFCDBFBE5DCC674B1D83EBCBEB8BCBCBC3ED0D3D333D0B3DE33BCBEB0D8DA35FBF9F8CECE68AE020BCE61C112A4C1138CD47F9AD13F7DC6AB9CF9CFCFAF9D0E01FFE6CD503F5B91C5218E2899CA15098714848B04FCE5654884ABF0E554F11F6C21D73D5D5AADD64B7B9327DDAD8B0B7D7D6D6D07070763BC
310
0F3E38E8EB4310EBEB8BC3DDB347E3E37B5842B97C4E44A0C630427E5CFDFB71E03F471E12CA9FF70E055AE141042DD81234B879EB4606361D9328149037D7D76A571A7E974FA20AD0323832713AB5BA7ABE3B3E3D3FBC30307070B0B9B645D93C3CDC3CDCA41CFC6AAC2D64D0D579B4B1B397A7C1BDBEBD7D36657A3CD4B2
310
F44F4909F2B9CA597F4245C59DEC354316F0587020D0C661742BC02869435FD12CF195C422DB3C5A3E2305C000CE6B7B27ED8B7D63079B5B5B878787C787C7C7C757C76C51B60ED60EDAFA06D67B965B3B672677080BB5329E60E9B477847AE2E9EB53E35779FD37EFCD2D0DDD68AA355B6B0D81860502B8B68C801F5C697E
310
9AD62F4B406244CB975560BAC756AAA577675B07C6D03778C17E7C95CAF1B3ABABE3E3ADADE3CDB1B1B6B681014470343EBA979F8B90383545727C63E43549D14FD0F927E5F1FDEFD7263058FE02EBCD1BDCBCA053496BD58E69BC44F9F854D4D979AE9ADB908824382AC1D4014E9756EAF9CE85B6B54DB01F02F8EA5908E0
310
D9D5F1B3E72188C3C3AB67879B07C8A0A767B8B831FE5E7EB754DEAE5261460243FFF07858D8EF0D658BDC563A2C5EF5833C13C90B69248C4DD97842B61DFA7F210A2F6108A0F96B62E2D3B3F3DD939EA47E30ABF5AB2B903F4BE5F9B36757CF65021E616DAC6F60A1FB647274B4B05B2E5341B082D43278F67D8DFDA48AFF
310
9A13F22B34C7586C9992BA6E66CABC190E313E7C811AA57304B421A75B289B9D174CC868C24548823E230B9A5A2DCD2CAFE1F98E61C015CA7E96B083FC59F3ED06EE60F360B3AD6F79787ED278D0A86FAFE00BA9220EAEFE1D5DE1F7855939C3FCC1332426B377F692406E022C010DB437EF009803F0DCFD3B7C94440571D8
310
F2C328F115F47FD324802070BAB43FBA80EFDB92FCA1F7E7CF9FA875CBB327CF9EB08C4DE4815BC4210E2CB7CF1CEDECEDCED5B757490968286899FAF95583BF46F9393CEE6A86D6F618CAAD9BFF0BE22B042412C5CFB50556815CC5BBE33E9F61ECEC26A9BCB8145FD10590078F9C9E953B513FAE1FE387FAC246E14F9E3C
310
E7F5F8194BD6594140876B6B84C5D6799C61A16434201E5237582AFD75C07EEED9863F463284E2E13425A036BD41061259289B6BDC1ED656FC8B8592C9D00701E27CEA749F0D8EF44EAD8C1F80FFF8F8F9D513191F6803384C800097F24069C407CFAE88136B7DCB3D5D4A60B711F19070D83235F77331FD35E71596688903
310
8E2E0B346EAB7936C4162043E1A1F144093695443A570144898BC4079CEF1912809A3035A1D3F361235F90FFF1E3E0FB93C7E2750719F88E7D8E68123883ADB5B18185AE99F1D11C1238A792DC4BEDE8EC6FF503DF377E0445F68FAF4E08D43082D02170F30131A154206CC559A8D9CFDD762B31273E4947A581E0D9BB71E3
310
3FFA07CD02CE2A6BE1EC80167497F2A81CFA3F7EFE58D0CF5D5D170DE4F89070B0BC4040CC17BEAC6B0586C3D3FF0309BC06F44B04A1E13729929B4DF73C44070692C810B08AC3012E8EE9EAE22067796288C193B2139B970B86F47FAD0F98382B1E035D9C32FD318A4FAFCB274F2E1FA772F94411B0CD42493C23393A685B
310
5FEF3E1ACF554AF5F3552A478383374E6B2FDDFC4F6DFE38F4F4ED7A7FE838F488EA852482F412D3CB07E293D02C9F074F12E84C5AAC423271450572A385449844706475FD38DC3C22486A0639E5F1E38B0CFE93CB4B25910EF309A2224BD8DAD40C682C28341AD69047E8539A6AFC14EC573F7FAD10AE0FE6EB13E87B28E0
310
93B513B5803514DE408809BC12A14876DE0A25F643009E9176D9F0C330164285A7444DC8CAF0E9FE41429EE0A2F6A6DE91C0856C501272404A8468822E24C807030B1D33D40D4AFBDBABB411D093D88C86D7205E05FC57EDD1F805FA4CED5920F0CED39157E007CE21757C5DE440ECBCB46CD283E378029B43FB077B4F47E6
310
0E9F61E8D01BE017D7E843EB49F50A2028F1E442FCC90C9EE308E4C0C2C94EAE30B75FAD3A0EAFA57FE9EF960F14BE15638840EAF3BA490BB6850EDB38EECAFD21A0C746D0C4234DBD035EFC7EDD121FA585FAB73DB89FE6A03CF833AB0730E5E2F1A36CE3F202A128934B44E396961121E1F2C9F32BFCC0C140CFE22C1CA8
310
E109B182919696BFB98120234F61B59F7BF46EC30CF067B21A33B0FB3E402448EE266CCD93135A8E823DB31F85E677434E608F53F8100BC0098EA2FD6BC01770E0F2F2D1E5452A711C4BB8486248FAD756D852026B6DC90A2AA5C6B69E9068B8F27AFABFFEE8AB36F1D23985D5960014FD711940800B560250D2272CC54FF1
310
D3A660B275AC3881E349689C1616E1E9044129D032313509DE4700BC867C71F128C400159407C761022BA8A040F40A244788808C60B3AD67A17576279F6F946923191921B0545FC2F12AC0EFEFBD7262B6935679FC7F80629160ABFAEC88E8430E76D82A8DE62ACE50BD4A42FBF03B387B37FD321B37E31C3F063D99703F51
310
60E6C9E5A300CF32A91E0A085A29C0FC507F6C21012303C6104B82C1F1E156DB3229D1A855A32A8352C9077AF733A0AFE0FB3EF81FDF2F0F82C21B0EB06998866878B103305E31EC17F4FD43831E570A2118D1667632D4FFFFB125782F96168A833DBE78C3F11F8383A79D49F58F1E3DBC780417AE6581381E8610604888E2
310
913E12492881274822C221AD04CB0B1D273B8542837460898C686864FF6F801E8269F40AD0481DFAF5E6E9C1F3BE391C325004DF0746A4E4448F7B52C0D5EAD39EC46896B888C4210D68E99DFA2820DF7FF850EC407EB55C3EBC5028611409BFCB8889C90F1C52355AEF98B18100094C9D0EF6F64FD47E5CBF3FF5293DDFB4
310
B50DDD54F351446FA1F14580DC3902C085F593CB24ACC917B213BBC11B3F0A61042FD8B24F4FB9C4556D0CB9E1A880DE89934CE9607F18F81FDD950DD0E1D143F41D56110E227C250621FF098838042BC85B5B6BCBCBC31DD37B34966E9FFD9936A2FEFEA9EBA4182E5CD3E17AE35501FCE0707E5525A7DBC64DFD077825BE
310
37CE0BBE1BBEC061410C660B6E49912665E2B3749C7C9F93834022F74CDE6CA5EB501D9CBC04B768292C5CCB84478F3CA83074092C6082169015E5800D5839DC6C1B58EFE83ECA513BDE3EFB8EF1242D2D4B3FD55AFE03D42F8492AF8A3F21444FA2FA9ABBF525EAF84C09F0168527B0138A85D1EC0443C467B28BF844EAF7
310
6323BE13D7C11F72FED783837B970FEFDE7D7817E077C17EF7E2A1C2C0FE851FE4C008388C15E818958746129E1009D054B67530D6B3D8DA3D59D82D9D57CF70039FF50FFE0DE94089DB269C3655A4F25B38C49D0BD48E59F1526887C18FC5272197F85CA72862A593A4843CD25F920487DDF7AA0441A2C0600D062001F103
310
FCEEA3D8560CEC3EBACB01CAE5A51E420349F602191E5F901893142381351CE17047E764BE50DEAF9E4D8C38B6ECFFACEB141E54A6865A88A60133EE9CBB4C256930B0B168C1C3AB59FE1743FB422C7166082E934AFA5EFA3E4BCE0B69362FA7041818B7FDECE1DDFB4D022007CA23E521F0700AAEB5888BBBF08023E128B4
310
045381542FA256B0D04E28A0C3804E233A1BFB476A2F48FD135BAF9843BEDA3264EB42BA499601F16B566E72C7EA35908ABCB9176BBED43204C696AFD3D7B24B08D3AFA44BE243D88A6D9D0B6562B52F741E1610C0EFBBAF2B0829289A640EC4C8A4FF66A24430786CEBE1E1E61AF9507BFB496EAEB64F8F49B4129EBDEC06
310
5EC1F8A3F228A3CD0950883B41BEC6D1944AE06147289600A7726313AC69A3F91197F1438BCB743E76F01F6EF1D1C854071670FFFE43FF1EDED702EE5A14C85D0C42DF90B86068800659AC88981855E3E774A71C0CAC2F76754EE7CC87C808D1E1E0F6CF47FD4224731337BE1E39C5010823EE997B1491BBD99FC8D8EF7748
310
2BEB5EB2CF66499A8E0F7511B19B3EFBDACB6507BC78731B1B383D02FFDD7BE8DD9256F7D0BA7B46015941097B80018F700FFA024CC08078F51806100ADBFA163ABA8A3B95B9D2F92AC30BC908ED31FABE0CBEBFFF0279B675868F9AA24E9530B08C174055B7F48E4F58002F3E82F0BDFA003E8B431EB6C4A91E4D9B5FFB79
310
1265BA8827BBE5F1BCFA7F789F72F75EC800F8AE43FFAEC42F13009FB905A9A0132015D0068ED7682AC608BA6771038DEDB3B33082891FAB1ABF5614F93238079726B833958796B845B731FCB86316713C1DC581B1E19B424EE32674093F80776F7E27C6FBFAC85C536CD955B96EDA2A3FBF770FF4BE11845470EB3E42D022
310
000E0FE07D161811020742162444668308801E133A4C163BE68F6826A5523071CA78B2FED51F28F8C70FE4190073A3E5D3259D7A288CD19BDE623F10021BAB0C6E327FD507B2741627727EA00D31856492F9F009D7F152D930704E642795C1C1B336E0DEBB7F0FDCB79318543B25341F36802D64A981A690B94259607DE0B1
310
9D466BF8C1C5E1CEF9A3FC5C639FD6117B4BAEAB453F8EFBDA500A67E8BAF76C8A06566E36EE1184E8329419161F83D843D5DE7D8221163E145F56921C3EE383978072129E290A9B7166E63D26BAB1FCDBF710009E4051842390031845F20077CD079407C575F20364C4910ED2A574BC357630B0BCD8DE39335EB175646A69
310
8458F6A346F003A93002E846FFE0C459B8006E506D79BF902908A0AA05CB5E73530E33BA1D3C2EF99C712B7C8B41DF4D2A7830BE8707485FCFAEEB85A09AB6D39BBF7B4F23E00509C20DB04E240822A4B810E04D8D53D10D504C059ED86BB8697F514777717A8F8144D48A4C89077F7EDB00E2D89DC02A7B975640A282C49A
310
4AA84B70B12BFED8EA6584860DFB7EE23FCB00C6BAF7332FF259FA3C9346508813E372F1DDE425065BB61FDF8300F7EEDDBE8D0C6EDF46F7D8823478590AE23759D60DA6B7A9F125EDE8F4A5D2B37470D0B63C30DCDE3D3D59A8D1501EB1B0A5377517BDD6E301F995E3F955F0F58FAC2E81CE172A8344AC03DC6781939D24
310
84B8FFC15E8F3ACCD3954CE19576B942D0A029188EC7013FE59AE90B71292DE774F1F63D60230180B30A2EDC65291B6211B4081128856001A680015CE000708254891851D4B3BED0FA4D7166B466BFF1D2A924885AD12B387FC0FCE6819AC3AE06A7AA4B715F0927B74D119D4A668FB54B8A8C268D8B038A207D10A7B1E95E
310
42195B695BE0240F7408B311257C23F581E987C180140C584A02B1670CB817CEC0A080F259F1360E58452013200E3EC107AC1DF4FD7B0F6D23F33347F9527D9F51E6138E31AF35F1BDAAEEEBA3D71BB402E2FB47CECEE96B4DB85536772B07C82A34F3E66D0BCEC207FEB9E70643761276F7B50D5EE963CFF80C7AF4A2130F
310
5BF8C4EBFB5F07B709840480DBD8007FB7EF3F90104908BA457D43AA2A6A02C91422285E5AAC143F3313A0CB74D9D164933B86C25587134E8D342B453FC982860D09FD13ABE72055ED020E85D3E312F74C25CB0293D978A1C4001927C80B86FD06349126EC219F0C735C8053D8F5F310817EA01F1B7851F406144C211C6362
310
C27DD51F1E310C0102280ADB891E9B085CC528A2B1369A46BA195B9A2B351862CE43174BA73FB7CBB430A5798F4C54B7333B96C3224A9863AD02B9FBD8E63092191924E77C199D92887DA594B6DCF0112857162FD0949FE6A441F5E62E42FB2105BC405A2301A3424601DC807912CB2C39C604A27908021CDA30C4C8C2019A
310
883B3A8BD393BB3546136EAF561980FB63E9E035FF73B96D09A905ACB2C11D79571C5159026227DDBDB81396EB03F14100BEB66DE1FA9EF82C3ECCBE318119C4269FD014E66361FC8BB0B4EA9A98EF3D8848A01360430284335004C183CC25BCA82D2302EB03B8419241C64DF4F5ADAF77B533BE786334BFCBB8DA72BDBEFF
310
C36103AFB30608A0B39B58D93F0BF42180841DD26BDC22CF0A770E90240006BAC65197D90920131C7B2EB3CFD3C71C6378A305EE8488FC1FF8D391E2BDDB0F6E3F45E7C8207C419800DB410073A3173942CA8D5242642A74496FF115832A6314D9FA4257577BF7FCF8F8E8CEE8DEDE5EBE76DD3CF892BA7FB8B90F629431B5
310
525E92A15A3A4A6FEA3FDD73136172060959206591F4C927196CF645AA285CF3014630121754261C0D31E1A7E3DA2DBDB54B04703BDE3A4209F02045C4BB0F529A14BED07098A2A1CD47513DA64B512F409BC01663090796D787173B5AA141B1B39BB470EEBCF1E30F9D263ACC4D05110797CEF7B923B027F089F74D1D06F0
310
A4D8C0CDA6604023FCA45B76C5CDE0BF3845ECBE13E0C0ED73700A8A753C1AC8AEFFF1B407FC8A20F42F0D94019121DE304077A027D4112283BB8FF0072444D68AAD111D6F591BC0061854BBC048EBBE9E81F6A33A95C21BFD13AF3C7E7DCDFFEB0DE8903F77B41DF178E99C289895B0EA8CD640549D68935BA7C5294E0A1D
310
66DA0CC419BD398E6265789CA1241441AC94532A3C19C95340BEFC68703077EFC1D307B71F3C500859C11494838E902203A2BE90EACC5135B80B078804340C920C2300BCC06F7A1C71B875DC572C9BD1D84BD5FB9363CA6BA7D03E5C40FDFC54FC23C9B4B9DDD028787D89219038523BF64E638BB37CC25335937A00DFD328
310
69C5B390C8C32FF25C8C47A7181B4A599A224A9DADB0E0406FEFF9F183B7448F081E3C55024FB33828784AB61704482CD0160C04174F9E33BA9291D58C2F1F1B1B3B5863B0D9F3E51C35C253D54A23E560E2C0CB3A6F7A81382601C2079CAE96B7B1560D20A341E85A928A4E01083256420576C2ED477E2E565FD9223BCC69
310
1CF394D3D8E281501E0EE5C1C8159E92585D255CF30CC854C75318006EA4A01028EC853F9407C6053910BE105348324002260254886C156260F9189EE0F8C9A3CBAE9D5A992184568A69D5183A7DB97DB089FDC57AEE54F858FE54F577DBA85309640290F2D220952620750C5811FB772A7876D1E4040FBFC6474D51246D8B
310
3FB378283FB514F8AB3C20B8BF7DBE5DE541C9A5D3D38DDB30E00151E02523081BC89C2214103E0BC1B3D0199A08E002681A2613A2616CEDF0F0F9C5DDC75DA395C25C0309C03DEC8091A4AFD3FEB504AAC6633930556DAC86EE3561941E862C4A75DD6B6BB3A0C59BE153DFA73EDFCBC3CE2188D3D378FC976D0EF9A95B7C
310
8532F527CE3CF539581E0FE501291E9139FFB65EFF5DBD8E0C18DE3077170A64E033FD278F18068028802F156C3809FDEB11B1019C208D020C9BA2870457F0F8E1FDC7EDD393E3B9FC9C4308E9315704233F960E554802C14716B0B45DAB5EAB5E25AB7830EBB8D25E6CA94E4AA01794FB1EE164FE9F040FE82C940A4BCEF9
310
13075D087E85A7237D3CF29C47E4E676777779528C4781761F0BFBC1D3A77880E40C9A2E5109180D5255317890394229F0F082010354082D574F1E3FBAB7D6553C2113DACB97BEB5526C7C6F69F9310A94C46CD89FF8F379AD1AA035FD00FF3F320180F01417A6F255A3A8D86319FE0C0B0E06A0DCD33F79841339C01E5BBE
310
1911AFCFF7C1E0A540BFBDBFCF2372352686D863F83F59CB6865F43104007EE06F52406F680341102048A01BB048823082CBCB0B6AC48C313F3E7CFEF8F2D1FDC3D6F6F9F9D9E98D9D7CAE5EADE2A6512FAD7AB526E17F600C85550DDE9ACFE9D97E694513103BC69F8A2813176032C890C1E9C49FC09C61670FF8705B1D73
310
86260E7C8E7122C7F8208A55139E8C8D4763F7EBF5728DF9C34677364E3A3F9AEFDEC9CD95470788834F9FBEC512379890B38C94205B2557987C4186DF5C0837608DF0F9F3CB87B7EF6E920475752A01460E556919B2B64296FB9FB70DD5F47232A0F77465BF140CD001F00ADCA175090E2665A14E6329B62660E02A1CB50C
310
6025E3DA252A670B3F0FFAA5EAD94A509FE7036B159E0D1D9F2E76B7AE1FD5A606198D3A747AF450023CBDFD162278B9446688111009B4029B0F2180AE20A542D40610C073B47FEFE1416B2B12200F3C991C2F54EC2491027A816B0A34A9D05C6F437AC23462385DADD75642EDDA738AF1600DBE07EE8437804D2D011A94DF
310
71C2085EDD40266A407FFA1D1C00B0C03927E60338E3B9D8C47D1F8CAED578E06F7CFAA4BB63B175FA7C301B747CB377F45192003CB8FD34B12009224543D8604494011A80C1903CE0518C986208E1C5FDDB8FDA161686873BBABABAE74FA637BEA894A44078C19696F326E057D7F95D061A6B0394A9D5F2DCAAFE4C2388D8
310
A6E9AB7695CB0BDD0A332430F1A9333DA41D1FFB97FA09AE84E738C75C407C260408F8DBD5EDED7DE1570A7BE333C54F16963B46AB0C2B71208EA3D16EF4EEDCD7005241166C005A73C03164792151205C007288AE337B4D7103741BDE7B7AC913350B348B2D767515674EC6F72A0402BBCB41C81305AFCF05F2758D3ECAC8
310
D26AB97606DB9581A4B7A8FFB068CD5C0604E6849046B70C2B60FF0CDDF93C13822B4E82FA0479A68220E66D9FD775FB3C1A9CDBDB9829B6AF2F77EC9E0678FB20ED8D1B1A1A39D10F9812E20D6281F5673121AACAA9C53424000DAC173F7E18C3052EEE3E78E7F1160F5AAEAFB70E0F7775CFCE4EF384DDEEBEB9C0889D52
310
43BDF557559FEDE5F17AB21E118C4C31A3DF6A96B56AC62180293910ECD6B721047664BCFCC6B2DD3C65CA0F0C823DFEF84083C7ECCDF05898EEF158F4FEF97EB9C123F1B9D1D1A3D9F9AEC5F5CEDA84A3C96C14A55584D62893D6A54D8D2028D05C8B1F124884543F3223B29D208B04910D3FC43F5C52196AEB5B5F5E58E8
310
E82610F08C21BD443801233C0CE8BD1E40F84A1CA86001990048031ABBAB11EF83F9283EA89F181F2A0D9A9F62D94B7F625FD727E6A93F63F200F614F7CF100D4511C07DB45FC5F0CB4CA359ABE4774631FDAE85E599EA0878A3C33D5AD6430CF4C055EE5FDB80629000D7855DED3F436F3B61B3DC7FFACEFD2B1BC6FB0696
310
312CFA477CE87A87070C7998E04FBA78AE3F915A065E819FCF35B410321D9ABB308146A11AD5196CDDD7C477A171C8AFC74B45CBC6F641AB53C8D4ADA5870C02379BC0470CF83DB55F073E29CF5CE5F7A3F8FD62EB7AEB1774C2C6780B9523F9287193FD23DDB79FBEA513B45200E2E0C1B51350163AC19043C600F2C1DBF7
310
DEBA7BB9B5457BC0D840CF325EB0BBABBB786D301437000020004944415472B491ABCCEDAFC0591201CAC8EBFACBF367FE7B6E40E69F551BBBE7123E3C00AC560CE20C62436E8C3C54CC225EE08C0D74CE26148877689EDD004FB2BFBFFFBB984035373A7954EC5EE8591FE531348654514DB1D1C56411DFA2A7C212BE5ED9
310
1278F2851A432244C6822C29C85A8B320ADCBDFDD63BF71FD32648E7D098CD018BC35D7FE89E250EF2AC75F96C15271602687965C844B8807C6E7729D93F22E81D39ABD62A0820C1FE9F11CFA7208125D33E96FD69E83AF6052DD32D49FF0802CD9F9DFD39260389A950887A647CCC99BAB17132DFB5DED35138FB3A060F62
310
95AA5E195BF0BB56495A5A4A8FA440026E46A047D40ED2520A441C302D240F201FB8F7E0EDDB0E12A04D8816215A0579E8FE1B1281E9F19C9900DE79842E2A7CCD48E9876EB01C75DBA0E0C8D44AB5512947A00BE7CF5DE9E1A6A6BE43CF1A78783DFD5A404E4477336C1ED8B18908B2A847B2AFE9839E891137A6673BBB96
310
FBBA2A4B8E9373B001F08369BA11BE8ABC4302FD2345FD6014A127068427D007BE28B41D9B0D40FFB7EE531FA673C8870A69135B1CEEE8D009C08042A5B4EDA314920B635BF941E7487E45256439DFE9D276295F87E698389CD49FB394FE19720412DEDDC40E9CE9C6DD605E0B719FADC416CB15AB3A61F9B5B9B9426E54F8
310
1D8B03DD950946D432B40CEDAB7BB5AF11213CBA73C9BCCCDAFBCF06127C7980FE6D1DC9B4DF14832D6568FEAEEBA76FBF438300B541064ED33F3AC0B0D10505306FD370AED02859234402F6C3FED006766DDED2034D90D119057225EEE3DAF787EBF30EC51ACB4F551678BD6728E1944730C095F13E4D81A4DFFBF67C5BEE
310
37E62A85FCCEC6CC6C7BC77A5B477E22223ECA4FCC0F87E2A5E3EB782BDB25B8CFC6736A044DE5A7CDA604526361D650484FE283B77EFBD65D52C1C73C4F48E7D0D81ACF572F2E2280F98FB230508FA906B42DE240ED651B301CEC83DE1790C9FD96B6CBF986BECF3BD332C18EF627A0B6EECD5B152E02088D03D828AFFAD2
310
6B05BF671B4F9A09A8CE0CD2707F67F2A4B3BB75B9ADA331C1305BBAC182FB4A79820B7EEAF73199B8404C0B81231CDCBB871B80FC41FF5860E8E108222A1A076C29E6E03B6F3FBD4F1F295DC457573C7ADED636D6B7B8C88413DDF3B327E1046AA51040B40CB50C7E3F1D2E44DAD34CFA604029BFFBE714DF0C069908027E
310
B275F1F366C132E1A7450B04011CF82B2B647CE754F650FF6E25BF37AAF65B7BDA16CAA791F1D09F6CAB989EC5AB7809BE145FA459E8D3E4B0FB47DAEF093B946FED585B80FE1A0305FD5330FEDB4FDF79FBF6BDE81D8300CF6815E5F9896552412A03F31FCDCC7CB5E32365550CD9365FDCCEC8752E943161D78047336F8A
310
F6539840A1F2E764FDA2970999F205CD2BD1F5CF496571F76EAEFA0E1CF8FD2A55FD06391F9EEF8B9DC9994E72BEBEE1FC928E2F223EBA0FBFBFB4F2DF137BC894B8087643D64ADE6EDED67F7680FAC9060239E845FC94AE93D880F994FBF71FBCF5F66F9F32C292EA900F9C1E6F1105E81C5B5F58A067A448143842008D72
310
75EA3BBA3D2516FDF02FF79260020D6B3C714711F3CFB61BFF56A826E627E82256F7400FB387FEF23C1C1E77FD6A21EBB1B2B35F2F95E7760BE1FA3ABB3A981423477517EEE36FF96F122B942F6FB64D9502BD1B9089162532A2FEFED255028FE653C9F46FA321E0B588B7DE79FBED07C44106CC85133CA65190543004D01D
310
02D8181DDDA5A9C91A7110805B7875B689FC3902200FB192E7DFD936B37B57D9C338BD49E99E181F4E5FCAB2ABC1CA7AAB382CBC7D515457CFABE6FBC63D525E5CDF74B16378B9AD6774A58531912D232DF01BAA913DFB7D3AAFF912984302B84D0500077800D26C60A4742101DE420C610C2E92FA93056022EFBCFD5BB6B3
310
8651470CD33BD87630C05831BA864C85997B8754B05167F0706499DC442FCD22592AEC2ABF3FF13F950039BF159FA9B36ABDB2778EFF83F70972B83BFD3F4899E64DD8346AA495CB155A7499F2CE39B0AAE755125EB84FD8CF8D8E4F4E9FB4B72E8F1DBCCB98B31BC4607C2CFF21C8145FB48EA0F2159F86A3098415609554
310
DEFA7B27EF1301033DD06D274BAF6821D220DEF96FA4CBB60B3CA241C021D38E1AA76B4406B4767576166766A6C7F77273F5F395291BBA19F64F2E3095C14F3E60371827741CB27E89543857D6D96BF9A47C6A9A26057840332EB843717AAD171880217B71FCCC0355AED3D4819911F79D0EA8AD6DA31A83E36C5DC2D47029
310
5C011302387069158F6C9966022367ECF1D00BA9BB95C389AE7B6105A1FB640689033A7FCCFFEDB762189103A61C3A4FEFE0D6A6B5A19EC5755A443AE78BC5E9235B047890A65919A0D2F96AA3C01CEE913BB3ED239C3E0CD8DDAB99E4348BF3F8B977B6C43DEBEFBD7721A839A63B94C06A10DB87FCBFA3C2932F8C26F88B
310
6D6BB30C3C4E09AFE40FAB52EFAA1EC0316920E031A46D65A0FFE45A673432E907FBCF86717AC04F2CD0EF512D665FF53F05BFCDC43489F150890C60A8E0314E70A06F619D30D841189CA15D3417F3CD50191AE4396543F0C42BCFD696C58DF163F5B46D708BD5FDDA5E5E5FDF9401BC4F7E00E8A17520833D1CBFF495B5D1
310
CE037C664123EEE74737268B5D1D3DBFDA6AAD8C08DF2C0BC7A737E10AAB2A7B958990CEBF556CDBEE823CB09FB344143463C630CFFF585D330CF0320E921744A7918280FEEF981161008E9FBC78C830217A07B7D6985E83F9A79884ABB5AB383B4D7D788F9FB3D867A2112A43F19042B33A108690CF6F472F8661CFAC9714
310
78757F6E6F2F7AEB82FEA85E5715941778B278281F28C268AB24BDB470EF3303E09C359E9DF1CF990D8A096106E6A66C8620DDE7D281DF0B2831F20439A30D68386CE13E002F7EDA8D7806162B205D6A19AA1FABFD6B1B400EC2BFFDD66FDF7E8755B4883C043F43046C1326136680404F1F934EBDDFDD39CB58A98DF1BD78
310
80E0532E671FA1435E9D6EA5E9071000BE8F262E7C4044FD95D5FD526EB40A05A634775F32205C3D779FDC168CD5E56BF982508BF572BDA4F6F57D3304BE9EB18149461B12F760D7485891CA47CFC44909136FBF4931716A2E100123FC6CCAA6A644F25EDF4AC980B14039009BECE8B798BF69A05DC5B6885CD23F8E13A46F
310
F0C0A986D617F001C52241801E87C2974C31411DA3A5D7B6175472763D637D3E57C33B908F867F4A59CFCA7923375E5F027A983E18BD7BD4E6FDDBB2250C1529F4202EFAAF979DFFB1F2612E87EBEFEC58581EDB9AA95AD1D7C1905F7305BF8182D5BBB524D47C4E3B81CD843220DE1E6536497C0962C225F75A2D6A998303
310
B23FC501F0B3F736EE1FF01200FC8C99F5515207C9C40081DF304C0A17D06E26CCBC5B3C47459308178301FA8057C2C0AE9D99B05F038828B08400F2E3251254DD7EB8BC4853B101F99AB48E387457C96951E5DB670648BAB70A7B04FE93EEC5F5B183F9739C98952C6845C380D401B8FC86E70A20744EC720E09D35955D96
310
A9041720196D183AC2CFE6AEA816652D0234883D788BEC8F5DF2615261DB031C2381092401B48D8D2D870FECEA9C3D99DDB036C8A051058030E32190976718C89F031DFBFF2EEA3D88606A8A19BD0AE305BDFD12BA4FF46F1A0002B07137989C748936E9DB2C91F43B07E4E4D16C3779CF5A4FFE8CC981F07C29E34B7C012A
310
F0054FAEA4A6A3D49D3A16D2B3CF220A029003366663053C89B3FB1827080DEC2780076FBFFD8E39810CB0593CC68B5D9009F2D400418028B0BC6CC74067E7C9CC0C2690FBB084AA5254A12AF63543B35EB40D17B693F7E3464D5094C00AA9E04E0E0524F5C35C5EC6BA94B21AAF2440725E2A9FF94FE7A8F0E769EB83FDEB
310
039B631B18BF396F5C13CF89ACC02C387DA56DC3B1CD84B96CFAAA37B55FE723B611062258257D331F186AC93D8AD600B4FEF4AD777E4BF68F2168FF08C081A37AC13446C859964803961928476D78F68419390D830C1935B5C2A0A22A3AB17D3D6428BF12DC373B8D464E04C0A496BB3B3B75639DCC2500E0F0B15FB6F47B
310
5A7ED0183A87CAE8D535F2EDBD4B3B7FC762DFE65A07C30B2851DB890082ADC07131EEEFA3DB7DD5CD32C0860CA83CD4B7993A175F422A8149B1C1D94C1145059D9C78A8A572A90B7C8B1E3392FF77A80C50220880FF3669004E90F101740D2B808181455A044904674E7482CC3EC85C4BCE339404C0B0BF6A5611E4F9B815
310
7BAB6DE327EC9BFBA1B4557ECB609C1F45326499EFB90EE78F18227F09E563C9E63D847EDB3B68EB9C39E95AC4F7ADCF7D87F6752BB6912040281E4A0D8A8314E80D60470999B8A51FB1488A66A9F3F81FFA61C83F4FA6969E472288FADFD61B005E0EA4284822E018911828E868614DA0C36E11F3A051070BF2F0840E35F2
310
00E2C0C80A776CC9E7E6841C0503D0EDF15ED9AFE527E798D23BEE5F0604E58DFB7099D739BF0BA5D332EF29F1535995BDBD0DE681C4F71DFE6A7AC5A13554AE6910963E9ABC9A0DB5B202225545F5CFACC942B5B93C207352B6E5310BF349AF200175D7DFDF78F6D683B7C87E087FA9B35812C4F8F13452CED610A2207541
310
E6D659A739441F3833CD0C9C3C3DC2B0712F62333C4FA9327C9CA1124904B4FDE0FE21C119776CB0C212AAFBA5CAF80EB43772ADFE77CD9FA8A4144C54C2FB2304C65F62FC3678E4F6C68F30FEE1BE8383CE7DB86F58B1AE0C51F0F055E188D02F00911DDB0991832228B3172B3E623E513FF1734FF414A611A603163F401B
310
EA790FC9FF7FC3FD3DB02DC00184145B850D01D120424DC03C00FCEB7880EEEE939399F1F18DBD4AA54C939899304D913CC2D5CFBC55E50C7FBE4C0E14AEEF53D6843DFF56BE2D554637EA047D3C210E2C61077875FB5B40E19F43AB7470CAFE1C0D3ED3B3B4778D1DF6D4F837C08747180FE8394F2CA1E0A46B6DA62CE2B2
310
DABEDE0B1924098580FC16B369730E9E90541D3730D47FDE16EE1FFAD3419CDA05ED1F2715C607F2E81893AFC5936303F40EB776F1D808BDE393A3FA401E1C706E154C892860AD74A2949C409E28A8FB3349C764D13E4D1D3468952B7B1B35001BF41142CAD58D6011C8B78961EACAB66E9AFBC627673B61FFDA4167950A27
310
4145BF11EA17BA9AA60815C2C43AE1F648E3772E53C94E6364AF826019E723069A8AA353A3BF7FB5359281700061FF64C28C10B9AF0B70B0B0D30A31CD1CFD22F68C76DA1E44558869257892363C091D313EFA46B57C3BEB252E9C6BF5B4799EC58F1910F469E25AA17B343799DB3E33CF410061F96C6D63FA91B1000CEBB7
310
D2971BDD39A2A76361E000F5DBC1688D47CB812DD60F8001AF25B328D173A9E4BAC18CE9F1F628704330741B2649B92E9714447C68559C6CD2F681919367E4811100750058809D0230C087A89FF3C80C23C4C60882E481F48D531764BABD5CCECA308DE2F63D3BB50373D630796126803C2D1FBAC148F7592881B395ED7D26
310
B7DD38D7096AF98841CB37592561D9C6565317AFBE9FC4AF7371E060736C7635E0CBA1809FC80F544DBAA1F2F9393D970D44C0615A0C6930E758B9E63AE690F73045F0C8C0731DE9CD80F718E94652383458799E02C06D328010011C7090D8C5E5336A83D4059953877EA1E1D66FBE994F04608C4C991917230FB61F9AEE18
310
3A40AB9108D032449FD1A7283DD25ED15360EF7EA9303EDDC0043403531EDEAB10DFF87F5E2FD56DF0F1B701A9F614DB17FA0E0EDF6FD0B1622A81FA3D1DE5A33F551930335C353A87F9AB05C60455193448246944A232C5D07636D864CDD7A50D0B4440CDCC465D1C418321F50E1648D500294065D869559EF3C40C8FCC6C
310
323E989AD0F0C73142480B200842802C061008B480A9954AF282052B3AF67350FD0DD30D1F4075AC303A5D490250F5400ACF479656861E4C77AFF327F3EBECA4B57B6B6C8FF62602BF150744656A87DABD7BC6BED50527B2120C001A0B3718C74F0C65CD34F275164D7968148DDF259AB8AD6CA81CDA4E8819509B996A7F64
310
2D987A401A2B04018C01E6C169A8700F9DE3B489DB2BC49C9B7B858A4F50D22AE15428FCA4A1EDB20C83492690CFE361CC7F8C8066FFD0D77AEE797977F468A36E0B0DFC87F90EE6348BC748F7CB73B5B9DD5C6EE7AB19ADBF6DF359F1DC2A0F9E44F213F8041F64274C0859A2AB7C37440FEDDD2F95BE44065F22067E3EA0
310
CC3BD8C0D8194EAB291CCEE20B9CD8E02950AD806080047A279F19024C837C848816719AC4A34DF8F0706CED904E8185753A458A27E4C1E37B5F30A104932BE140E0BF4E400160F320B054A8705042FFC47B4940810173F9C9E97240C7FCC3F3813EA239B745DE9F1B1F3FC2F9330374DBD1A7B475923F9A2ED81716D18D1B
310
577DAAB9D1A0458655AD3CA7E211867AE7C702DCACCD291E0F798013DC01BC326087775C0833E04EA3778FBCB8DA4687A0255CA0AD210C15661E4E92001A4449031D1DD27D327334BE830B64DAD90CBF537A45FBD4E94A7A88888E715B7E74FCD040E818BDC1BF5AC609CCCC015DED23877080FCDC47BD8EF3A7B783A17D33
310
F3ADEB6D6BC7AD75EA7C7852C5B6FDADA6AFEFC2D181C03F8C40DD8A4AB5024F0B72E34B57BC1182472DC80946789AFB711DB7F1193C03C893B0345F420246114D3EA71D04FBA731C0DAB0D3CD311B218F0D5A15ECC105D02F3AC32F13600084731A83220040019B03180634B5923D438300B05BAC80881F061095FED5D572
310
A3323ABD83F1D37A2301A8C930AB3F66ADF7CBEFED30BAAD7D78A06DEB6A87F15491F5AB7E25842B6B34BEFC12C8A159F187C64B3CBD2356DE5FBAB98BBE9583F0E3280C0076DA15BF34C15238145742B07080B1EFB83382F9FEF2239D003541041083C5AF9EF3C8944DC2030BC3ADEDDD9D27475800693049E05413BFB3FE
310
B4308731512F13400D06F813368A0101D8D863EB3E75FCCADED124F532AD3F123F131AB46A93DF1ECE7F96CE9EB6C365C6D6A07EEC461FC919FE288AF7AE1A7D012D291EB073735FF26BBB1C99FB706E972192819B7A34BF22424BEA1CC7958AC2E04BFC8E02DB90A4A1DD04811ACDBC181037864672C78F6C0EC3073A40CC
310
49D5E813593B7002763BC6A909D31AC86F3F6E335C9E1C309BC58F16418642E2AF6B290A34FEDC0CFEE08FCA0F56700699CB73B9C99302AA17BD516D7F1FD755A2B32B3FBE7134D3BEC813195BD355020A7DBB541539CD2C06E45F46FC0EE08293E6C0E1972176D9B678340AA1A4823404EF79B1E2347E47C35D0A2260730E
310
0B513025DC0BD1C07E3366E9B9D17F767405FB531070700035618606F0B40C73C974CFD321B0C174A80C0F3AA54945FFEF348F5488895713E89B5C98DA501E06D8D24FF04FF0CD7ECD7BAA755A854EC6A180AD13BE094E8D5D63BFD6DFA5F5D3E4DB1BA18FD8473DC6E17FFC9832B71A2A94D96E808BB53F9192955D62C82E
310
282B05168AA0927D54AB20A20A74800B7CC9655C8B15F62377CA4C91641F9F4D0478F4FEFDCE273A002CC0A725EC165CE3A149F0333E8E9600B2C05A7D15FD831F0938DBE5D0FF13E3C0F0765965A0961C3FA86DEEB0E28304747BFBA5FCDEE44C23544F7BB7BF7A132DDE34F99E44EC3FEEAE92F667A10F7E90B0E8C6442D
310
F5A5318B0F816311DB2E6DC6F172C363FC800EE09186BB9EC82A24C0117700CD884AA42023B81EA6E0CF8B3056411110D78606EBC5AD5417B45BCC8E61EA01C4006AC233933E35D860BC1B6CB9C9CCCE7840D2E0C1C1FFC11CCE54D59300F2B47D66A10F09D8E24B71B9BDDF98FB62A3B897C53EC88D16D1FFE8C649B17BB8
310
E760EB20B784F52F992544753F2CBF642CD3C9C70D8722C197142C567E74FB431EE248A8F3FC00377F5142144A82FFC28AC2970A780C85A7EE9146FA4B2981F3C93BCB0F3FBCB6DD3DE69C72B6073B99140DE28B8E919D9D9E7C2F5FA99FC1FFD07E9AC0965CDAEA0A945FADE52C791EA989E8E7A21A355FB37E44405D171B
310
98A6E946DB26AE71DBD01FEF07FD378F5B4B518724481820890E7486E3FCE61A60E096D577701890EE07CA5D7F2B086040749FCEF3F81972E510A86359C9BB579883035887542090614E5C4461705D7CA1CF84DB564838606CF1597E8119790D021080C935A908324EDE9F60A04B7830A33F0670CB08605B8D01BF9A3D4356
310
93FAB4FD84EF6754930640C1F9D74B052A7ABBA9F502B39DA3BF6BC7514EA4BEC71D752BFDC198EDA8DFE8F32B3EF811E4576B0A2074B99B070A069F60173E7427BDF285024E35A4418B7A412914F2800F1965C4F1120A2D5D2C64400563D5942044807BE7C738EBF3034C4A6F4D70C04ED1F97673C039FABC4CFF18866E08
310
200BB66BDC9CCDCC3FFD1E43BEFC52C317F0F5E64900FBFCDA4DEE68768FFF46350E0EDADB7B34DBBEDE3776BC55599AF84E312229F931E700D04478D66A0D88D09B2276141AF0F8811C5F8067DC04C0F90929F7F1AC9CCD368488AFB965C97B855A3E2E93AE5B4866502E55991B82D4388614F2C36B8484A5FA06E3EFFA98
310
4A6AF17D5C2073299D9F12FD63826F67FC460E54030981684E9FBFC22009A3006962285FDF4FC84B699FB5BEF3736C6072F6844C15EDF25883037DE6BB7AFAD6AE164B367812FA8CFCA6FA25725D99AEC5C6EDEEC64ADDA2BE0056002032E1D7A20A54CF444E360D520A5B69816C0A953CE0434A8A898BF18E2B704588C01B
310
DB2133342F5404FEE698957C200EF54E31BE6DF4E888C9C67F5F3F1B41F922777E7FA6332677C20098C59F762F5DFE4A23F9801A3BB6F8A4F66E0D40EC867E92DEFCE84C714FC7CE8DD3DD3BDBF9C781B1C3B549FAD2C89D711808CAB100E09700BB85240374A7209212F320CA577222A7020E7824500179FC7096C714884B
310
DFD9499E027ABEB3CB0226CD293CAE6E0C41A6788F396606A073E28CBE5CC67D584D36CA39D37974FE1023253E3FFB007A26F657FFC901D851130DDC2BF54884F20D5D40A0B7E5C7BCC7CC87B84F2ED820192CCE1AABA1FF24ADBE1D03635B5B3B53D4A5F84120125FADC36A0E792D3AD7E255792CD5241A4C84171F110409
310
0017DA493D0A7790A7BDE6DF326180398E4B0DEADA5C2763825E43E05C388E184678C88CE6422606C017F030366981353DF03A753DBF6370879F79889DD0BF75408724DB53C5B0063AB6568D02DC47AE4627B58D7E367A6000267E7840C23A0940B992DB98ED1C4731B4FB4DCFB6D3EAFB6CAC7646F0335C5031888CD74E21
310
03380260AD47176D703960230370FBBF28813524C17FFFBD6288BB28E4F905ADB4A788B40B4A6201C1878BED224DE9906C4C79EF32EE679B9F5D3B5DFA137327320643909A823F62106CB8F9BFE4BFEAFF0FC7A6393EC7F64A698EFF8ACE31BA05ECE6DAB6DF124118D1D13F892F3D3530602E3F3ED3D59DFB821ECFA3D9AE
310
85B1ADAB9E328DE738BF55D5DFD039445AE76D0194180F57B15BEE5F09C07F952F9A10372BC894CF7DA12CF6507E2A8916E0DF430C519485C55D61EFE209912D8C32866214E121611E22A0B1238DB18E86636A3BFAFD5B4EE02FF1E505F902BDF424D0516907BFC95EF3A76B6B3872769D67E25B548F0DA46E2B93DFDFD5F2
310
B9E9EEE1EE1DCC7FBE6380DFBF38A165CAC73DF912AD76A4690D2B766A3EB4AFA2D05BE543EA20B095FB17AE3F1928D84482049B659E671A4763CFA567C08824913D37F2F92F841FC244085C1681225C04AD6DE1684831682CE0D6096B56101C0D4FB3A1BD3F11FC1105AECF5660BD3FEEDF162B0D9DEC6DB55AF27FC98050
310
BDDEDFF63ED14B01336053A19DE9AEF5F5D9E9D9F9E19ECDADCD497BCC57681922F327EB41FF681E17C1921B04FBAE371AC69E53F98183E91B84897A5DB164158BD1D12FF6F6BEF0E02847727BF2628F9FD48B6FB11DF6928C868B29590A0606F92140D0C08850DAA7DD8A5FE8A50389F61288AEB743E9C801BB67DBE0A7F6
310
4F63BC87770FDF57AA73FE1F5A84F8DD3AADDFC32087FBC0A7D645C327B97D65E7A8BBA76DFD9BCEE1B1CDE3F5F7CE4E6DF4013ECD7CB60BD1239E8A4E9A5722AD9C4FAC8F7FF17B214AF8801950430639A08E3ABD05A0D94E253BD5951C885B0CE750309070555FF21F2EF83FF53F4E15038B8D8A244740A5C9CBC120043D
310
A0B323FB1DA0A4EDA268C05A304619505000BE10415DE898809DB6B66896E60AE347ED3D6DC707CB7D5B5BC374A158EDC343D0EA61C217D4878CBBDC1D85686782C3CF4272E7DCFB5E9EF628F5A95AC1AC0C6848F5771329EF8DF2BB79EFEDEC8DBEC72EB7F245287FD4B31008AB38EA4D52F2BF57167159E3004CD8950E21
310
7DDD6F699FC763E9D1A0AECC701F7BD4430A3E030374066938F883C01DE40E7DAFD609345E33570F4CE6BE467FBD7F793B5AF2A9D331D86DBA7BF98067918F9FCDD609A0384B523F4413B574B818C6889FAEFC5E7B8F90CEFD62BC2C85B2478D54DD076635BE434FCADE68B3ECF1C8708E27863DBEC352D87BCC7A92A8E135
310
700CDE65BC114026DE5DB68275E656D2C0D4087293D43BB4C9C14EA83C0D806783B40DD7CD4F19EE9F33801F55A3F1FD600017A6CD5DE607783D5F74E34680E7DAB98D99F6E5B5ABC7F7DF19D8278322F6A97FDB2FADE1539BD945DDF868EE2B8B70D9EDAA45D1BB0A5801198CF1DA891540474745BF0317F8A3703E02510A
310
E94B084221F887FE950272D62D4232781054A87C58D015CD45EBF9B70E60820A2056E9D4D619E8494BBFA68B61EBDD8CF52CCBA124BACD4A4077E8420A7F36FCDAF661E577B792A7E1B7E337C7CF1FDEBB3B49F501F3C7366C1730E793F51FA20A9C3D2E9F18E63DC277449054CEADA36DA0807467D45F8A744E1BDED725A0
310
33868703F1392BBE221158220588F30574A0B0893D0515B0B7C404AD0E7F40C11D504C49BD7DA39A85A19CD7357DFC966E5D92272FF06D59CA5A6A1C8AE30E52F1247C1F1D78F81887F9F3E387075B170F9F5EEE4A7F5BFC69DF02FD8795FCFFAB472E7C88D563DA514861B85BD41594A75F5E866BE69471110A9F75C8609C
310
7E6BF6C7C727431EE3E9E3773D2378C25226E82C08104A57ED273FE0921D6990E02B006BD038263BA360355E8DC446A380F0BA35FA9945A80CF60DFD54054202F91897C241C147D59F8E0FC67CD0F2BF377A3463F8BBBABCFBD6833C57E214AC3F5AE9C2FDE88852968F20337972C7E04EE5658223008AE82D93BC37D8DDD9
310
00BD6B16EF221F0D4149045D740A8A215D4FC186C658E01994B8CCD317465828704BB630DA2243B3B4ADD3EA554A97408454148C04A1A0CAAC2E04033C04073851F54380E0BF2DFFA43FAD3D6B574F2E1E5EF6E5F4FEFBD1CA87C161FCBCF5C7AAE2F726F814027BAE10F79BC3D765D61D1803952210A9AA07F8C6BB2105B6
310
1145B324F96014EF223D4A9261080239F03FF6F4DD4975C183B887E081F7A467A25EAA0C94028FEB808637768B07400A8235D4EF33143253198900E079E3FACB0C59B00F827A5785A6FFE2FCF0C0E6F1714F11CDE5140D931D707950631F3DE877F300002000494441540ADFB08704E252AADE1BD4E8DF55796A32B9B6F177
310
37C67702E5C638682737286CB0E0A89B624D5BF28222432848C9AB8C07170C97B814FF492A61072407D638006F7C8400860444C01B1930A522788045633DFA9507267A3A42BA05925BAD705CDD3792FA23C1075C6EE768A673919EB6C3FCFE7629B7310AA794CC9C0D14A1FB88F95C845BF22543F57996E0B26C9E4C2ADF18
310
7F979F8A55F11B47BC26594C52588518D25E6C2B1CCED231EA1B748F093E5726A21A54C91EF95789041030C20FD5AD68613432E19A4D0DA2505B6BD843516E10BB00AF9AC315EE9FDB39CC1F9EA59CD88F9CD071D470C86C4647FDEDDBB1CDAB81DA94034747A779F4CED497CFF817348F69F52E55490840E48840BA72DB71
310
F3E84F6DA2F4717AA928F153DA6E4C7E8E00363CEC9A2E1C8E65F298FC4A52F087FCDEE5CBA38A80CBE11FF7BC2AFF249203FFAB77A128A001B1987BD334AD9B901890A8C2005B6B248196AD09C0025ED841325B31845032E327C531C839E66DBAB39566B631C2FF0A1DA5A3CC47E665AD8751B47CFE33899DF047C9F3C365
310
E3B11278D49DF939298E09002F6430F9958803309827A7C791048CA070061B7E9A64C557D235F83EE24822E5EAB805F9862F20FC58F483DC0EF02181F572930205107E00E523861895A2811309808F2B6C14B2AA579E893753C155D2F54302007E9FF36AC5FEDBCAD47E182D91A73920CFA5C18E01F8FFF4C3F1FF553BCAD0
310
E58DEF85DD63B91BE38ECE1A9FFC4AD4A1FBA30D462C328C5A0340DFD393D3D3D3C0659195C96990F391EFF4175213BC74C020922D4830FE215E76940962BC0713A3B82784C0CB6623DC40D6E1485BAD454F6892200B225096127FBD82D2B12006BAE2E329C771E25FEBC0DAB3B5395289D56D7A8A89081B34EE06F80F819E
310
FE75C67DEEE95D227E283FE98A7B9F1C97D2D05B4D07A469153C3DA3048EA68FA667A6D90E291C7D7E2D063E4D044964D055F2DBF3E31BB851AE9F78A0A7314F0AD24901F581D74A6929142039C65AF5830D1C809536CDC05E4BA51038F79D713DA930CF18BA3010E385351CF47F74D439BCBC793556A1F99814926AF12835
310
E251C59BEA3C083EC2B2760FEBDF4304C9EB87B35769E1EB24B648542CFA4EBA9EF93CD42F03C08F249A2C98897D8E2225E90077823F4A52171A61219998CED6FA050992B6B0A74A2220ED12123004FB977084208F8E2AFC80F456CB110BCA647A3A0F854085D84FE0052BE31FFE7F925610BAFEC06FC33F9931BF063F39DB
310
3D1BB20EE357F594045F4226131578582CB055A59A073AE0413989D215019B6EB8A21CF154D71164E0D8F4E730C2CD382D098DA5261456A425643686BC8301710F2C50665881399156AA2B4C3191BC555728384800CE10040F746A3D8A80A5F0E500A93456FEC52833BBB45203DACCA37FE1D3EE4B9BF0EC27ED47D89B8266
310
F11EA2DB8B5A8BB93EAEDF0C06B7AD0402B9EAC6E787365535AF19F15158308A9D9785C1BC1C01377F8C6B4D07B50DAD25649764A91DC9812C7B34CA98184084F7C01055466B48058CD44085AF26648520C85C41C67805462D8425680425559F4440F3ABBE1F3F81B1EC72708767DDC8FFB6465796C8FE310FEABE0C9B242A
310
74137EC3E0427091967023299BE5D6D4D0C6D15747DC2AEA4ECC57C72856E827D33CBD319D70FF854369EB841282F84B7CA4881447ACFCB257E252E00FBB3272120A75B99119840858486615636E0E0334031AAA8C08A62E080053A0AAA4158431EC727A084021D41CF5D630C94184F6FE7432E8F5F9A4FCDF3EA7CF136FC2
310
988093F98ED622E38E4976E1BF0CF49D2889E6DF3566719FE1F9B47A2D3BF89C69155DCF24F88C609EE551160F0415900B4C48FB013D8900A9192A700748002924771A3686A0A580FE4009E00ACC090253E280B90AC15048E047020483A038A60ED232831F2CC90498648690D960C48E439F18F4DDBEB0B6F5AC7B7B89F623
310
0243B4FA160A7B9327F3AD5D937C8BFFE5FF8B3A5E64283BEF8EAB9F71159514CFED62DBC880614AA1F7994CCFAE7D8C87057F451733699B8DF87056E1F0654B5021E38097E4E23221B810DE20559AD183A61C2C88A648DB096081E9801CA00BC1DA0124E08DAAC15FD2936905CA8DA1C40E42B13F1764E0C4015EAD7F8BFE
310
C99A310B1B7C0BCC7746D3C0702759C89EAD57122092122D1F857067684A578F1DAB7EAC400841F493A468113282FFE42316CC74C756B1C880FE78795C692813CF4644480EE9B02991BCA257A71861F00666D9410288487618D120D0E80D7773E2B7DD180E100EC98B221C94BFC4FF531A09B986230F1CD08378A8E4D0FDD7
310
D9B1BC75F5C12EAD7FF83F3ED19EB018620303C217A6A35D826E72ABF2D8E2BB1B783F6E48D2E3F360806E1D192085D022103473A10375B63853EC54F500B5B064DBC20945B88160DCF7E4F83A0200BF6FAEAC88E9F54D22D898E43F378D20B51B5D6B1457000922202800DD401A9266483029C0D6D57ED80D42A0E6E08835
310
F0F3AC73D7FAE6D56185F04FC44472B854EB7D9CBF7134DF3DDC35A9F6B38417DD6F508B37C1A718B0D054124176F7222F62DFB327F34D451799D56216880193254FF782D7DDE26C271BF38C6E422E271CE4AB8823C9510F021126A7A944E00DB4031D013C88EA0746C96D4574069BD5439C4110403B40020C30B07A604F1E
310
41D19C21A93FD9002DFC35F23B1E7B98E95E38387E3603FE7393680410D702FF9ED5A3C5E5CE68B5827D721FA78F3A9A0C08A79722D9C9B418F46C0057BB1640C70AA4A03D29CECF33987596D53CFB27B32C3BE304C540E14BF8464E080918268D254838C91A01F0FFB99154FD8A9C0495EAA6534A6C464440B4A71E16100E
310
7405088122A35F7A511DC003D002E6C8E7E15F6D1D2FD09014139EC11FDC89394621F77B9F88EB5A583C41E2FEDBC8F82334494C0BFA97FF3C3A34ADE60385B60E5A30CF036E5E75370BE3B83AE73B3B7DC0BB337DA0045299ED0C66681E4AE223D01B1BC3BD4C921E2005FEB5114739040758189BA8A320067B62A3995E47
310
20055065AC2B4A8006BF8CFCC907C0063EACE41813C5F017065AD46CFDC6FF1BFEE052932CA3478C8E5A6F25DC8503D40F61FC1B047E4DFFE8E84407C81F1AC7B5C79DA358551CD0D13785A9AEB38D6EB68A0A8087FC6543E7471082873CDCE5CBEA1EFC5CC0579469E225428E9A43D6A6000B4219DE52E8DF00A55F4BF503
310
5960661C2DB88AC1F67C2890A93FC420193C8326409E7B595FBBBA9AE1D1511B3F6D65B09AC10A71C2317201A603E88C56CC68C91279E83F5C147787EFE6C675F00941D23EF092920330982DF38C65EDFCA89DA98E8ADDECCD77CB86D85118F3DD9884820B1128010D02F1060F582871CC8FF42024C02239273A1CC3BF71E7
310
70DFB7E96081682803188118B50310BD620234F230B12711B063E0F0490FCDA9248B580D3D3DE944A30CFCF2A1E0F6E59E8FBEA289CCCC943785BB8880ADA9C2FD70F6A13F5418444E3A669273C006C4B4EEEC067827539FFBEA9CFF04D84E7F170480037005AAC8829084329899F90B5E013927F8E646514B4824B01D11F7
310
2C012CEACD163B6358A4454A4221D06E68A71062520649BF9E9127D0772D6E5EADED52FF216BC2FC513C7D3C5CC4C8AF009811826AE20203B076A2AA66D8D32E317DEE0EFC000FCE16D9E0BEB17C74AB009256C5D8AD1CBABBDA61402612C675FBD72D07E633B1A42F2421208CE01397560811204306617A5141706105C9F4
310
984C459F2D0F6C392FA05BED808512B0B9A8A9FC6CED89640EA347D31F0DF76D3D9E61E800FE9F7601BE4C9614A1C58E6C839F13A12D0EB426DE6386B82369A9E6A7F1F9146EB578A2EF4289AA109B4F6CEFEC0463E0072A05CC9DEDEDFE08407B173B8AA65399C80B2911252E6290C82CC1B8909140C11B7AE161B42B9390
310
5045D017E00CED6D27AAA15F2C2179F1E83D411A7020B9408D202381E7E5DEE5A9E7E5CDE3B186433F488AC81554BEC09BC579018ADD1DCB3D9D70F02B14BF9159A4DA376225FE43DA224FED327941705DA582B2FD1BB5DC0540667B650BECDD1D5DDFB0C7F36DEE2B94F6EE2EE4E426F20A1174C31DF153321A24114C4FFF
310
25E505475F6906D4149B21F1BD9D9DF7B059F8E0FD83323CB97991FE80EE131A9003B81C491B218B1D42C0C0D593D9D548003839DC29A740298B0C23F0CE14BB167BD61989AEF0B985C8FAC8F923A73F31953989F0F6C96CA6C4D0A9A88184BEDBBBDA3BBADE77CD8E2FFEDEEF46184A86671D7DDC51417477BE9F04804F30
310
5AC82C2D018A21EA903866A0F959FBD4139916D036635EE03DDB7408BCF0627A03027AD314C09B0A27F0A79490D53839D0DAF1416995CAB24101FA63F75029D57A4CBBA9FB4D120ADB17FB5A999FC9420DFE04FA670430B90FE7F589F7FE8D50A4B5F004CE5F07EB4EA007F8AEAE8E8EF7DB3BE2F81F42166C7246FA9E62D0
310
2C8209BA1024414C483498B50229FD923F2414040B2081390AAC353B5283EADA12A30B1080866D746B9ABF5BC107F33C2A015B275480759334B83AB02175EFD0DEC785DFC505E0064F4EBA5A97073A74C5C9FEC97BD25D819E28AEE661FD2732B8BBFB1BF13441B3C1F45E8AC1752BBF80C113DE960E0AC7D9D02C58C80505
310
A19BA0E84B14402601A590A4AE00A825E98C3212342302EE10FC5100681F86834A2804BC409D70270A2091DCE874B16BE0706C974EB3D26EFEDFFCA6C4579AA4DB781708469F055532A7046C6BEB0CF39F3ED2EC4FBCA3D00EA91CA68FD2B87B5C191E0EB2C300F00A1C9881F263571C6CFD83D079D09F176FAD839340CF03
310
0F70458F81F09AEE1329505150CA0A00576B56C06D58070B23086F685E44232D9D53DE3FC3731044F286D19F459351863F749F1104198D6E14BBC68E17CAE70D7AFD958E350BEBBC70C9C4DFBA075240DA27D40AD7DB063A097DD3F041EDB3E4B682A7A12A548F3393DB01945547175879989302521EEB1431B08759B632B1
310
74E0F700E774FCA1BB83F95029ED1A084288C8893520E49415E00DA080AE8027C34206D35491D050A4C6B080F6A20889A2FF82379AB6234F6710C05F9080ADF002B9C9F9C583AB220F45D618D7E7F7547FB27CED8A8B7A7D24EDA4988B0C1C2A1AFB53FDC61BF3DE50D63C560F0120B0372F0839DDDAF13E583B868717C1CB
310
8CC71D1D7F440CC82184803144196EFD58BBE00B7EE77DE8C015942357FB06FC906A5E2B8882CCF9FFE184B0035A5CF186A962A63F84B3AAEE3D5A2C830008807568B6A9F424086D2095A3E262DBF124350082C4B5DF4704A9D2C93553DE47BD6766B69349610716999FA25854F759CA9792599D3837ACF6247CE8597B0F96
310
0FA3EC45B61715050260C5844FCCFEC9666BC71F875B17E3BCB4CB151405D7D08F846B4CB952248B4603CC402B609E90F0044A007FA800EC46D07A51232B00E5683C55D5096E1374DA4FCBBDE2C25A5B8D26008227CA7758033D7D70DF12CAF7F247939F93F1CC63047D63ADA0B7CC8771B234D8095FCDB577B586D1834062
310
035670E204B245EC093FCBE15626C10D210CB38A13F50E10A0D5C0814B0C4B30AA9858516001669002229618F100767AA3D6D2528595FE7A398C2D2300ED0013A0AE60B91644A057327BD3C36BEBF48C91279B45F8BD145494674AFB211A91977CB838DF35DCB3D6D6AA2FB2784B591ED785DFD7DB77747DAC9D2F7674810E
310
FC2895F9ED8007EC7885101679C06F21E4B1C8A6120956F80518D1DAF1717BEBFB5803E20C6F2A11B2E48AFF4AD2810A70054623E341B3D1ACD92DA91150DE631EEB2C28882D092049C0DD38E262A7BD6F98549930C9D44B7C37028AEA9F8C5628A2BEF5704C0DCB2B428181B1BE766F43014498D2E57791E4C8DA6BD2ABF5
310
003F0C40202E2E32EDFB02852D16C30B7F646B98FDF86C7891690043128B0A0DE6B4EA27F08C30CA34C9D0AA0852A5997F8D11A6EE84E040B20472020256F4AFEBBB74E6705A12083B249089218E6452C8E5A69717E904A3F5EF3D5D08EC1F4D4E85086B238CFFC11AB9AE972CB775616C6D1DE04DDF073B4DE3747C41FBAE
310
6072901CAD0237100670C5A00C2C3CE063610ED824826C1F6650700E88C00B62468903A0D71D3A390255AD7040048348C56C4647413C2C2561216E0C469203EF06A5B101AD40D0E207F78B124747DB5B4BBB4E88B1C373C114E0470B345156EDDBCE1B4DBDF81DBC400746B0B54E05F693707B89A5E430982C2AC7D10DFF11
310
D5B102B9505034B35D07E8E5F585757F088B390F2D4C85CF7218E8418BB4F25B885053D07D5A908326809F31D6CC6B77CC948413B28664484439D118DBAC27DB5AC40C1AD166F25E6A2F0AE82100C0BF220405323E1FF80DFC518CACA8DE1003F3C9FAE9C7B2D60703A0004F8EAEAD2DE0F5485452D15B77B4B67F4C2403B8
310
D8F9C533558ADE058A9E177A1698F75DC0EB4C800F74C0270178C8579C1FACD025F0560844502D2BBC01E620030CB93636C1041636A693949CD80139FD15BE107F905590A292840F8860706D07E2970A2F15E5B13B87C3143CB2930374CC46A6F9B9D7A5CCCC14E11B9E879A49FBE27ADBD6DA82410FBB94FAA8487D61B51F
310
4BE0A03FD08743C31020D6628ED20305A22C2C2FAFA7ED1E7881C438AA5B9035F20759E243C51F34D0D5F02F11403B9E204CC1686C0B6C9000470561519CBE1B0E4FBEAB37A39EE4B84C05F023858779341991F36D9D9F351E7BB3B5ADF00148D9D05784F9AD8B037D48C01BFA83D4247F03BB768BEEF973A14E610090D4B9
310
6B1EEC5C5E66928F28EBEB6CF578B067DD83086081579848E60DFC7684044D8174993C39F886043481F6A2B743B18749E52447CD4D230513032D20D20206E536E15BCF7B7D211634F98FF9986287F33F9A94615A5A0A7CACF8DF5DCC1AC6EF9AF1945EB78E0A2FED1DA2ACC00EF983F9A012260BD722EF61C9DBCDD8719703
310
ECF839029010CA0B9F100B1D2842153E01A1A3837AB579516A31982FD2908A09100DAE591016CBCD4B011A2F4DE299E1338CE065DC4841BF9895D8C81714800CD08F5AD39601BC929B55D291F6CDCEF2AB40DD5D98F4E6F107C47AEE4A09A079C05316F479DAF4C2BAB83221BCC0CE23FE3D3D4C7BC9AB673D89A3677D6020
310
F6E182332028012FA0FBE0B2668FB85485902A8E7FA0BA2105C213E20BC2169211A4BABA7D693C3F1DA961F203694853137073AD5CD25F1C017DE0477626D7BA55B88F83B5EE513C41D814639FD1BF759171F4577D3CAB0C3DFF68B2D3B1F8478C18F67BEBB2598FA76A4545E9E961BACF657E0791D2373030E0EC9FAEDD17
310
BEA7703A738185D08236C407448A4CB504CBF01FF43859D3115488EA01B55078000DF085911805790DE1B41B6F8CB2889C3834FE02AFE07D85143C6C008438A944EA63E047023A7EF37E13B0903AFEA7BBAB9579330FAFDAACD540022980B65A75FBA17D388F1E6576405CCE7032D95BDA420E7DC0EFA320879E5F8B3B04C1
310
D2D9C1114210C19FCC49DC6A855E12010184DB8968109ED016E4683CD552A36B3AFA13BFC2114068935A7E774CD2C7225642B73325938052D8634ABC18DC9442BF9E0402E85B42F9F3273672DA8E8F1070405D1DC3248487574CD98092B8B956E6AFE1566530B78FAE05B4A0DE51FBAF85DD075C7E11939F80E015A58D1F87
310
E400CFFD2306C4D1D3C634380A201545A92BE01F445800BE12302AB477BD6F62600D211232EB061448A0D2B877BB940D63D059C37E0569A83DE93E214F4BD86209FF6F479C640AFF8AF6D1BFD987D029A94DB7C329B4184D4BB013BF912FB88FEEF913071A8D82B651BC10DB067A7EC52FE1B421883144C00F64FA23A11CF7
310
08BF16CA59F18D4C04B8085964B2D8DA4A855187000BE440BC816FFB13374640B0EB1D0998AF38A1AEF503F14302E2811081FC12EA6CD38A63B33035125F40F170C0B0AA45E9FCA38FC6D688D48563B5C4B4B7C359D3C7AE0EFB16ACD5E2FAA47EF8307044B4EBE1C71E84E742D81431FB06B90B600B9C239E277A57C94C42
310
7EE10E7826980C0136600D916A06058CBE8604DB4D314FBC014EDAACD0820F14BF75449B70339490FE5A0491221BF95F949DF1235380E969AABDBE2D32EB4403D3FDF17F42F9A0A7C28ED75BE86BDB7C7EC80C76F86B8800F77B305EB88F00A4352E0F8089EF811EA02A3DF08F7DA008F803BE4B4EF5F41E56087099E92070
310
8C3D720916444440FDFA013D4E1201414123A09290F5BD7AB729298209C4306D007BB0829FD4EC3A6D7E4F00B67DF38CA0764F832F0448E58439B952CB4F70DF964AFA74CCFDBABBDF273E2FF4F56D3DBFF2A78D42FFF2755DF307066497F44062AADFC0CC546F6DCCFECECFA232E14F408F05477D311B683A35BC245FCF8A
310
5CD2AF20022C21022266905A5BCC8B20235D6FF04019CC04058AC80023662E25F342063165956320BE50370F2A657BACC817DDA3DDD3EFE04028645780A768FE38DBA88BF2EF3ADADFC7FEACA952E5A77568ECF0C971DF32BF1D24F8486B22A649EC81B1B60315CBEFC026091CA45F858D7D04C1B437079431E63E38F88075
310
8842E780A9E03791C0FAAFE10012588C3C592FE35461A6047802BA18686887023A422A49599399893103942CF6DA53A8E387825FA0678B261F139F801E2B17C901D0F5217E07AC2401A87D0480F753FBED44FE949C93A1D042B879FCE499B3D861AEB23F9C1F372F0C24D0B7D6E70FE1AAF60F84BAE642D82F0A9F53E22783
310
915518494FDBC0AFAE7DA282E5050B703570E06319A015E00D693A6BEFFAE493941C3B08C13B96BD20D0115A9565701DC58568A3009DA13E965765C03091F0FF339F7309D44F6E61F837F1B1FF920450EB8FC48F9B40158BE89C81A597CFB0DAF5F5755D3886DC13D4479599B583758CBF35663AA234F133F91D3BCCFCE0A7
310
94367F385C59B19431780F1C099131384056616E15A1563B50021D369C593FB292685A68A8B2A50A0A2085CF05434617E05FC24A6B077B990014421A68401AC4D65788EE25F737EB780D08A6E38F060F2ABD889E1B889C44852C2FF368C1E3E710D73B6589EA83F7417B341ADA1F639A23D15298F087AD0326410E116C3A1B
310
325218433C71AE62C07C1480F1C045629724A076A4BB8D622D24690486727F56108D07046DAB065000678E04C4F8C342DE27F4AC102D854F2D08D59B4ED0E4F697B0FF62F113646BC5B7F3131D4EA8BF8B265EA3F2026E7061B96F6DF3D993276B2180B8E57067587428579460551049049B074CF8B1066C7E14C705F0B392
310
98C0997C17F701097023BAC31081390196801FB0C2A12380042927503D5A01CA127F9841B460310639C674BC8CDF1A320501448E0068905B07F6E5602F8C1F07786253438CEC51AE61FDB25FF71B09893AC026A9EAE3F30F369F5D5EAEA5801FBAD3C98B38C13EE017B054F81A56F05259DBDA64FE270B1FC4C77200FE276F
310
E814B916E222575ED717A62A92956504605268408CFE13FD61F84252228376060206802B9550F00B9D47E6AF1022538A752CF4FFF1F5931384A9FF8700EDD4FFA2B93FCBFABB3EA6C607FF714B0B8B04EBBE83B52B246092AB018C0D0002FC490849F1E214AE6FC42009D6D86616C835B65DB9862EFC4480C14137603C3089
310
D0A5588FA27E693DD184131BA4E88C35045ACEF1CDE1A82323C20B842F2419604821196EE8185BC834AD44F8E9B7549A32900196E9ECBBE20FFB4706861AACADBBFD9B56A23FFD3AB8BFACC18B1B5AC0ECD7B6AE2E2E9CCD2BE8AF1B1BC3A813B94107E82DE67A42E7CC7D4A6116700B5B2EE3C338A09B840F07C40A64800D
310
7C605AC42B72227C4C7020AB1F20056E26F542717F56534261DE3766AC10A6ED2D006DD03BA9DBA507AE0510A8B385C92363B9154167F1230C40D76AF6F3BE0CA08F8BA2FFBBCEFB09D0986550E0F0EAE2F2780CDF850CB0F88CFC2815FE87BD83909F474F45DD47F1C821DB2107A8817FD45384F57891B65F2543D0C1E20A
310
89B4A8DF806862AC27C60F6A054627FD344250718AC0FA21CDC4E28DBF2650D1B39D8B8A420C348A4F846E2BE824BF8C45E1DB8EEB52F576F47A75FF95F90FCE0FD3A7A08D48D5B9AFBE3EA658E1676FE3372FB57F0AD8D70ED4AEBA3D4C2BE0AAF1C3AD63A6004D12900CFC481A47430C9EACB390038642C8C41B13303166
310
614210592736B8603AD4FAB17189DBB32F3915F0C380795A089A15228460BDE8E52203527D41B5470901B088D84FF8B3FE2BA7F4FD30ACAB3DE0B7E2FF95807AB0010FFDE3A048F7360F9F3FB9380EE537F16F8673131325D3351A3F664022020811A0FE8C019CA17370725CBFF64132025DA1BE2555102212E80A907FB43E
310
D80A991A8AAC183932C19AE17524B06590B6AD286EB99BAD18FF4BD64BAB519202F992A963648ED30E7521F909F090C0213E367A77D8836BEB6F34D92EDA624183070248351F1A079E5D3E7A9EE81F2CE6678F92E299EE312B6C0572C0A7B5EEE07853612403813152C7125E2022A20C18F855DBAFA399817FC97FB6E1CDCA
310
31D348434ACD0012F0D32A5456B4007E6E92D72B1A4E9971223A42C1042819E4049C0C5801300C0013FA48F8944FBAE71DAFC27F1826FA2304ECDF3F6C10FF47D5C7E49748DDD687DE8E91C09394EE0682A4F84CFD6067EEDF43E67EA46CB2F4070160439245F00343D03BF25D7E2F26FC400A896DBF19FB8D4D0A66DA669C
310
3D608F9CD048A0533621B25690EE19D5D15248E390F042B12C682511B02BFE3E5700E4C9A9B2107A8F45248FA48234FD23005ED1F4EFE80D1320836F04003BF42856D478D1DCA3ABEEE3C68F9F30C3A16E5C238EA5DE3FF37DACC2F8B7980033F47FAC34421EF0418A045394802CE032D61C70023D788136788613887C0011
310
A4EA316E005718AE191F8D0D841B9C679CD2FC478442D005429166F5A24403B1E6ACF3298F388B6D0BA933D92339D48969A5C11F09B4FF017A9900A4F887010C474717E10F36468032FF33F4AD610517777104CD920C3CD15FC5F3B3A0C75BBCA3B00F2724863C10BCD4A0E00736C7981F2F72E4B001438B99714FCFAF713A
310
2603BC710376A1715FC602022202E06FDEBBC680A3DF1C4C095A12C50B554FE7623B50374FB2129DDEA4C392C9188077658C87F55FF92FFA507FF03FC8DFD3F31BDAB46DD51AEB03F7E1B38B8B87CFF47EA1479C3EBAD5C6B382C221C0F1B358B39D76D9D3142C4A20935F541E492E0EF081BA41B3620A8E172B584EA14856
310
32E22A8221CEDAC6110AFA4B6D43E2B76A18AB240BB24337721C9321D2C033B2D3E2641A55A400A28403C12D1DADE39AD23FC5FC08C47A64DC3FF6DFF76B5235124022D7E6D6D5F3CB870F9F31C96FE477FAFE54100068A3A87FA5908A2C08011CF31309C10025B089FEF9C510522B8DC07C30AA469841723A10C08E27F00F
310
7FBC181C083F2809EC3B2B328E294AEAD5A071B3A95C81D2DE3F930372D022C9C793535B92FDAD5426E90490C3C81D000017C6494441544698C416520C1C40C71FC204B22448FD9303782FBA67089A1A7D4CE38E89050FEF5F1E078A4DCCFADA058032C34C1CBC2E1202B1F8962B1A8024F0EB7A11F209E96FB369D4B64202
310
FE7BA230AD24C46413536EAE955B341B726C593B5D4630C0BE822480908522B0D85430230352618DCD4F7BA6D568BF4343801480006658EA3EDCBFFA9702B4FDE9022163C43F9B72B58001A23FCE6F0B3FF0E4E1DDFB9801A6FC42FD0132CC1F2224F89933107AD30B6C9131A53818AE944BE25A70810821C38F098411980E
310
46D108F483DC63F49B91B852351604091D60546702F58A3872A1716411B642C7629C267E64E77719F46B0548FD6BFFFC86A38DBFADFCDF700228C124C8664FAA02BFB1F92B09800876FCE4F2D1C3FB4FD0A44E0106A8DB8079751CBF0BD9340066C3D52BC64706467C05B5A54401BE4A1B0132A55EAC1CCCB10D378A3DFEB9
310
812022327745EF2102886A9142C812A1A2C9708027BB55B7006357459F9C2080E0BC34489FC629510F3017B62D5073E2A2C64048A0A42580E413BA9E08274091A398EA80B5BF31C87BF5ECF8F1C5DDFB4F22AAC181F070AAFDDAE5650C4000516440D8806786D874215149E69ABEC43FF0EFC820FEA112B0522003C84BE03F
310
B76623513B6D840820358B084119B0CEC8C00AE888826339A54091F5FCA513AFE147975BB1A86FC50618D9D74502F0C7C8815AA306602FEE3A5E79E0D7DED1B221001118B73182CD439A092FF801105D1AA14E1918EC282F6260869D55108065988BD67F68E5581720A708051F7C8070F582389C682BE53F2AFD85853F2A01
310
3D21564028E06E79B7A71E43212180A81541EBC88F451E02385100491AB0C4A3BC5309A95911E66D04C0B448366988ECD204C2FC930F8CEE8FA410EE4C25B58DD1B6EBAD83F6196670F7DE635282C0A56A851AB035831725F0471A10FE52097089C80495804100318405F0DFC2136004B4C40705EC9154315129205EC35793
310
0035688F61AC02188250CFA9A980233925F16A117A48CA54DAB6400221976B75D863330942E20EE3B00B08FBB71AA813B0E502FD2B023DF70114E0D7DF2E2EEEDE7B789504200112075478F2FBD6897835C91F0C20782401E801A2F9142700B74805703426023A81CC0BE88B537D0003E0C5181D29EB8D83050964DD258091
310
0A1E7A8138F76253DC01DC2F3824391AD748276C0B0CDF12366625D038603D0003E0266CB42704C8CE7FA7F11B4D59C0BF454A78F8FCF1E50513715D469607031272358F04E0003C90107223A581218F10008B10247CD20D860FF0BF48801040B361808148714764028EAC137E871501EFDD97C89B52107FF1235B0928C562
310
530082573CE137840EFEF82A0BDC602736C595912FBEC69E6A3A26903B3A300C5A098A9E3F1810CDFFBA019D97B4E7A7A075850F2E92569BD960CA7B8304995FD006FC4213BB1448A6F4BFBB3A9F9FC4962D0A1369129B10073771FEDA38B1737B663A71C088D8848027FC3008DAC4E4397A6F76271DFFFCF77D6BD7F1F67D
310
A51E0E08875A6BAFBD6BD7AE52CC04A0B4A2206F650EC412841A48258258E8662C3838FBE21E25172C2A15A4F78D82DCF68A005DCF07047C183E1CE47731BBCCB5469D9169E0D588945BEB637E87802A03D88FB82486210D28FB3B858D13DC7CE75F5E6F3B03C1744D30CC58C7C7A256146853A05243060B850072A7010CA4
310
7CFBF9A1E24F414037B8781E8E9F219A774B36481CB43E48A79819D638C8760D672FAC19FB9D3FC5EA9158DBD0159C27860409682E8FF2595652FE189D2CC2D7C023E944158355806FC320087CC74116030CC376C559C098B93A041C5DDA48AF33827D2327DC761D19C17CC62780D82A170E6CE7415A5E7FE825E053048F88
310
D2AC2A561CA4D4C60098DA28EF1A01382772484698F60C8DD24BF396EA76260542810A625978C03580A9CAB91D10249BE579B0377A3DD15749A45F24C4D81FF3D7D7996F6A1690288008C0FF6CC186DA9D5FC95BB09B1301004B016E707FDFED306A1BE8FA208828F00BF342186839839F1F6FA338DC5A0200FF383DE92614
310
C03A4508DA18F4D85F9354F7E867AA77A42FF49BBE6757A1A7454448D0BFC3C220714FE43A3D8F1547BE10F0BC5A05985AC3C28829A06FE24CD062700601F4AF12AF99099B08E7071DC4626A97C920C3FF96E190C9D1FD7CB6163E800D79E5F3F10A9306C02B799E80F1AB380E0571A584C0370A220C3125000B500900D96F
310
EA40409F980E2083E4EDF4D8D2480AE5667222E020BCDAD4EF19682120818FE18EC7FD6AAD67C03F7DF1955E697456F517AC4F24700C30171C67E9168B109A4F60AFA60F98BE30941BF776DBC7C70792A2FBE98AAA97224F8BEA39B47BFD14A8CD03320DA2B676E3AA397E652E30A42CE2987B7DA1EF7F75242413800A04C0
310
270C62A13372400B435ACD84B8B5009208F5AC73EB149FFF3508E21C2201E0338BE07E50EB47E7FF6D97724A601028C5519073E7978EC88834410450E074DD58AD13A4900103A6444A9CB99103229F0EF8C0C78161EBC68137240734CDCFC349807851E0EB46CE864D2E405ED341B71A390CF2DE20CF5193189E1901E866D0
310
230409684B193D17E2928534D04240937D3C84477494FC5E0FE0B448E35AFC19007926C1C6A6E622FDB8A12E30993C6710E070397C4B26304C0AE38218D19F01FFB15BAE1C0E7E74DF75F2406E373C414E848FF8E500EFAF3C1029C9C0ADAB2313A7426CA9B2C1B9E30032C84EF31A09A88A386F136E8C2F1D582EA0459207
310
015F10F1F001F0B1B7DF7222011EA2001F00BFD36BAEE0850928B08C077030FE3806C880EAA74BCE0863A952812E6008B3A89199C1EE918AF96AF583F1A073B0A355B9D861AF1460DCFB3BFC6B7EFDC834B09700CBED3510E48DC7129041C991F06BA5006CA6B5B34EE21501374E8DFC910042036111EC9C7CFA1C05D48A72
310
70F7F835BF04A4194DA4CF76CEC66718C84CD020D04C412AC848F03E3C61A1C8D50D0EA6838A00376054D3DF61A0E393E1F8B058A6C994093476D601A4A06F0CFD3C0A6BFA910E75CC10400A80FDA93AC9B5EA4303F6C0D188B559086091CC5910137772E14F2376D03181B5CFE74C0EA38440D0AC256D6C4D104CE05302FC
310
C00B60B9CD4D71E08BD40C144A025E60D4C1F45FE846A2105D717EEA84808A5DD90A168E133640311CF05DD870768683F5D2F1800F485AEBE5CABD8FFA3C0BEB33702493AEB551B1EB035EF5C8E5757FA7832141F88E8578A363802B560007AF93D7D470B478C4D00B412D634C9140C4F9275C00DCE8DFE3C7F8C0AFBC5B2C
310
E82E3C3BDF393D4375D50C43CD1C17E3777CD2C170725B7B42B41DF15BFC344DAD089C1E9118522B4A2C60B794E4E8F33081BB7C8CFCEEA0B2015E49D586429C6C78646180B7710E06018A3082243C275F077FBE412C17DE80D3E6B9462C5204C5D980D1DF84A864401C483CD01B143F4A4868087A0F780F37230200A4FBF6
310
AED325114C367C22512750A5C7C3E32D545CE20A0904183BA10015DCAD89864B3E1EE97EBAE8B204266A48E010511838E2FE413FB116E60880C2D8440AC3880DDA6DF6618C138CF1CB2A09637E18D00F80CB0DC05322E31EADB8081C29410903F06BFCDF5AB46024E4A75828056440503C707856EF0C037623DD4922A400E8
310
A6BD75E4D2800905F18450A00CEE88860C8964C7B3F90F56528BA18F71CFBBBCD2D05797E168FC37DB26DBE0DD2EAEF39686C18440820013C1444055402A541400DD362A0A402F1FE51246404E098249FEE30708C10CA0B54601053159480C00BAA9B1223A773234FE72FD5C3BD81804D8D196FE3D5315A0C981D88D04FA01
310
DFC185CA93F9120E1F480B08063364A0A318F08DF95056E4C91F1150D31B011200383502E079EE43CC18603AE2F88FD139C802A739F208E88D06DC78267C448C27C4113C19B0F51B0E9C1C021CF8F9167C6B1F2E10E461002910105D1042792D1CA303F469714C018C23D72179E165049C40E801CB96CF334562E5807291D1
310
E0C70FE6CAD91656715F0E5C5E70F8D7F83290549B1BAA6F781D25180EBCA93EC84E72A74081CE3020789B3790E1A9E478E658C099BECFF01E530E80EC5FE31204ACFF70AF8177A03059240CD074978A002A878BF883FEEC81DD684E406CA630ACFDE87292822A11953710F000885D6F68A67ED40CD772B0828359B753F7CE
310
23D9479AB9845771B389D6A77130F8C134EFC83947392029B10E4425440A84AF0E54825228FC1634D369874739C837A9DDC83C20D320C36042610ECDFA750303710224D01202488012CA847424F8D53F78AB6BECE9B3B35A7F32396AC6B7444566327DBB4DF06FD9616744F4D3A397EB3B0A3FBA8D763702883ED742FE5CD2
310
4146D8E353ACCF811C806AE09914D8446E93840FF4D6C963FF32BFB6AB015D1D3B0C9A0968776F021F21404B6260CF84A14F35180CE20B5E85BDA2EC91FD5A7DBA7E5705F4F0F97AF26CE18E3BA078138202400A62930FA6CC7882F911A92F33E547E64990B0F27323D73B6222863F86425153FA8009361C675554C25382CE
310
148420C8DCC47A20122806CA178A0918C14CBD33440289078A00EC6070184CA9907FD0A1270478E0B325B67C2193694EDB7DD0F3C238447C8A11485562FB4902134E6AC952FD5320A4F7C780882DA9684285CD81D278C0E8FF8DEC9F45D22DC3C2CA99C2728110888799575B6834BF22B0F01EDE72D7F21B672C40F0A97299
310
9E2200B7C91403F9BB3D09C01990819238CBAE5E7510D7D57450507E3DB04AAA0A3C280064E0775380C8C16EEA4834346A04BF0CE847B4B3AF760D06D24BBB267C32E2C9257DE5EB748AD101AF1FD33265E2B674EED8C01A0AC901392211011AC810560F77778E85B13BAFE3E25C95B70919A4862C15928BD8989664AD8638
310
101D009A80F00BDC41AF27602A4BDA0C077E550048E7F1011410F01405045E1C140B4D0E70E0F6E034171C3D6FD12004FCC1FA304312518910356628A4A326EC9ADF5DFFD1B2C0399503F14B4F8E3E0E4E39A06ABCB56A8014687E86E462BDDE5124615ECDB412B7314F62E6E0C76ADEC0F717B360E741960104CF1706CFA1
310
8E0605004B01AE007869B095ED92144A807841EFF2811C047889A04901C809062057192688C92346F97F279449F89B113500BAD282D1DA80A55C27EFFE02C8D4F395003F285B617BBF0831F49B055342DDDD414378E8888E92C16789F269A27C9A221FAA4A0DFDDB9F935B2ECC04DC51481558A69301E0460B02665AC4DD30
310
C03D480866C3409400051811876014C0F294C542821AB045011A3E3F09001FF304E3A0BED05CC11A811B865001769507FC01ADC611F400CF68C7B093606E30F3C7E0F00C1D10C31951C1E2D7252181DA00345842A19130715C736EC9ECE686A712FDB31E4D3E50AB336E5666D7B212C0113C4A4406029709B43D0228F3FBAF
310
49921B19CA0C82A2D5BC4A2079809240F37D3E10F9637607C3983F0458508A98B8B4EFC92AC13530180CF55359500080061DF59B98BB3FEACEE881DC8127F182A885A86FB12B43C590A4380504E32305E3148BBEEB2D2782029765428092545BA5C2C681FC5F8E869C0EE1034A822FF09A12C94084505AA868080303473F81
310
61F7AA0A6610745E280BE4427FB770106F8800EADABA19F453210435BDB2348471B13B65F2FCB554827632C4C44467333E4127095D22092ED492009930413251B5408345065065E415266E20279A40B3F520370BE2050C8360E6BB4601C1673B9BFE007EF5200B6483CD195400A783E6DEA0653515B0FCE8E86D1618FC1EFC
310
15C2E727F24F2A2DAB57326D8D0877D4E298894E7A0C3C7D9CE8A0E2D17AA2020FA1097D6372F2A9F955060FDD467AD0426368C24A8340FD0D6687A76316DEF5179ED9042005A2BF02A5DD810A4DEFA4A8F700EFC50FF4FB8C06410F0303C106ADF8852ACC6A2CA9046E9ED070739339857222CC009E206479886EA26227BF
310
7A341A15C351A8404A6C10080A2140FA4B4E8D9B9A11645899332363FD69887F436A660566964250FD752E787B64BCF8E6C8190DF8EA0C854C062D8A5A1346F810414313E606ECA0AC3A01D6928544029D5F42E202C0CB386F880F7842A31287061F32F3CBE09F2950783394F2F2B23D85386C6F51943E99DD10C8A0000BA9
310
569A14805693274BD0E4F4DC3F28E331EEA91C4F33ABE057889BFB92819187840A08E57A276A8BFCB75B0342668C70C565C8059996D209C2800941A21FB82B2F520BC2E6FE6F1A8827043DE17000DACC8193E78BBB8DF1467978C06F6AFE986123E3A95272CAC122046F4C65C4B88FED2F1CD1D918F7CDBF8903BF1A90057D
310
42F4DC133AF804ACBB58446A0DB78806FC053FA1E45D0AF1112613CC0DD976C5E70AD3282F42725C0D02AC8588DE451B1C01ABF063E7748A3882F0DD484BB78D037F9812240EB88B6034C0AD53E5116D4C6D920C6A89F084E6D0598AD7EB6930CC7B293E27A666E5CDFE9A3FA52FEB3C97976FDAAE9A60008FCA6B33099CF9
310
880D35D419FC687D424378E3099441E110C5B3C6DC311E6653514A67A530D863326C4D8430E0C28024803B5B069B0E60C10EDB6DF087034171DF01F1F3404B27B1056D8C0E56E7CA6056E7798147BE4C2F01CED5987E413AC6A724876DE3F599E0601CE7B9CEF3BEB3671E12DCE8AF9631B8031D3F360B6955DC2342B2A0E4
310
632A00264C0DA002220CFEC3E10D9BADC8904D88DC51928593AA16C91DF6FFF82B3234404C7214D0F8608E0052283EFB2B0563F1D072936C4017706010BCF1B16CDE0C1FA9C777E44E1F5259B0C9BBC8794A82A6C182A3AF56B16921405351FDDC91B5BAAA617860E8D76C97C377FE701A4EB4378FA97C2C8E3CC8950886C6
310
FD93AF70A1F5F676B7ED16CBC56AF5D09110EEB8607CC08A795882358280DDB98AFFE7087C6EB593D62F041CDB4018935238E73F1098100D0C8769818F777057F64C703C6530E142FDF5C837AE1CF66C94C4887D3A3726AB990DEA248F73B5D32C8E04F6714B1E67C53FC52040252E605B322407CBF8C7F05453462A295ABF
310
4D95592DDD76AC23512E9A2DF964715C80DD752CA8E263AC36F02C3C28A133EB22AC8D099BDEFDE28C3E8FFEE3815D5D00C17C00511058354D62443C1A546280E43572A9C661A34FA5891F8E7570608C8DF21DF51DF9D2A84D4501F41B8CD4F4C9DEB2F901E810C0E4CEB6EC08DFB06341C864CF8D0EEE779A606545E1E64A
310
AF30A4324C20FDD3BD558BD966BA994FA915CD162B1978642AD01694E533EC190368A68234657085B5F88E27A0805E04B8BB6A00A51646EE3C10A50FF007FF410F1963CA69BE2002F0F902E701AEC995FD41F83A3F0C3809A3288A083003A6CC2A20E6D703EE48E3777AC07ADD51EB6101603A9FCF17B3D5928F6D742EE7E4
310
CF38AE2B03C5FB39C81D7B2978FAFE85AF3D2710B0582C970F0FEB0E4D1103B8BE2B4D560CA10002FC8F334C891C07B44FE06B2E3ACE5E1E2D1FC32203110ABF9CA0E8381F68EC3C06701328E5A38278A5FCD944CEA5283DA933DF2A2448BD23F1C5D8BE04CC2DC3B43B3EEC29F8B5FF926D11D3E97EBF7FA1BD1E5E5F5FE6
310
D3D972F548547783146ECD84873F377C5820F7F9FCE5E07378D6CBCB7E036DF7F7104079A05B77C6942D1BA95D47424BFC3DB6411009A42E207871B7EE9B06614BBD20F22F7523FB985F3F7068E37600273A3ED0C1CCC380F6EC4AF01CC1CF95E4848B7BF950AD14C44F10460221E02D21D01DAE800F323704C00035DFE97C
310
B37F797D3D1C0E4FBF35EE1E5E9E0E879FBF3DF6F474780A01FB3DAF01FE0C0798218007C2090A3008BA7682A338F4A8804A06CBFE6A80CEC766F49853F15B2F45FCEA3F8250012841315016E75E797EFEEC4ACA6C79F515CF1738F7C36E2406071051043817C9E8C5888D49D0332E800062FF54FA562BF7446CC0BFDFBF86
310
03D1FEFCC9F7FFB5A7F000430755C2D3F72F2D02A022820897ABDD44594475BDCCA4A10AF34C06B08B4AB58BBFAE30999DC66C7CE903A83CF8EB006EEEAA063430F84B05F0ECF644825F5E95073870E72A0771AB89B080022A0C5A9FAF34C89286257FB7BEA000EC65B59750C68E0815B0D9834B15606328F80709DE09018A
310
C2A7817F83F96DB3D562C10A0A31300230CD4200B87F85808BAF64D04600254047F9C14DE93464009E7F5AABB4FDD6D55142A2C0BF1541FCE19C20C899BF4F76AB54B84CB97F88F48ECC029FD253F0C70DF4816B9AC94BCBD653B1A283C4001A0337955E4AFED3FB790B6B1F5EA0B5514074103A38D84280EE0F5F9BE974EA
310
B2D16AB1EA969684B6E4166CA28264B300474C7308D20013B204A65F82970718D05678B3315D442E1C0A327E2F56556040C005D2FAB1326A68A07507C9E46A3648555A7080F5F50219A00E6222E3E0862CE95B5680930530742F1D041805E69B788161F015944D041182B861A2C17F3AF01CF5BFDF6C343F9171F5B004BF59
310
C016719164B888EA206A02AD05E8464D06B48E4381A0E9345FD171625AC22198F57C003BEA5510F81FF78D31C9B033D0030000000049454E44AE426082504B0304140006080800BC797D5A51464CB48900000043010000360000006662782F36434339453144332D374132432D343439432D383839332D3430323436344644
310
443046382F6469726563746F72792E786D6C9D8F310EC2300C45AF127987122606C71DD918B841D4B851A43646695A717C52A85029031293A5A76FBF6FACEF7DA7264E43906840EF0FA03836E242F406C6DCEE4EA06AC22492573150D1F66C60C640E8938CB705396EEDD86DE9B5042FE27813D640EA63BB001C722AF6E55C
310
B61E4863F58284D5D3F53DD715CE1C3985E63FD7F1B7EBDD617E9F1E504B0304140006080800BC797D5A1F5BE43697070000571E0000340000006662782F36434339453144332D374132432D343439432D383839332D3430323436344644443046382F6F626A656374732E786D6CED59596FDB4610FE2B04FB2CF1D4C14056
310
604B7120B44E82B809FA46ACA895BC352F2C49DBEAAFEFEC4571294AA69C04E8436DC0A257CBD9B9E79BD9D9FB9724369E302D48965E99CED0360D9C46D986A4BB2BB32AB783A969BC9F1B339A6565639F69A428C157265B36E7B31DCDAA5C2E6DF01655717BF5F6E62FA388708A4D238A51515C9945F48013344455996D70
310
F138DCA0120D77DB97A133141B75B23B8AF287D65139A2382D8155584F818AE4C0D1FF0591ACF9CC621BB46D5EBF6DEE996D16175C6794A44589D2E888ABD671EE09AE5AC7798EBFFCE08E82C1C8F7BD813F769DC1CDEDCD72E04C3C7B315E2C82EB0F8169CC67EB2C8B6B03E438DD8015F7E6DC9959EC9B5A7CA9852EBEA3
310
2C4D7124B5D9B56183255D828BB64E34C53A5CB4864184AC8D05AFA7F027B6F5528AC692A66D259CFA6C7A6FB6FE1B9450F4F1525A60E6E54549C1D652F7221EEC99255635BB90C24850892941B111933545140C045B858134322C5A182983E98C5B51D16BF20A8EFD7A2C7571B9ADE298C5AF39E79116423CE2B2E09C917F
310
303D70DF3C0D7802692B929653296CB9CF814430B3F8A2F8CE73E5974291C636463BF01610936DF2DC96BE162C17AC96E6FCF7DBF5CB3DCB0FDD87E734CB312D99E7F1609671A72CD8702D70BE1E4A117AD56D77D0CA5750FD27D07CCD8B3103CB51F2E2BFF84A768AD2629BD104AC63D8C6C0863FB6C11E8F9E6656FDF2DC
310
30B45C794AA710B63F49A79A18DAD90D95CE674FE0F419F5A470F7118AC1A7EF48CAE21C1CC5883358827CBF5DBF98F31524535884B7500CD2C3EFCC628F067C083A906F5A16EA4ABF3D0CA502A61D67075B7D049FA124AA4DA5C9784ABFA39FA2DFEBE5FDEFF715DDA208DFC9C05EE22D494909C5B49B214DE95AC87F5B7D
310
E21179248FB62B827376194B1C1D76B9977631B861801556878569F8CA1D81708F6394E2AC2AE47A9DA8B463A0204794E44C0E732E39AA93D7F0209A30B78A899D3045B821DB6D55406AE8E0F1FB6AA171690FC7EED8B583F1D4715D3F809FA9035174C1AA743EE57B3E6418F05544A52FB7980A49827638DC2296573BF9D3
310
D9ABD5C4699EA0BD8BB3A220292E785D3C8A97EF2A608461ECE1C47646D389E704DEC4B7A7BE3F7127ED7358516849408A30C1258AFBF05D2B4516972E8D50BC8D59C17F22E53E4465686F300752AFF32F4D3681CFD1C4198F46C7FC77DA004EA4084ECCD29000428154F2BA059CA1C7BC22082663509AE383AFB475F5DA59
310
25CBD57105D525DA87CF98EC1E58DD3ECE6B47768234C1F21AF8FB39EB1738DE86248EAB248CB238A36189132856A8ACE84FF4312E0407BC20C48F3A7113B23CE2FD7346379D1AD1338A4AC62A7730DDC8F0AA15C529B7A000C54F84F5171CC874C280E2199511A0FB7BFE39F833A32C4129CC235E91D1207B1573EE9F8014
310
0C4D741857C520CF84D3A53D1E2F3EF883E9C8B107FE72E20D826900D07A317117D753D7B959D611A4B85015AD8989C0A159C86BB9B37CA892758A088B53A621B4C9DFBDE708EBCA82F26931D0FEC1597A83C9B5BB18F87EB0184CA701607BDBF5C7FEED7269DF4E2D8A8BACA2112E2CD7B24395C3F274D756B4E2AAFE64C8
310
06E487BF5261007D5F0744CAB46D61FEAFB31DAEA447C58575B691D845B658EF4381953BDDB69D9394FD655E6F0672DFA2DDE04039D61A458F0CC6841174066FE1A3ABBEACAB240F51925569CF74EBD9FCC7710248F2EE34188D0E4128137037E0E02725283FC1F9422FE902A92B454A8A272A7B04D389AA0CB31C4550254F
310
D0D7C8F764F9328CE43923A11BF5D7750123F55FAD993A2FAD64EAC2F252133F5B252FC54847B5B7C36D2F4144D0818A5A2E228737A32D80C5005108538E122A5147D89F0A45D9D79EA2C82016001E2EFF3E2C5092C7627EF21ACE725CC5B2EA9CBBA2ECCD284E113F6BB536F5A037486C933FA11E85077FA17AD4111740CE
310
91C321E714D2D078E478E3496D8AD7B4A50E7B2BE66CAB4D9CD772D41F459C63C826ED83BA336BE3A42D89617815F64DB37C2EA0260370181F0C9C6ACE1AC7008C2629CC4F7F1174BE28B2CF1AFB0700F971C66CD6F15F02C89BE1970038ECA30740D82265CAFCA3E1F08B41FD0D74611BBCB900D62B4CFB1AE25EB1949AC0
310
4D006299F68E3DC45F11546B98CA14D6473195B0C4FA8AB5FF43B8F438F0A1A1779DD6E78FF72D2AB0D2FBED2F4C47F8B94541AE2E58AB7886D4B7D56196D4A22025FAB63AF3FA7FA20B51066C742370CB50643181CB1EBC3176388389064CB37A742834C105AFCB87CE66236F9A7ABCFD2466F5255AC7AA2F8A1E105C78C4
310
B27FAB2218B64345BE32E5BAF11B8CD7D9849B0F3D878FD0BAC91C661A1525572634A225810E6DB88631291F4A73EAADDE17021BA53B56F1C55BF5FF87D78E3AB67A4F1FBD48C9B4D8841C9DF3FB274834AADF7EBBE88A1D0395F0B8AECA5A98C3C2411AA90475D124848369F2A354EF0B408AF3723943BE476B627BDDF89C
310
F50341755022BAE3D7360D9FBC5E7EB1D88DCBEAB391C7D58E99F35CC7AC511AB04E3DAEC4A474068E21C5CC1143918B7716CC561E31B50056C6D9DE527362E30F710164F1C180BC0D0AD7A8C043B4291E61012C47091BA90B0D6AF6AD67200DFB2A853355C36BDAFED5D290E0A73134696655263DBF0A32204ED815208B8A
310
E686C6DC1A5C1DB8E25F1E1ED4C2CCA2707732FF17504B0304140006080800BC797D5A938F632BE2000000550100003C0000006662782F36434339453144332D374132432D343439432D383839332D3430323436344644443046382F7265736F75726365732F322F636E782E786D6C4D90CD6AC33010845FC5087AB42C3B98
310
B661ADBC444EBD0455DAA822B6D6E8A7B46F1F2951A1A75D663E96D981D3CFB676DF18A223BFB0910BD6A1D7649CB70BCBE9DABFB1EE242110A57F18EBBCDA70615566126CA0BC37C9E055E5B5AAABF3B7268A8B458FC1E9CBEE2DEBF4AA625C58D45FB829AE722283F1C68D4A8A8F3C60A41C349613C96DD84EE8802AA161
310
7212D3DC8B433FBD9FC7F9381E8EF3EB070C9594F049B436DEF98481F69749682AAB2F89040C159090836B547DA3187FF178890743B125C4144A070D4BBF7BC1DCA62C0E0FE4E94A18EA93653C1A28B31622EF504B0304140006080800BC797D5AFF15A4A45D000000800000003A0000006662782F36434339453144332D37
310
4132432D343439432D383839332D3430323436344644443046382F7265736F75726365732F636E782E786D6C4D8B3B0E80201005AF42B6F75B59F0390B113044D83508C6E30BC6C26AF226F3B8BA6360974DA7271430F523308B2B198F9B80925DB700539227A2FCCB80A18E5640D320F996A81C9F32D6E9129A0D1EF74FCE
310
750E6D57BC7165FBCA07504B0304140006080800BC797D5ABDB9D07A4301000056050000300000006662782F36434339453144332D374132432D343439432D383839332D3430323436344644443046382F636E782E786D6CCD94414EC3301045AF125962993849150195E34A2C38010BC4CE71A6C1D4B1237B8CE8EDB14BDA
310
8250058B4AEDCE1A3F4BFFCF7C0F5B7D8C3A7B07E795352DA98A926460A4ED95195A12709DDF916CC599B316BF612433628496A432E16C70364C73A987B5083A55B5329BB928109DEA02822799D4C2FB9678F90AA3284440DB83DF14BD40515485036F839310DFA31A617E2F1D08849EF0BAAC9BBC5CE4F5FD53D52CABC5B2
310
B97D6134919C75D6EA995706C1D9E9A62EA58D4713E5948C2680B3E0D44C250F841FB5159D328CC67BCE7CD46B8699C3ED94B869D24A0A8C8DA25622601E211023A35F30673439FEE1FBF1E1F9A8219E7AE540A275DB8BB5A13AD58683B42226E27F5DD8817F99B7DD5BB47CB9B99F343C0B3B9BDD7D727D8CEEEF24C43C09
310
33E86BFC000769E7CF7F5C2CA8E4359ADE2B3B9367BA5B8171F06923F24F504B0304140006080800BC797D5AC7EE02F97E000000A30000000B0000006662782F636E782E786D6C4D8CD10AC22018465F45FE7BCB6DB214D411DADE63343724A761337AFC3476D1D50787EF1C317C368FDE36BD5C0C129A130164C33DCE2EAC
310
12F2BE6006685022C5B8FFDD008569B3122A0625D614F3F340B35DA6EC2BF52E3C0ED86BCD6F8DE9F0E5DA6A4C29D79831DE614A5ADAD3D11832B2629CAB52E6D72B5BF3EA0B504B0304140006080800BC797D5AA6D797065F0000008200000007000000636E782E786D6C4DCB3B0E80201045D1AD90E9FD7516806B511908
310
11670C8A61F982B1B0BAC9C97B72CA7B1037C6D3332918DA1E04D2CAC69353902EDB8C20262D23F3F59B81A079470595414B17391D1F19B4730A5583A7ED43BBE4025D9592775E5ADFFA01504B0304140006080800BC797D5AECFD112DA800000026010000130000005B436F6E74656E745F54797065735D2E786D6C7D4F4B
310
0EC22010BD0A61DF525D18634ABB506FE00510A79458060253536F2FD89D5197F3FED3F68B9BD80362B21E25DFD40D6780DADF2C1AC9671AAA3D677DD75E9E0112CB5A4C928F44E12044D22338956A1F003333F8E814E5331A1194BE2B0362DB343BA13D122055543278D79E6050F344ECBC6478EDCD76CE8EABAE5449AE42
310
98AC56946789C28AAFBEABC53F3EAF09A84A1441B91F0101CD4780756578C173A578FFDDBD00504B0304140006080800BC797D5A3DEE336E64000000790000001B0000006175746F6465736B2D64657369676E2D7061636B6167652E786D6C35CBC10E83200C00D05F21DCA56CA76D41FC96062B120735B69A7DBE268BB777
310
7961F8D5AF396893C2ADB70FE7ADA196782C2DF776D7A97B5933C430F15651E5469C55D70F80A4992A3ADC954792C525AE70A1E4D6AD9816CC044FEFDF01FE3FDE907802504B0304140006080800BC797D5AFC696ED7F40000008E0100003D0000006662782F36434339453144332D374132432D343439432D383839332D34
310
30323436344644443046382F7265736F75726365732F322F636F72652E786D6C8550CB6E833010FC15B47703C65048641C1151BEA0A7DE2CE3502BC1467E54FDFCDA814AEDA9A75DCDCECCEE0EBD7CAD8FEC535AA78CEE01E72564520B332BBDF410FC0D75905D18B5C6F85F34C8345F650F090646176BC27640C2682F7542
310
B599E50172E7A4874C3C62D383131F72E5390F3E32DC3DDFB8B8F345E638DF798C86A0E643AAE6E8A66E4A5A60A41EC601B713C20319503DE21A9DF0744523B94E5DFBF23A5553478B2466D4ABF567BBB0927B3903ABCAAA412541D5E90D37674CCE4DFB4E8BC464D4791B7F3E96A6EF229D163BFAC72D6CF3FF6E41694FAA
310
C36D573860381EF71C305AA474627946176B4A927D03504B0304140006080800BC797D5AF9B56F21F9000000960100003B0000006662782F36434339453144332D374132432D343439432D383839332D3430323436344644443046382F7265736F75726365732F636F72652E786D6C8550CB6E84300CFC15E47B80F0E83E14
310
B26245F9829E7A8B829746BB24288FAA9FDF64A1527BEAC9D678666C0FBB7C2D8FEC13AD53467740F31232D4D24C4ACF1D047F2347C82E9C5963FC2F1A645A2CD8418281B3D99AB0EE9034DAA34EA83613EEA0700E3D64F2119B0E9CFCC045E422F8C870F77C15F22E66CC69BEF1380B414DBB544DD14DDD145AE075D30F3D
310
3D8C84F6754F9A8136E444C72B19EAEB783CBCBC8ED57864451273E6D5F2B35D5A141E27E05559B5A4AC49757AA3ED99D6E7F6F0CE8AC4E4CC791B7FDE97A6EF805B742658898E15DBF48F6B58A7FF5D83D2BEAE76D74DE180D378E473C05991528AE51961AC2951FE0D504B0304140006080800BC797D5AC334EE8CF30000
310
00B1010000310000006662782F36434339453144332D374132432D343439432D383839332D3430323436344644443046382F636F72652E786D6C8D50CB6E833010FC15B47703369040641C55D07C414FBD59C62156828DFCA8FAF9B50395DA5B4E6BCDCE7866879EBF9747F625AD5346F780F31232A98599949E7B08FE8A5A
310
C8CE8C5A63FC1F1A649A2FB2870403A3B33561DD2161B4973AA1DA4C7207B973D243261EF1D1831337B9F09C071F19EE9EAF5CDCF92C739C6F3C46BD5A7EA5C24AEEE5048C94A441658548F7819B13AE4ECDF1931689C968086ADAADD414DDD555490BEC300CDD3B1E2B747C2303AAEB6E406DDB55A82E497DA82FE3585E5A
310
5A2431A3CEDB78F3FE49BAEE55F926FC9739ACD30B9995F615D90D37850386639EE782D1221518C7B3DD3853D9EC07504B0304140006080800BC797D5AC396ACC154010000DD0200000C0000006662782F636F72652E786D6C8D52DB8E832014FC15C33B2A6AB797208D4DD72FD8A77DA3485D52058360FAF90B5EE2FAB0DD
310
8D099239E7CC9C9980CFCFB60906AE7BA1640E501883804BA62A21EB1C58738707109C09D64A991F6D2090B4E539F03020B8D6CA7633C494345C7A54AA8ACF20ED7B6E40C01A77C941CFBE784B436A8DEBE81F6147D983D63C44E1D447B0B5A29A4745E5D8C45D700D489A15D702ED4B888AB480D91565F088CA0BBCA697F2
310
B07F7B2F93F280233F4CB011EDA2CE34A78657802471B283710A93E307DA9D507ADAED3F71E43B09EE8D769E6751EF0E90FBED89A309DFF0D9AEFA9BCF0A69D264E69B267A40905B6F2C101CF97CDC6F0C6F9BA11376F9197A6B160B0F070D9C19A53357A9945D4B036D2C77D471307E389AAA8E7924F88D2779C1F39AC305
310
4565ED56A3C65D6FD678F5ED4E1DD77030CF402ADDD2665D6E5A713D57A18DA5659CA946E9FF4C2F56973023FF30C937504B0304140006080800BC797D5AF34D330408010000B201000008000000636F72652E786D6C8D50C16E842014FC15F2EEA8885677836CDC58BFA0A7DEA8B02E590523B869FFBEB06B93F6D6D32333
310
F3DE0CC34E9FF384EE6A75DA9A064892015266B0529BB181CD5F700DE8C4D96AADFF250364C4AC1A88307036AE765B7668B0C62B135163A5DA41E19CF28086293C1A70C355CD22119B0F0A774B1631DCC4A812923C759C793DFFAC0EAB125E49E079969738A3383FBC91F248E8B1ACDE591A959C6D9B96BB9596C15D5FB45A
310
81D3A2ED5A52F598B4B4C545470A7C20FD1977F4DCD7D5CB6B9FF7354BE33267CEAFE1CFFB9190D32327EED197A54F8AB30F6BA75D10424964CDF4053C636924FE84DE16F98FD0DA789AEF079F1B0E3809811E44308E0D86F1A837CCD836FF06504B01021400140006080800BC797D5A000000000000000000000000370000
310
0000000000000000000000000000006662782F36434339453144332D374132432D343439432D383839332D3430323436344644443046382F617474726962757465732E62696E504B01021400140006080800BC797D5A0000000000000000000000003500000000000000000000000000550000006662782F36434339453144
310
332D374132432D343439432D383839332D3430323436344644443046382F76657274696365732E62696E504B01021400140006080800BC797D5AF270F13306000000040000003600000000000000000000000000A80000006662782F36434339453144332D374132432D343439432D383839332D3430323436344644443046
310
382F747269616E676C65732E62696E504B01021400140006080800BC797D5AB5A795FFE3790000DE7900004200000000000000000000000000020100006662782F36434339453144332D374132432D343439432D383839332D3430323436344644443046382F7265736F75726365732F322F305F67656E657269632E706E67
310
504B01021400140006080800BC797D5A51464CB489000000430100003600000000000000000000000000457B00006662782F36434339453144332D374132432D343439432D383839332D3430323436344644443046382F6469726563746F72792E786D6C504B01021400140006080800BC797D5A1F5BE43697070000571E00
310
003400000000000000000000000000227C00006662782F36434339453144332D374132432D343439432D383839332D3430323436344644443046382F6F626A656374732E786D6C504B01021400140006080800BC797D5A938F632BE2000000550100003C000000000000000000000000000B8400006662782F364343394531
310
44332D374132432D343439432D383839332D3430323436344644443046382F7265736F75726365732F322F636E782E786D6C504B01021400140006080800BC797D5AFF15A4A45D000000800000003A00000000000000000000000000478500006662782F36434339453144332D374132432D343439432D383839332D343032
310
3436344644443046382F7265736F75726365732F636E782E786D6C504B01021400140006080800BC797D5ABDB9D07A43010000560500003000000000000000000000000000FC8500006662782F36434339453144332D374132432D343439432D383839332D3430323436344644443046382F636E782E786D6C504B01021400
310
140006080800BC797D5AC7EE02F97E000000A30000000B000000000000000000000000008D8700006662782F636E782E786D6C504B01021400140006080800BC797D5AA6D797065F00000082000000070000000000000000000000000034880000636E782E786D6C504B01021400140006080800BC797D5AECFD112DA80000
310
00260100001300000000000000000000000000B88800005B436F6E74656E745F54797065735D2E786D6C504B01021400140006080800BC797D5A3DEE336E64000000790000001B00000000000000000000000000918900006175746F6465736B2D64657369676E2D7061636B6167652E786D6C504B01021400140006080800
310
BC797D5AFC696ED7F40000008E0100003D000000000000000000000000002E8A00006662782F36434339453144332D374132432D343439432D383839332D3430323436344644443046382F7265736F75726365732F322F636F72652E786D6C504B01021400140006080800BC797D5AF9B56F21F9000000960100003B000000
310
000000000000000000007D8B00006662782F36434339453144332D374132432D343439432D383839332D3430323436344644443046382F7265736F75726365732F636F72652E786D6C504B01021400140006080800BC797D5AC334EE8CF3000000B10100003100000000000000000000000000CF8C00006662782F36434339
310
453144332D374132432D343439432D383839332D3430323436344644443046382F636F72652E786D6C504B01021400140006080800BC797D5AC396ACC154010000DD0200000C00000000000000000000000000118E00006662782F636F72652E786D6C504B01021400140006080800BC797D5AF34D330408010000B2010000
310
08000000000000000000000000008F8F0000636F72652E786D6C504B050600000000120012002D060000BD9000000000
  0
XRECORD
  5
7F
102
{ACAD_REACTORS
330
7B
102
}
330
7B
100
AcDbXrecord
280
     1
270
     1
271
     1
  0
XRECORD
  5
81
102
{ACAD_REACTORS
330
7B
102
}
330
7B
100
AcDbXrecord
280
     1
270
     1
271
     1
  0
XRECORD
  5
82
102
{ACAD_REACTORS
330
7B
102
}
330
7B
100
AcDbXrecord
280
     1
270
     1
271
     1
  0
XRECORD
  5
80
102
{ACAD_REACTORS
330
7B
102
}
330
7B
100
AcDbXrecord
280
     1
270
     1
271
     1
  0
XRECORD
  5
12A
102
{ACAD_REACTORS
330
129
102
}
330
129
100
AcDbXrecord
280
     1
102
DISPLAYNAME
  1
Imperial24
102
FLAGS
 90
        0
  0
CELLSTYLEMAP
  5
127
102
{ACAD_REACTORS
330
126
102
}
330
126
100
AcDbCellStyleMap
 90
        3
300
CELLSTYLE
  1
TABLEFORMAT_BEGIN
 90
        5
170
     1
 91
        0
 92
    32768
 62
   257
 93
        1
300
CONTENTFORMAT
  1
CONTENTFORMAT_BEGIN
 90
        0
 91
        0
 92
      512
 93
        0
300

 40
0.0
140
1.0
 94
        5
 62
     0
340
55
144
0.25
309
CONTENTFORMAT_END
171
     0
 94
        0
309
TABLEFORMAT_END
  1
CELLSTYLE_BEGIN
 90
        1
 91
        1
300
_TITLE
309
CELLSTYLE_END
300
CELLSTYLE
  1
TABLEFORMAT_BEGIN
 90
        5
170
     1
 91
        0
 92
        0
 62
   257
 93
        1
300
CONTENTFORMAT
  1
CONTENTFORMAT_BEGIN
 90
        0
 91
        0
 92
      512
 93
        0
300

 40
0.0
140
1.0
 94
        5
 62
     0
340
55
144
0.18
309
CONTENTFORMAT_END
171
     0
 94
        0
309
TABLEFORMAT_END
  1
CELLSTYLE_BEGIN
 90
        2
 91
        1
300
_HEADER
309
CELLSTYLE_END
300
CELLSTYLE
  1
TABLEFORMAT_BEGIN
 90
        5
170
     1
 91
        0
 92
        0
 62
   257
 93
        1
300
CONTENTFORMAT
  1
CONTENTFORMAT_BEGIN
 90
        0
 91
        0
 92
      512
 93
        0
300

 40
0.0
140
1.0
 94
        2
 62
     0
340
55
144
0.18
309
CONTENTFORMAT_END
171
     0
 94
        0
309
TABLEFORMAT_END
  1
CELLSTYLE_BEGIN
 90
        3
 91
        2
300
_DATA
309
CELLSTYLE_END
  0
ENDSEC
  0
SECTION
  2
ACDSDATA
 70
     2
 71
     8
  0
ACDSSCHEMA
 90
        0
  1
AcDb3DSolid_ASM_Data
  2
AcDbDs::ID
280
    10
 91
        8
  2
ASM_Data
280
    15
 91
        0
101
ACDSRECORD
 95
        0
 90
        1
  2
AcDbDs::TreatedAsObjectData
280
     1
291
     1
101
ACDSRECORD
 95
        0
 90
        2
  2
AcDbDs::Legacy
280
     1
291
     1
101
ACDSRECORD
  1
AcDbDs::ID
 90
        3
  2
AcDs:Indexable
280
     1
291
     1
101
ACDSRECORD
  1
AcDbDs::ID
 90
        4
  2
AcDbDs::HandleAttribute
280
     7
282
     1
  0
ACDSSCHEMA
 90
        1
  1
AcDbDs::TreatedAsObjectDataSchema
  2
AcDbDs::TreatedAsObjectData
280
     1
 91
        0
  0
ACDSSCHEMA
 90
        2
  1
AcDbDs::LegacySchema
  2
AcDbDs::Legacy
280
     1
 91
        0
  0
ACDSSCHEMA
 90
        3
  1
AcDbDs::IndexedPropertySchema
  2
AcDs:Indexable
280
     1
 91
        0
  0
ACDSSCHEMA
 90
        4
  1
AcDbDs::HandleAttributeSchema
  2
AcDbDs::HandleAttribute
280
     7
 91
        1
284
     1
  0
ACDSRECORD
 90
        0
  2
AcDbDs::ID
280
    10
320
84
  2
ASM_Data
280
    15
 94
    93069
310
414349532042696E61727946696C652855000000000000020000000C00000007104175746F6465736B204175746F434144071441534D203233312E302E302E3635353335204E540718536174204D61722032392031353A31333A35372032303235066666666666663940068DEDB5A0F7C6B03E06BBBDD7D9DF7CDB3D0D0961
310
736D6865616465720CFFFFFFFF04FFFFFFFF070D3233312E302E302E3635353335110D04626F64790C0200000004FFFFFFFF0CFFFFFFFF0C030000000CFFFFFFFF0C04000000110E0D4154545249425F435553544F4D0D066174747269620CFFFFFFFF04FFFFFFFF0C050000000CFFFFFFFF0C01000000071454696D657374
310
616D705F6174747269625F6465660401000000065CDB4466F2C51843110D046C756D700CFFFFFFFF04FFFFFFFF0CFFFFFFFF0CFFFFFFFF0C060000000C01000000110D097472616E73666F726D0CFFFFFFFF04FFFFFFFF14000000000000F03F00000000000000000000000000000000140000000000000000000000000000
310
F03F00000000000000001400000000000000000000000000000000000000000000F03F1400000000000000000000000000000000000000000000000006000000000000F03F0B0B0B110E0D4154545249425F435553544F4D0D066174747269620CFFFFFFFF04FFFFFFFF0CFFFFFFFF0C020000000C01000000071667656E65
310
7269635F7461675F6174747269625F6465660403000000040300000004FFFFFFFF071767656E657269635F7461675F6174747269625F64656620040600000004030000000703333138040B00000004000000000400000000040300000007033332340407000000040000000004000000000403000000070333333604070000
310
0004000000000400000000040300000007033334350407000000040000000004000000000403000000070333343704070000000400000000040000000004030000000703333639041300000004000000000400000000110D057368656C6C0CFFFFFFFF04FFFFFFFF0CFFFFFFFF0CFFFFFFFF0CFFFFFFFF0C070000000CFFFF
310
FFFF0C03000000110D04666163650C0800000004FFFFFFFF0CFFFFFFFF0C090000000C0A0000000C060000000CFFFFFFFF0C0B0000000B0B110E0D4154545249425F435553544F4D0D066174747269620CFFFFFFFF04FFFFFFFF0CFFFFFFFF0CFFFFFFFF0C07000000071667656E657269635F7461675F6174747269625F64
310
65660403000000040300000004FFFFFFFF071767656E657269635F7461675F6174747269625F6465662004010000000402000000070231370400000000040100000004710100000400000000110D04666163650C0C00000004FFFFFFFF0CFFFFFFFF0C0D0000000C0E0000000C060000000CFFFFFFFF0C0F0000000B0B110D
310
046C6F6F700CFFFFFFFF04FFFFFFFF0CFFFFFFFF0CFFFFFFFF0C100000000C07000000110E04636F6E650D07737572666163650CFFFFFFFF04FFFFFFFF0CFFFFFFFF134C78BAAEB585F13F6666666666E639C000000000000000001400000000000000000000000000000000000000000000F0BF14F2FFFFFFFFFFEFBF0000
310
000000000000000000000000000006000000000000F03F0B0B06000000000000000006000000000000F0BF06F2FFFFFFFFFFEF3F0B0B0B0B0B110E0D4154545249425F435553544F4D0D066174747269620CFFFFFFFF04FFFFFFFF0CFFFFFFFF0CFFFFFFFF0C09000000071667656E657269635F7461675F6174747269625F
310
6465660403000000040300000004FFFFFFFF071767656E657269635F7461675F6174747269625F6465662004010000000402000000070231380400000000040100000004710100000400000000110D04666163650C1100000004FFFFFFFF0CFFFFFFFF0C120000000C130000000C060000000CFFFFFFFF0C140000000B0B11
310
0D046C6F6F700CFFFFFFFF04FFFFFFFF0CFFFFFFFF0CFFFFFFFF0C150000000C09000000110E05706C616E650D07737572666163650CFFFFFFFF04FFFFFFFF0CFFFFFFFF133085A7EB5A5BB83F909999999999F1BF000000000000000014000000000000F03F00000000000000800000000000000000140000000000000080
310
000000000000F0BF00000000000000800B0B0B0B0B110D06636F656467650C1600000004FFFFFFFF0CFFFFFFFF0C170000000C180000000C190000000C1A0000000A0C0A00000004000000000CFFFFFFFF110E0D4154545249425F435553544F4D0D066174747269620CFFFFFFFF04FFFFFFFF0CFFFFFFFF0CFFFFFFFF0C0D
310
000000071667656E657269635F7461675F6174747269625F6465660403000000040300000004FFFFFFFF071767656E657269635F7461675F6174747269625F6465662004010000000402000000070231310400000000040100000004710100000400000000110D04666163650C1B00000004FFFFFFFF0CFFFFFFFF0C1C0000
310
000C1D0000000C060000000CFFFFFFFF0C1E0000000B0B110D046C6F6F700CFFFFFFFF04FFFFFFFF0CFFFFFFFF0CFFFFFFFF0C1F0000000C0D000000110E04636F6E650D07737572666163650CFFFFFFFF04FFFFFFFF0CFFFFFFFF134E78BAAEB585F13F949999999999F1BF00000000000000001400000000000000000000
310
000000000000000000000000F0BF140000000000000000F5FFFFFFFFFFEF3F000000000000000006000000000000F03F0B0B06000000000000000006000000000000F0BF06F5FFFFFFFFFFEF3F0B0B0B0B0B110D06636F656467650C2000000004FFFFFFFF0CFFFFFFFF0C210000000C220000000C230000000C240000000A
310
0C0E00000004000000000CFFFFFFFF110E0D4154545249425F435553544F4D0D066174747269620CFFFFFFFF04FFFFFFFF0CFFFFFFFF0CFFFFFFFF0C100000000711736B657463685F6174747269625F646566040100000004010000000403000000071634363120302034323934393637323935203020312031110D06636F
310
656467650CFFFFFFFF04FFFFFFFF0CFFFFFFFF0C250000000C100000000C260000000C270000000B0C0A00000004000000000CFFFFFFFF110D06636F656467650CFFFFFFFF04FFFFFFFF0CFFFFFFFF0C100000000C250000000C210000000C280000000A0C0A00000004000000000CFFFFFFFF110D06636F656467650CFFFF
310
FFFF04FFFFFFFF0CFFFFFFFF0C230000000C290000000C100000000C1A0000000B0C2A00000004000000000CFFFFFFFF110D04656467650CFFFFFFFF04FFFFFFFF0CFFFFFFFF0C2B00000006182D4454FB21F9BF0C2C0000000600000000000000000C190000000C2D0000000B0707756E6B6E6F776E110E0D415454524942
310
5F435553544F4D0D066174747269620CFFFFFFFF04FFFFFFFF0CFFFFFFFF0CFFFFFFFF0C12000000071667656E657269635F7461675F6174747269625F6465660403000000040300000004FFFFFFFF071767656E657269635F7461675F6174747269625F646566200401000000040100000007013404000000000401000000
310
04710100000400000000110D04666163650C2E00000004FFFFFFFF0CFFFFFFFF0C2F0000000C300000000C060000000CFFFFFFFF0C310000000B0B110D046C6F6F700CFFFFFFFF04FFFFFFFF0CFFFFFFFF0CFFFFFFFF0C320000000C12000000110E05706C616E650D07737572666163650CFFFFFFFF04FFFFFFFF0CFFFFFF
310
FF13869999999999A93F1BAD06FF2D0E3AC0000000000000000014000000000000F0BF00000000000000000000000000000000140000000000000000000000000000F03F00000000000000000B0B0B0B0B110D06636F656467650C3300000004FFFFFFFF0CFFFFFFFF0C340000000C350000000C360000000C370000000A0C
310
1300000004000000000CFFFFFFFF110E0D4154545249425F435553544F4D0D066174747269620CFFFFFFFF04FFFFFFFF0CFFFFFFFF0CFFFFFFFF0C150000000711736B657463685F6174747269625F646566040100000004010000000403000000071634353520302034323934393637323935203020312031110D06636F65
310
6467650CFFFFFFFF04FFFFFFFF0CFFFFFFFF0C380000000C150000000C180000000C280000000B0C0E00000004000000000CFFFFFFFF110D06636F656467650CFFFFFFFF04FFFFFFFF0CFFFFFFFF0C150000000C380000000C340000000C390000000A0C0E00000004000000000CFFFFFFFF110D06636F656467650CFFFFFF
310
FF04FFFFFFFF0CFFFFFFFF0C360000000C190000000C150000000C240000000B0C2A00000004000000000CFFFFFFFF110D04656467650CFFFFFFFF04FFFFFFFF0CFFFFFFFF0C2C0000000699999999999932C00C3A00000006CECCCCCCCCCC18400C230000000C3B0000000B0707756E6B6E6F776E110D06636F656467650C
310
FFFFFFFF04FFFFFFFF0CFFFFFFFF0C180000000C170000000C3C0000000C3D0000000A0C0A00000004000000000CFFFFFFFF110D06636F656467650CFFFFFFFF04FFFFFFFF0CFFFFFFFF0C3E0000000C3F0000000C170000000C270000000A0C4000000004000000000CFFFFFFFF110D04656467650CFFFFFFFF04FFFFFFFF
310
0CFFFFFFFF0C2B0000000600000000000000000C4100000006000000000000F03F0C170000000C420000000B070774616E67656E74110D04656467650CFFFFFFFF04FFFFFFFF0CFFFFFFFF0C2C0000000600000000000000000C4300000006000000000000F03F0C210000000C440000000B070774616E67656E74110D0663
310
6F656467650CFFFFFFFF04FFFFFFFF0CFFFFFFFF0C190000000C450000000C3E0000000C460000000B0C2A00000004000000000CFFFFFFFF110D046C6F6F700CFFFFFFFF04FFFFFFFF0CFFFFFFFF0CFFFFFFFF0C290000000C47000000110D067665727465780CFFFFFFFF04FFFFFFFF0CFFFFFFFF0C460000000401000000
310
0C48000000110D067665727465780CFFFFFFFF04FFFFFFFF0CFFFFFFFF0C1A00000004010000000C49000000110E07656C6C697073650D0563757276650CFFFFFFFF04FFFFFFFF0CFFFFFFFF134C78BAAEB585F13F6666666666E639C000000000000000001400000000000000800000000000000000000000000000F0BF14
310
F2FFFFFFFFFFEFBF0000000000000000000000000000000006000000000000F03F0B0B110E0D4154545249425F435553544F4D0D066174747269620CFFFFFFFF04FFFFFFFF0CFFFFFFFF0CFFFFFFFF0C1C000000071667656E657269635F7461675F6174747269625F6465660403000000040300000004FFFFFFFF07176765
310
6E657269635F7461675F6174747269625F64656620040100000004010000000701350400000000040100000004710100000400000000110D04666163650C4A00000004FFFFFFFF0CFFFFFFFF0C4B0000000C4C0000000C060000000CFFFFFFFF0C4D0000000B0B110D046C6F6F700CFFFFFFFF04FFFFFFFF0CFFFFFFFF0CFF
310
FFFFFF0C4E0000000C1C000000110E04636F6E650D07737572666163650CFFFFFFFF04FFFFFFFF0CFFFFFFFF134C78BAAEB585F13FD4D698A366E439C000000000000000001400000000000000000000000000000000000000000000F0BF1480ABEDE1E8B8F0BF8023EBB6ADE3C4BF000000000000000006000000000000F0
310
3F0B0B06000000000000000006000000000000F03F06F3C5A5F9C8ECF03F0B0B0B0B0B110D06636F656467650C4F00000004FFFFFFFF0CFFFFFFFF0C500000000C510000000C520000000C530000000A0C1D00000004000000000CFFFFFFFF110E0D4154545249425F435553544F4D0D066174747269620CFFFFFFFF04FFFF
310
FFFF0CFFFFFFFF0CFFFFFFFF0C1F0000000711736B657463685F6174747269625F646566040100000004010000000403000000071634353720302034323934393637323935203020312031110D06636F656467650CFFFFFFFF04FFFFFFFF0CFFFFFFFF0C540000000C1F0000000C220000000C390000000B0C130000000400
310
0000000CFFFFFFFF110D06636F656467650CFFFFFFFF04FFFFFFFF0CFFFFFFFF0C1F0000000C540000000C550000000C560000000A0C1300000004000000000CFFFFFFFF110D06636F656467650CFFFFFFFF04FFFFFFFF0CFFFFFFFF0C570000000C230000000C1F0000000C370000000B0C2A00000004000000000CFFFFFF
310
FF110D04656467650CFFFFFFFF04FFFFFFFF0CFFFFFFFF0C3A00000006182D4454FB21F9BF0C580000000600000000000000000C360000000C590000000B0707756E6B6E6F776E110D06636F656467650CFFFFFFFF04FFFFFFFF0CFFFFFFFF0C220000000C210000000C5A0000000C5B0000000A0C0E00000004000000000C
310
FFFFFFFF110D04656467650CFFFFFFFF04FFFFFFFF0CFFFFFFFF0C3A0000000600000000000000000C5C00000006000000000000F03F0C340000000C5D0000000B070774616E67656E74110D067665727465780CFFFFFFFF04FFFFFFFF0CFFFFFFFF0C2400000004010000000C5E000000110E0873747261696768740D0563
310
757276650CFFFFFFFF04FFFFFFFF0CFFFFFFFF130085A7EB5A5BB83F3333333333331DC00000000000000000140000000000000000000000000000F03F00000000000000000B0B110D06636F656467650CFFFFFFFF04FFFFFFFF0CFFFFFFFF0C5F0000000C5A0000000C250000000C3D0000000B0C6000000004000000000C
310
FFFFFFFF110D04656467650CFFFFFFFF04FFFFFFFF0CFFFFFFFF0C430000000600000000000000000C4100000006182D4454FB21F93F0C250000000C610000000B0707756E6B6E6F776E110D06636F656467650C6200000004FFFFFFFF0CFFFFFFFF0C630000000C260000000C290000000C460000000A0C40000000040000
310
00000CFFFFFFFF110D06636F656467650CFFFFFFFF04FFFFFFFF0CFFFFFFFF0C260000000C640000000C5F0000000C650000000A0C4000000004000000000CFFFFFFFF110D046C6F6F700CFFFFFFFF04FFFFFFFF0CFFFFFFFF0CFFFFFFFF0C630000000C66000000110D067665727465780CFFFFFFFF04FFFFFFFF0CFFFFFF
310
FF0C2700000004010000000C67000000110E0873747261696768740D0563757276650CFFFFFFFF04FFFFFFFF0CFFFFFFFF134C78BAAEB585F13F6666666666E63AC000000000000000001400000000000000000000000000000000000000000000F0BF0B0B110D067665727465780CFFFFFFFF04FFFFFFFF0CFFFFFFFF0C28
310
00000004010000000C68000000110E0873747261696768740D0563757276650CFFFFFFFF04FFFFFFFF0CFFFFFFFF133085A7EB5A5BB83F6666666666E639C000000000000000001400000000000000000000000000000000000000000000F0BF0B0B110D06636F656467650CFFFFFFFF04FFFFFFFF0CFFFFFFFF0C29000000
310
0C690000000C6A0000000C6B0000000B0C2A00000004000000000CFFFFFFFF110D04656467650CFFFFFFFF04FFFFFFFF0CFFFFFFFF0C6C00000006A6E8704F50CA1B400C2B00000006F7B0284A49CF1B400C290000000C6D0000000B0707756E6B6E6F776E110D04666163650C6E00000004FFFFFFFF0CFFFFFFFF0C6F0000
310
000C2A0000000C060000000CFFFFFFFF0C700000000A0B110D05706F696E740CFFFFFFFF04FFFFFFFF0CFFFFFFFF134C78BAAEB585F13F6666666666E63AC00000000000000000110D05706F696E740CFFFFFFFF04FFFFFFFF0CFFFFFFFF133085A7EB5A5BB83F6666666666E639C00000000000000000110E0D4154545249
310
425F435553544F4D0D066174747269620CFFFFFFFF04FFFFFFFF0CFFFFFFFF0CFFFFFFFF0C2F000000071667656E657269635F7461675F6174747269625F6465660403000000040300000004FFFFFFFF071767656E657269635F7461675F6174747269625F6465662004010000000401000000070136040000000004010000
310
0004710100000400000000110D04666163650C7100000004FFFFFFFF0CFFFFFFFF0C720000000C730000000C060000000CFFFFFFFF0C740000000B0B110D046C6F6F700CFFFFFFFF04FFFFFFFF0CFFFFFFFF0CFFFFFFFF0C750000000C2F000000110E05706C616E650D07737572666163650CFFFFFFFF04FFFFFFFF0CFFFF
310
FFFF135374B82728E53C403333333333F33AC00000000000000000140000000000000080000000000000F0BF000000000000008014000000000000F0BF000000000000000000000000000000000B0B0B0B0B110D06636F656467650C7600000004FFFFFFFF0CFFFFFFFF0C770000000C780000000C790000000C7A0000000A
310
0C3000000004000000000CFFFFFFFF110E0D4154545249425F435553544F4D0D066174747269620CFFFFFFFF04FFFFFFFF0CFFFFFFFF0CFFFFFFFF0C320000000711736B657463685F6174747269625F646566040100000004010000000403000000070D34363720302031203020312031110D06636F656467650CFFFFFFFF
310
04FFFFFFFF0CFFFFFFFF0C7B0000000C320000000C7C0000000C7D0000000B0C1D00000004000000000CFFFFFFFF110D06636F656467650CFFFFFFFF04FFFFFFFF0CFFFFFFFF0C320000000C7B0000000C770000000C7E0000000A0C1D00000004000000000CFFFFFFFF110D06636F656467650CFFFFFFFF04FFFFFFFF0CFF
310
FFFFFF0C790000000C7F0000000C320000000C530000000B0C8000000004000000000CFFFFFFFF110D04656467650CFFFFFFFF04FFFFFFFF0CFFFFFFFF0C8100000006407649CDB58532C00C8200000006345A0DFE5B1C19400C520000000C830000000B0707756E6B6E6F776E110D06636F656467650CFFFFFFFF04FFFFFF
310
FF0CFFFFFFFF0C350000000C340000000C840000000C850000000A0C1300000004000000000CFFFFFFFF110D06636F656467650CFFFFFFFF04FFFFFFFF0CFFFFFFFF0C860000000C870000000C350000000C560000000B0C8800000004000000000CFFFFFFFF110D04656467650CFFFFFFFF04FFFFFFFF0CFFFFFFFF0C5800
310
00000600000000000000000C8900000006000000000000F03F0C350000000C8A0000000B070774616E67656E74110D06636F656467650CFFFFFFFF04FFFFFFFF0CFFFFFFFF0C8B0000000C360000000C870000000C8C0000000B0C2A00000004000000000CFFFFFFFF110D067665727465780CFFFFFFFF04FFFFFFFF0CFFFF
310
FFFF0C8C00000004000000000C8D000000110E07656C6C697073650D0563757276650CFFFFFFFF04FFFFFFFF0CFFFFFFFF134E78BAAEB585F13F949999999999F1BF00000000000000001400000000000000800000000000000000000000000000F0BF140000000000000000F5FFFFFFFFFFEF3F0000000000000000060000
310
00000000F03F0B0B110D06636F656467650CFFFFFFFF04FFFFFFFF0CFFFFFFFF0C3C0000000C840000000C380000000C5B0000000B0C6000000004000000000CFFFFFFFF110D04656467650CFFFFFFFF04FFFFFFFF0CFFFFFFFF0C5C00000006CDCCCCCCCCCC38C00C430000000600000000000000800C380000000C8E0000
310
000B0707756E6B6E6F776E110D067665727465780CFFFFFFFF04FFFFFFFF0CFFFFFFFF0C3900000004010000000C8F000000110E0873747261696768740D0563757276650CFFFFFFFF04FFFFFFFF0CFFFFFFFF133885A7EB5A5BB83F949999999999F1BF000000000000000014000000000000000000000000000000000000
310
00000000F0BF0B0B110D05706F696E740CFFFFFFFF04FFFFFFFF0CFFFFFFFF133885A7EB5A5BB83F949999999999F1BF0000000000000000110D06636F656467650CFFFFFFFF04FFFFFFFF0CFFFFFFFF0C900000000C3C0000000C3F0000000C650000000B0C6000000004000000000CFFFFFFFF110D046C6F6F700CFFFFFF
310
FF04FFFFFFFF0CFFFFFFFF0C910000000C840000000C92000000110E07656C6C697073650D0563757276650CFFFFFFFF04FFFFFFFF0CFFFFFFFF134C78BAAEB585F13F6666666666E639C0000000000000F0BF1400000000000000000000000000000000000000000000F03F14F2FFFFFFFFFFEFBF00000000000000000000
310
00000000000006000000000000F03F0B0B110E0D4154545249425F435553544F4D0D066174747269620CFFFFFFFF04FFFFFFFF0C930000000CFFFFFFFF0C3E0000000711736B657463685F6174747269625F646566040100000004010000000403000000071631373120302034323934393637323935203020312032110D06
310
636F656467650CFFFFFFFF04FFFFFFFF0CFFFFFFFF0C940000000C3E0000000C950000000C960000000B0C4000000004000000000CFFFFFFFF110D06636F656467650CFFFFFFFF04FFFFFFFF0CFFFFFFFF0C3F0000000C940000000C970000000C980000000B0C4000000004000000000CFFFFFFFF110D04656467650CFFFF
310
FFFF04FFFFFFFF0CFFFFFFFF0C4100000006CECCCCCCCCCC3BC00C9900000006004021DFEAE3733F0C3F0000000C9A0000000B0707756E6B6E6F776E110D04666163650C9B00000004FFFFFFFF0CFFFFFFFF0C9C0000000C400000000C060000000CFFFFFFFF0C9D0000000A0B110D05706F696E740CFFFFFFFF04FFFFFFFF
310
0CFFFFFFFF134C78BAAEB585F13F6666666666E63AC0000000000000F0BF110D05706F696E740CFFFFFFFF04FFFFFFFF0CFFFFFFFF133085A7EB5A5BB83F6666666666E639C0000000000000F0BF110D06636F656467650CFFFFFFFF04FFFFFFFF0CFFFFFFFF0C450000000C8B0000000C9E0000000C9F0000000B0C2A0000
310
0004000000000CFFFFFFFF110D06636F656467650CA000000004FFFFFFFF0CFFFFFFFF0CA10000000C950000000C450000000C6B0000000A0CA200000004000000000CFFFFFFFF110D04656467650CFFFFFFFF04FFFFFFFF0CFFFFFFFF0CA30000000600000000000000000C6C00000006182D4454FB21F93F0C450000000C
310
A40000000B0707756E6B6E6F776E110D067665727465780CFFFFFFFF04FFFFFFFF0CFFFFFFFF0C9600000004000000000CA5000000110E0873747261696768740D0563757276650CFFFFFFFF04FFFFFFFF0CFFFFFFFF1385A7EB5A5B1820406666666666E63AC0000000000000000014000000000000F0BF00000000000000
310
0000000000000000000B0B110E0D4154545249425F435553544F4D0D066174747269620CFFFFFFFF04FFFFFFFF0CFFFFFFFF0CFFFFFFFF0C47000000071667656E657269635F7461675F6174747269625F6465660403000000040300000004FFFFFFFF071767656E657269635F7461675F6174747269625F64656620040100
310
0000040100000007013104000000000401000000043E0100000400000000110D04666163650CA600000004FFFFFFFF0CFFFFFFFF0CA70000000CA80000000C060000000CFFFFFFFF0CA90000000A0B110E05706C616E650D07737572666163650CFFFFFFFF04FFFFFFFF0CFFFFFFFF130000000000002E400100000000002B
310
C000000000000000001400000000000000000000000000000080000000000000F03F14000000000000F03F000000000000000000000000000000800B0B0B0B0B110E0D4154545249425F435553544F4D0D066174747269620CFFFFFFFF04FFFFFFFF0CFFFFFFFF0CFFFFFFFF0C4B000000071667656E657269635F7461675F
310
6174747269625F6465660403000000040300000004FFFFFFFF071767656E657269635F7461675F6174747269625F64656620040100000004010000000701370400000000040100000004710100000400000000110D04666163650CAA00000004FFFFFFFF0CFFFFFFFF0CAB0000000CAC0000000C060000000CFFFFFFFF0CAD
310
0000000B0B110D046C6F6F700CFFFFFFFF04FFFFFFFF0CFFFFFFFF0CFFFFFFFF0CAE0000000C4B000000110E04636F6E650D07737572666163650CFFFFFFFF04FFFFFFFF0CFFFFFFFF135374B82728E53C40636D2D8A65E639C000000000000000001400000000000000000000000000000000000000000000F0BF14000000
310
0000000000005D5C90DACCF0BF000000000000000006000000000000F03F0B0B06000000000000000006000000000000F03F06005D5C90DACCF03F0B0B0B0B0B110D06636F656467650CAF00000004FFFFFFFF0CFFFFFFFF0CB00000000CB10000000CB20000000CB30000000A0C4C00000004000000000CFFFFFFFF110E0D
310
4154545249425F435553544F4D0D066174747269620CFFFFFFFF04FFFFFFFF0CFFFFFFFF0CFFFFFFFF0C4E0000000711736B657463685F6174747269625F646566040100000004010000000403000000070D34383420302030203020312031110D06636F656467650CFFFFFFFF04FFFFFFFF0CFFFFFFFF0CB40000000C4E00
310
00000C510000000C7E0000000B0C3000000004000000000CFFFFFFFF110D06636F656467650CFFFFFFFF04FFFFFFFF0CFFFFFFFF0C4E0000000CB40000000CB00000000CB50000000A0C3000000004000000000CFFFFFFFF110D06636F656467650CFFFFFFFF04FFFFFFFF0CFFFFFFFF0CB20000000C520000000C4E000000
310
0C7A0000000B0C8000000004000000000CFFFFFFFF110D04656467650CFFFFFFFF04FFFFFFFF0CFFFFFFFF0C820000000600000000000000000CB600000006C49529D684A7F63F0C790000000CB70000000B0707756E6B6E6F776E110D06636F656467650CFFFFFFFF04FFFFFFFF0CFFFFFFFF0C510000000C500000000CB8
310
0000000CB90000000A0C1D00000004000000000CFFFFFFFF110D06636F656467650CFFFFFFFF04FFFFFFFF0CFFFFFFFF0CBA0000000CBB0000000C500000000C7D0000000A0CBC00000004000000000CFFFFFFFF110D04656467650CFFFFFFFF04FFFFFFFF0CFFFFFFFF0C810000000600000000000000000CBD0000000600
310
0000000000F03F0C7C0000000CBE0000000B0707756E6B6E6F776E110D04656467650CFFFFFFFF04FFFFFFFF0CFFFFFFFF0C820000000600000000000000000CBF00000006000000000000F03F0C770000000CC00000000B0707756E6B6E6F776E110D06636F656467650CFFFFFFFF04FFFFFFFF0CFFFFFFFF0C520000000C
310
C10000000CBA0000000CC20000000B0C8000000004000000000CFFFFFFFF110D046C6F6F700CFFFFFFFF04FFFFFFFF0CFFFFFFFF0CC30000000C520000000CC4000000110D067665727465780CFFFFFFFF04FFFFFFFF0CFFFFFFFF0C5300000004000000000CC5000000110D067665727465780CFFFFFFFF04FFFFFFFF0CFF
310
FFFFFF0C5300000004010000000CC6000000110E0873747261696768740D0563757276650CFFFFFFFF04FFFFFFFF0CFFFFFFFF13009A99999999A93F8E5683FF16C733C00000000000000000140000000000000080000000000000F0BF00000000000000000B0B110D06636F656467650CFFFFFFFF04FFFFFFFF0CFFFFFFFF
310
0C5A0000000CC70000000C540000000C850000000B0C6000000004000000000CFFFFFFFF110D04656467650CFFFFFFFF04FFFFFFFF0CFFFFFFFF0C890000000600000000000000000C5C00000006182D4454FB21F93F0C540000000CC80000000B0707756E6B6E6F776E110D06636F656467650CFFFFFFFF04FFFFFFFF0CFF
310
FFFFFF0CC90000000C550000000CC70000000CCA0000000A0C8800000004000000000CFFFFFFFF110D06636F656467650CCB00000004FFFFFFFF0CFFFFFFFF0C550000000CCC0000000C570000000C8C0000000A0C8800000004000000000CFFFFFFFF110D046C6F6F700CFFFFFFFF04FFFFFFFF0CFFFFFFFF0CFFFFFFFF0C
310
CD0000000CCE000000110D067665727465780CFFFFFFFF04FFFFFFFF0CFFFFFFFF0C5600000004010000000CCF000000110E0873747261696768740D0563757276650CFFFFFFFF04FFFFFFFF0CFFFFFFFF134E78BAAEB585F13F989999999999B9BF0000000000000000140000000000000000000000000000000000000000
310
0000F0BF0B0B110D06636F656467650CFFFFFFFF04FFFFFFFF0CFFFFFFFF0C690000000C570000000CD00000000CD10000000B0C2A00000004000000000CFFFFFFFF110D04656467650CFFFFFFFF04FFFFFFFF0CFFFFFFFF0C5800000006AF8B47D8D7DA34C00CD2000000069B99999999D934C00C570000000CD30000000B
310
0707756E6B6E6F776E110D05706F696E740CFFFFFFFF04FFFFFFFF0CFFFFFFFF134E78BAAEB585F13F989999999999B9BF0000000000000000110E0873747261696768740D0563757276650CFFFFFFFF04FFFFFFFF0CFFFFFFFF133085A7EB5A5BB83F6666666666E639C0000000000000F0BF140000000000000080000000
310
000000F0BF00000000000000800B0B110D05706F696E740CFFFFFFFF04FFFFFFFF0CFFFFFFFF133885A7EB5A5BB83F949999999999F1BF000000000000F0BF110D06636F656467650CFFFFFFFF04FFFFFFFF0CFFFFFFFF0CD40000000C5F0000000CD50000000CD60000000B0C6000000004000000000CFFFFFFFF110D046C
310
6F6F700CFFFFFFFF04FFFFFFFF0CFFFFFFFF0CFFFFFFFF0CD70000000C92000000110D04666163650CD800000004FFFFFFFF0CFFFFFFFF0C470000000C600000000C060000000CFFFFFFFF0CD90000000A0B110E0D4154545249425F435553544F4D0D066174747269620CFFFFFFFF04FFFFFFFF0CDA0000000C620000000C
310
3E0000000711736B657463685F6174747269625F646566040100000004010000000403000000071631373120302034323934393637323935203020322032110D06636F656467650CFFFFFFFF04FFFFFFFF0CFFFFFFFF0C640000000C630000000CDB0000000CDC0000000B0C4000000004000000000CFFFFFFFF110D06636F
310
656467650CFFFFFFFF04FFFFFFFF0CFFFFFFFF0C6A0000000CDD0000000C630000000C960000000A0CA200000004000000000CFFFFFFFF110D04656467650CFFFFFFFF04FFFFFFFF0CFFFFFFFF0C6C0000000600000000000000000CDE000000069A99999999991B400C950000000CDF0000000B070774616E67656E74110D
310
06636F656467650CFFFFFFFF04FFFFFFFF0CFFFFFFFF0CE00000000CD50000000C640000000C980000000A0CE100000004000000000CFFFFFFFF110D04656467650CFFFFFFFF04FFFFFFFF0CFFFFFFFF0CE2000000069A99999999991BC00C9900000006000000000000F03F0C640000000CE30000000B070774616E67656E
310
74110D067665727465780CFFFFFFFF04FFFFFFFF0CFFFFFFFF0C9800000004010000000CE4000000110E0873747261696768740D0563757276650CFFFFFFFF04FFFFFFFF0CFFFFFFFF135374B82728E53C406666666666E63AC0000000000000F0BF14000000000000F03F000000000000000000000000000000000B0B110E
310
0D4154545249425F435553544F4D0D066174747269620CFFFFFFFF04FFFFFFFF0CFFFFFFFF0CFFFFFFFF0C66000000071667656E657269635F7461675F6174747269625F6465660403000000040300000004FFFFFFFF071767656E657269635F7461675F6174747269625F6465662004020000000402000000070231300400
310
0000000401000000044001000004000000000402000000070231360400000000040100000004710100000400000000110D04666163650CE500000004FFFFFFFF0CFFFFFFFF0CE60000000CA20000000C060000000CFFFFFFFF0CE70000000A0B110E05706C616E650D07737572666163650CFFFFFFFF04FFFFFFFF0CFFFFFF
310
FF13909999999999F13F6666666666E63AC00000000000000000140000000000000000000000000000F0BF000000000000000014000000000000F03F000000000000008000000000000000800B0B0B0B0B110D06636F656467650CE800000004FFFFFFFF0CFFFFFFFF0CE90000000CEA0000000C690000000C9F0000000A0C
310
EB00000004000000000CFFFFFFFF110D04656467650CFFFFFFFF04FFFFFFFF0CFFFFFFFF0CEC00000006CECCCCCCCCCC18C00CA30000000699999999999932400C690000000CED0000000B0707756E6B6E6F776E110E0D4154545249425F435553544F4D0D066174747269620CFFFFFFFF04FFFFFFFF0CFFFFFFFF0CFFFFFF
310
FF0C6A0000000711736B657463685F6174747269625F646566040100000004010000000403000000070D31393620302030203020312031110D06636F656467650CFFFFFFFF04FFFFFFFF0CFFFFFFFF0CDD0000000C6A0000000CEA0000000CEE0000000B0CA200000004000000000CFFFFFFFF110D046C6F6F700CFFFFFFFF
310
04FFFFFFFF0CFFFFFFFF0CFFFFFFFF0C6A0000000C9C000000110D067665727465780CFFFFFFFF04FFFFFFFF0CFFFFFFFF0C6B00000004000000000CEF000000110E07656C6C697073650D0563757276650CFFFFFFFF04FFFFFFFF0CFFFFFFFF13929999999999F13F6666666666E639C00000000000000000140000000000
310
0000000000000000000080000000000000F03F14F2FFFFFFFFFFEFBF0000000000000000000000000000000006000000000000F03F0B0B110D05706F696E740CFFFFFFFF04FFFFFFFF0CFFFFFFFF13929999999999F13F6666666666E63AC00000000000000000110E0D4154545249425F435553544F4D0D06617474726962
310
0CFFFFFFFF04FFFFFFFF0CFFFFFFFF0CFFFFFFFF0C6F000000071667656E657269635F7461675F6174747269625F6465660403000000040300000004FFFFFFFF071767656E657269635F7461675F6174747269625F64656620040100000004020000000702313404000000000401000000045D0100000400000000110D0466
310
6163650CF000000004FFFFFFFF0CFFFFFFFF0CF10000000CF20000000C060000000CFFFFFFFF0CF30000000A0B110D046C6F6F700CFFFFFFFF04FFFFFFFF0CFFFFFFFF0CFFFFFFFF0CF40000000C6F000000110E05706C616E650D07737572666163650CFFFFFFFF04FFFFFFFF0CFFFFFFFF1300B054CFBB7D1F400A5685C0
310
EB2220C0686666666666FE3F14000000000000F0BF00000000000000000000000000000000140000000000000080000000000000F0BF00000000000000800B0B0B0B0B110E0D4154545249425F435553544F4D0D066174747269620CFFFFFFFF04FFFFFFFF0CFFFFFFFF0CFFFFFFFF0C72000000071667656E657269635F74
310
61675F6174747269625F6465660403000000040300000004FFFFFFFF071767656E657269635F7461675F6174747269625F64656620040100000004010000000701380400000000040100000004710100000400000000110D04666163650CF500000004FFFFFFFF0CFFFFFFFF0CF60000000CF70000000C060000000CFFFFFF
310
FF0CF80000000B0B110D046C6F6F700CFFFFFFFF04FFFFFFFF0CFFFFFFFF0CFFFFFFFF0CF90000000C72000000110E05706C616E650D07737572666163650CFFFFFFFF04FFFFFFFF0CFFFFFFFF131F4185F4F4F13D409258AC250DAFF1BF000000000000000014000000000000F03F00000000000000000000000000000000
310
140000000000000000000000000000F0BF00000000000000000B0B0B0B0B110D06636F656467650CFA00000004FFFFFFFF0CFFFFFFFF0CFB0000000CFC0000000CFD0000000CFE0000000A0C7300000004000000000CFFFFFFFF110E0D4154545249425F435553544F4D0D066174747269620CFFFFFFFF04FFFFFFFF0CFFFF
310
FFFF0CFFFFFFFF0C750000000711736B657463685F6174747269625F646566040100000004010000000403000000070D34373020302031203020312031110D06636F656467650CFFFFFFFF04FFFFFFFF0CFFFFFFFF0CFF0000000C750000000C780000000CB50000000B0C4C00000004000000000CFFFFFFFF110D06636F65
310
6467650CFFFFFFFF04FFFFFFFF0CFFFFFFFF0C750000000CFF0000000CFB0000000C000100000A0C4C00000004000000000CFFFFFFFF110D06636F656467650CFFFFFFFF04FFFFFFFF0CFFFFFFFF0CFD0000000C790000000C750000000CB30000000B0C8000000004000000000CFFFFFFFF110D04656467650CFFFFFFFF04
310
FFFFFFFF0CFFFFFFFF0CB600000006A592F0B838DA34C00C0101000006A4E8704F50CA1B400CB20000000C020100000B0707756E6B6E6F776E110D06636F656467650CFFFFFFFF04FFFFFFFF0CFFFFFFFF0C780000000C770000000C030100000C040100000A0C3000000004000000000CFFFFFFFF110D04656467650CFFFF
310
FFFF04FFFFFFFF0CFFFFFFFF0CB60000000600000000000000000C0501000006000000000000F03F0CB00000000C060100000B070774616E67656E74110D067665727465780CFFFFFFFF04FFFFFFFF0CFFFFFFFF0C7A00000004010000000C07010000110E07656C6C697073650D0563757276650CFFFFFFFF04FFFFFFFF0C
310
FFFFFFFF134C78BAAEB585F13FD4D698A366E439C000000000000000001400000000000000000000000000000080000000000000F03F1480ABEDE1E8B8F0BF8023EBB6ADE3C4BF000000000000000006000000000000F03F0B0B110D06636F656467650CFFFFFFFF04FFFFFFFF0CFFFFFFFF0CD70000000C030100000C7B00
310
00000CB90000000B0C9100000004000000000CFFFFFFFF110D04656467650CFFFFFFFF04FFFFFFFF0CFFFFFFFF0CBF0000000600000000000000000CBD00000006CDCCCCCCCCCC38400C7B0000000C080100000B0707756E6B6E6F776E110D06636F656467650C0901000004FFFFFFFF0CFFFFFFFF0C0A0100000C7C000000
310
0C7F0000000CC20000000A0CBC00000004000000000CFFFFFFFF110D06636F656467650CFFFFFFFF04FFFFFFFF0CFFFFFFFF0C7C0000000C0A0100000CD70000000C0B0100000A0CBC00000004000000000CFFFFFFFF110D046C6F6F700CFFFFFFFF04FFFFFFFF0CFFFFFFFF0CFFFFFFFF0CBA0000000C0C010000110D0676
310
65727465780CFFFFFFFF04FFFFFFFF0CFFFFFFFF0C7D00000004010000000C0D010000110E0873747261696768740D0563757276650CFFFFFFFF04FFFFFFFF0CFFFFFFFF13809999999999A93FE4049E231316F4BF00000000000000001400000000000000000000000000000000000000000000F0BF0B0B110D0676657274
310
65780CFFFFFFFF04FFFFFFFF0CFFFFFFFF0C7E00000004010000000C0E010000110E0873747261696768740D0563757276650CFFFFFFFF04FFFFFFFF0CFFFFFFFF13809999999999A93F1BAD06FF2D0E3AC000000000000000001400000000000000000000000000000000000000000000F0BF0B0B110D06636F656467650C
310
FFFFFFFF04FFFFFFFF0CFFFFFFFF0C7F0000000C0F0100000C100100000C110100000B0C8000000004000000000CFFFFFFFF110D04656467650CFFFFFFFF04FFFFFFFF0CFFFFFFFF0C120100000600000000000000000C8100000006C1DF93683D75FB3F0C7F0000000C130100000B0707756E6B6E6F776E110D046C6F6F70
310
0CFFFFFFFF04FFFFFFFF0CFFFFFFFF0CFFFFFFFF0C140100000CC4000000110D04666163650C1501000004FFFFFFFF0CFFFFFFFF0CFFFFFFFF0C800000000C060000000CFFFFFFFF0C700000000A0B110D05706F696E740CFFFFFFFF04FFFFFFFF0CFFFFFFFF13809999999999A93FE4049E231316F4BF0000000000000000
310
110D05706F696E740CFFFFFFFF04FFFFFFFF0CFFFFFFFF13809999999999A93F1BAD06FF2D0E3AC00000000000000000110D06636F656467650CFFFFFFFF04FFFFFFFF0CFFFFFFFF0C840000000C160100000C860000000CCA0000000B0C6000000004000000000CFFFFFFFF110E07656C6C697073650D0563757276650CFF
310
FFFFFF04FFFFFFFF0CFFFFFFFF134E78BAAEB585F13F949999999999F1BF000000000000F0BF1400000000000000000000000000000000000000000000F03F140000000000000000F5FFFFFFFFFFEF3F000000000000000006000000000000F03F0B0B110D06636F656467650CFFFFFFFF04FFFFFFFF0CFFFFFFFF0C170100
310
000C860000000C180100000C190100000B0C8800000004000000000CFFFFFFFF110D04656467650CFFFFFFFF04FFFFFFFF0CFFFFFFFF0C1A01000006CECCCCCCCCCC3BC00C8900000006004021DFEAE3733F0C860000000C1B0100000B0707756E6B6E6F776E110E0D4154545249425F435553544F4D0D066174747269620C
310
FFFFFFFF04FFFFFFFF0C1C0100000CFFFFFFFF0C870000000711736B657463685F6174747269625F646566040100000004010000000403000000071631363920302034323934393637323935203020322032110D06636F656467650CFFFFFFFF04FFFFFFFF0CFFFFFFFF0C870000000C1D0100000C1E0100000C1F0100000A
310
0C8800000004000000000CFFFFFFFF110D06636F656467650CFFFFFFFF04FFFFFFFF0CFFFFFFFF0C1D0100000C170100000C200100000C210100000B0C8800000004000000000CFFFFFFFF110D04666163650C2201000004FFFFFFFF0CFFFFFFFF0C230100000C880000000C060000000CFFFFFFFF0C240100000A0B110D05
310
706F696E740CFFFFFFFF04FFFFFFFF0CFFFFFFFF134E78BAAEB585F13F989999999999B9BF000000000000F0BF110D06636F656467650C2501000004FFFFFFFF0CFFFFFFFF0C1E0100000C260100000C8B0000000CD10000000A0C2701000004000000000CFFFFFFFF110D04656467650CFFFFFFFF04FFFFFFFF0CFFFFFFFF
310
0CD20000000600000000000000000CEC00000006182D4454FB21F93F0C8B0000000C280100000B0707756E6B6E6F776E110D067665727465780CFFFFFFFF04FFFFFFFF0CFFFFFFFF0CD100000004000000000C29010000110E0873747261696768740D0563757276650CFFFFFFFF04FFFFFFFF0CFFFFFFFF133433333333F3
310
3540809999999999B9BF000000000000000014000000000000F03F000000000000000000000000000000000B0B110D06636F656467650CFFFFFFFF04FFFFFFFF0CFFFFFFFF0C160100000C900000000C2A0100000C2B0100000B0C6000000004000000000CFFFFFFFF110D06636F656467650CFFFFFFFF04FFFFFFFF0CFFFF
310
FFFF0C970000000C2C0100000C900000000CD60000000A0CE100000004000000000CFFFFFFFF110D04656467650CFFFFFFFF04FFFFFFFF0CFFFFFFFF0C990000000600000000000000000C2D01000006182D4454FB21F93F0CD50000000C2E0100000B0707756E6B6E6F776E110D06636F656467650CFFFFFFFF04FFFFFFFF
310
0CFFFFFFFF0C2F0100000CB80000000CBB0000000C0B0100000B0C9100000004000000000CFFFFFFFF110E0D4154545249425F435553544F4D0D066174747269620CFFFFFFFF04FFFFFFFF0CFFFFFFFF0CFFFFFFFF0C92000000071667656E657269635F7461675F6174747269625F6465660403000000040300000004FFFF
310
FFFF071767656E657269635F7461675F6174747269625F64656620040100000004010000000701320400000000040100000004710100000400000000110E05706C616E650D07737572666163650CFFFFFFFF04FFFFFFFF0CFFFFFFFF13D92C0E7AEAFB2D400000000000002BC0000000000000F0BF14000000000000000000
310
00000000000000000000000000F03F14000000000000F03F000000000000000000000000000000000B0B0B0B0B110E0D4154545249425F435553544F4D0D066174747269620CFFFFFFFF04FFFFFFFF0C300100000C930000000C3E0000000711736B657463685F6174747269625F6465660401000000040100000004030000
310
00071634363020302034323934393637323935203020312032110D06636F656467650CFFFFFFFF04FFFFFFFF0CFFFFFFFF0C310100000C320100000C940000000CDC0000000A0C3301000004000000000CFFFFFFFF110D04656467650CFFFFFFFF04FFFFFFFF0CFFFFFFFF0CDE00000006CECCCCCCCCCC3BC00CE200000006
310
00000000000000800C940000000C340100000B0707756E6B6E6F776E110D06636F656467650CFFFFFFFF04FFFFFFFF0CFFFFFFFF0C950000000CA10000000C310100000C350100000B0CA200000004000000000CFFFFFFFF110D067665727465780CFFFFFFFF04FFFFFFFF0CFFFFFFFF0C9600000004010000000C36010000
310
110E0873747261696768740D0563757276650CFFFFFFFF04FFFFFFFF0CFFFFFFFF13929999999999F13F6666666666E63AC000000000000000001400000000000000000000000000000000000000000000F03F0B0B110D06636F656467650CFFFFFFFF04FFFFFFFF0CFFFFFFFF0C2C0100000C970000000C320100000C3701
310
00000B0CE100000004000000000CFFFFFFFF110D046C6F6F700CFFFFFFFF04FFFFFFFF0CFFFFFFFF0CFFFFFFFF0C970000000C38010000110D067665727465780CFFFFFFFF04FFFFFFFF0CFFFFFFFF0C9800000004000000000C39010000110E0873747261696768740D0563757276650CFFFFFFFF04FFFFFFFF0CFFFFFFFF
310
136766666666E63C406666666666E63AC000000000000000001400000000000000000000000000000000000000000000F0BF0B0B110D05706F696E740CFFFFFFFF04FFFFFFFF0CFFFFFFFF136766666666E63C406666666666E63AC0000000000000F0BF110E0D4154545249425F435553544F4D0D066174747269620CFFFF
310
FFFF04FFFFFFFF0CFFFFFFFF0CFFFFFFFF0C9C000000071667656E657269635F7461675F6174747269625F6465660403000000040300000004FFFFFFFF071767656E657269635F7461675F6174747269625F64656620040100000004010000000701390400000000040100000004400100000400000000110D04666163650C
310
3A01000004FFFFFFFF0CFFFFFFFF0C3B0100000CEB0000000C060000000CFFFFFFFF0C3C0100000A0B110E04636F6E650D07737572666163650CFFFFFFFF04FFFFFFFF0CFFFFFFFF13929999999999F13F6666666666E639C000000000000000001400000000000000000000000000000000000000000000F03F14F2FFFFFF
310
FFFFEFBF0000000000000000000000000000000006000000000000F03F0B0B06000000000000000006000000000000F03F06F2FFFFFFFFFFEF3F0B0B0B0B0B110E0D4154545249425F435553544F4D0D066174747269620CFFFFFFFF04FFFFFFFF0CFFFFFFFF0CFFFFFFFF0C9E0000000711736B657463685F617474726962
310
5F646566040100000004010000000403000000070D31373220302031203020312031110D06636F656467650CFFFFFFFF04FFFFFFFF0CFFFFFFFF0C3D0100000C9E0000000C260100000C3E0100000B0CEB00000004000000000CFFFFFFFF110D06636F656467650CFFFFFFFF04FFFFFFFF0CFFFFFFFF0C9E0000000C3D0100
310
000CA10000000CEE0000000A0CEB00000004000000000CFFFFFFFF110D046C6F6F700CFFFFFFFF04FFFFFFFF0CFFFFFFFF0CFFFFFFFF0C9E0000000CE6000000110D067665727465780CFFFFFFFF04FFFFFFFF0CFFFFFFFF0C9F00000004000000000C3F010000110E0873747261696768740D0563757276650CFFFFFFFF04
310
FFFFFFFF0CFFFFFFFF13809999999999B93F3333333333331DC00000000000000000140000000000000080000000000000F0BF00000000000000000B0B110D04656467650CFFFFFFFF04FFFFFFFF0CFFFFFFFF0CA30000000600000000000000000C40010000069A99999999991B400CEA0000000C410100000B070774616E
310
67656E74110D05706F696E740CFFFFFFFF04FFFFFFFF0CFFFFFFFF13909999999999B93F6666666666E639C00000000000000000110E0D4154545249425F435553544F4D0D066174747269620CFFFFFFFF04FFFFFFFF0CFFFFFFFF0CFFFFFFFF0CA7000000071667656E657269635F7461675F6174747269625F6465660403
310
000000040300000004FFFFFFFF071767656E657269635F7461675F6174747269625F64656620040100000004020000000702313104000000000401000000045D0100000400000000110D04666163650C4201000004FFFFFFFF0CFFFFFFFF0C430100000C440100000C060000000CFFFFFFFF0C450100000A0B110D046C6F6F
310
700CFFFFFFFF04FFFFFFFF0CFFFFFFFF0CFFFFFFFF0C460100000CA7000000110E05706C616E650D07737572666163650CFFFFFFFF04FFFFFFFF0CFFFFFFFF1300B054CFBB7D1F400A5685C0EB222CC0686666666666FE3F140000000000000000000000000000F0BF000000000000000014000000000000F03F0000000000
310
00000000000000000000000B0B0B0B0B110D06636F656467650CFFFFFFFF04FFFFFFFF0CFFFFFFFF0C470100000C480100000C490100000C4A0100000A0CA800000004000000000CFFFFFFFF110E0D4154545249425F435553544F4D0D066174747269620CFFFFFFFF04FFFFFFFF0CFFFFFFFF0CFFFFFFFF0CAB0000000716
310
67656E657269635F7461675F6174747269625F6465660403000000040300000004FFFFFFFF071767656E657269635F7461675F6174747269625F64656620040100000004010000000701390400000000040100000004710100000400000000110D04666163650C4B01000004FFFFFFFF0CFFFFFFFF0C0C0100000C4C010000
310
0C060000000CFFFFFFFF0C4D0100000B0B110D046C6F6F700CFFFFFFFF04FFFFFFFF0CFFFFFFFF0CFFFFFFFF0C4E0100000CAB000000110E04636F6E650D07737572666163650CFFFFFFFF04FFFFFFFF0CFFFFFFFF13805D70CD4DE43C40FEB8DB0B41A7F1BF00000000000000001400000000000000000000000000000000
310
000000000000F0BF14F0394E7172DAF03F01507E4267305FBF000000000000000006000000000000F03F0B0B06000000000000000006000000000000F03F0628EC0E3F74DAF03F0B0B0B0B0B110D06636F656467650C4F01000004FFFFFFFF0CFFFFFFFF0C500100000C510100000C520100000C530100000A0CAC00000004
310
000000000CFFFFFFFF110E0D4154545249425F435553544F4D0D066174747269620CFFFFFFFF04FFFFFFFF0CFFFFFFFF0CFFFFFFFF0CAE0000000711736B657463685F6174747269625F646566040100000004010000000403000000070D34383220302030203020312031110D06636F656467650CFFFFFFFF04FFFFFFFF0C
310
FFFFFFFF0C540100000CAE0000000CB10000000C000100000B0C7300000004000000000CFFFFFFFF110D06636F656467650CFFFFFFFF04FFFFFFFF0CFFFFFFFF0CAE0000000C540100000C500100000C550100000A0C7300000004000000000CFFFFFFFF110D06636F656467650CFFFFFFFF04FFFFFFFF0CFFFFFFFF0C5201
310
00000CB20000000CAE0000000CFE0000000B0C8000000004000000000CFFFFFFFF110D04656467650CFFFFFFFF04FFFFFFFF0CFFFFFFFF0C010100000600000000000000000C56010000062EA52E38800DF93F0CFD0000000C570100000B0707756E6B6E6F776E110D06636F656467650CFFFFFFFF04FFFFFFFF0CFFFFFFFF
310
0CB10000000CB00000000C580100000C590100000A0C4C00000004000000000CFFFFFFFF110D04656467650CFFFFFFFF04FFFFFFFF0CFFFFFFFF0C010100000600000000000000000C5A01000006000000000000F03F0CFB0000000C5B0100000B070774616E67656E74110D067665727465780CFFFFFFFF04FFFFFFFF0CFF
310
FFFFFF0CB300000004010000000C5C010000110E0873747261696768740D0563757276650CFFFFFFFF04FFFFFFFF0CFFFFFFFF132A3ADC1394F235403333333333F33AC0000000000000000014000000000000F03F000000000000000000000000000000800B0B110D06636F656467650CFFFFFFFF04FFFFFFFF0CFFFFFFFF
310
0CB80000000C580100000CB40000000C040100000B0C9100000004000000000CFFFFFFFF110D04656467650CFFFFFFFF04FFFFFFFF0CFFFFFFFF0C0501000006C49529D684A7F6BF0CBF0000000600000000000000800CB40000000C5D0100000B0707756E6B6E6F776E110D067665727465780CFFFFFFFF04FFFFFFFF0CFF
310
FFFFFF0CB500000004010000000C5E010000110E0873747261696768740D0563757276650CFFFFFFFF04FFFFFFFF0CFFFFFFFF134C78BAAEB585F13F3333333333F33AC000000000000000001400000000000000000000000000000000000000000000F0BF0B0B110D05706F696E740CFFFFFFFF04FFFFFFFF0CFFFFFFFF13
310
4C78BAAEB585F13F3333333333F33AC00000000000000000110E0873747261696768740D0563757276650CFFFFFFFF04FFFFFFFF0CFFFFFFFF13869999999999A93F1BAD06FF2D0E3AC0000000000000F0BF140000000000000000000000000000F03F00000000000000000B0B110E0D4154545249425F435553544F4D0D06
310
6174747269620CFFFFFFFF04FFFFFFFF0CFFFFFFFF0CFFFFFFFF0CBA0000000711736B657463685F6174747269625F646566040100000004010000000403000000070D34383020302030203020312031110D06636F656467650CFFFFFFFF04FFFFFFFF0CFFFFFFFF0CBB0000000CBA0000000C5F0100000C600100000B0CBC
310
00000004000000000CFFFFFFFF110D04656467650CFFFFFFFF04FFFFFFFF0CFFFFFFFF0CBD00000006C1DF93683D75FBBF0C610100000600000000000000800CBB0000000C620100000B0707756E6B6E6F776E110D04666163650C6301000004FFFFFFFF0CFFFFFFFF0C920000000CBC0000000C060000000CFFFFFFFF0C64
310
0100000B0B110D05706F696E740CFFFFFFFF04FFFFFFFF0CFFFFFFFF13809999999999A93FE4049E231316F4BF000000000000F0BF110D05706F696E740CFFFFFFFF04FFFFFFFF0CFFFFFFFF13809999999999A93F1BAD06FF2D0E3AC0000000000000F0BF110D06636F656467650CFFFFFFFF04FFFFFFFF0CFFFFFFFF0CC1
310
0000000C520100000C4E0100000C650100000B0C8000000004000000000CFFFFFFFF110D06636F656467650C6601000004FFFFFFFF0CFFFFFFFF0C670100000C5F0100000CC10000000C110100000A0C4C01000004000000000CFFFFFFFF110D04656467650CFFFFFFFF04FFFFFFFF0CFFFFFFFF0C680100000627951E4D8D
310
D834C00C12010000069CDEB8FEFDD01B400CC10000000C690100000B0707756E6B6E6F776E110D067665727465780CFFFFFFFF04FFFFFFFF0CFFFFFFFF0C1101000004010000000C6A010000110E07656C6C697073650D0563757276650CFFFFFFFF04FFFFFFFF0CFFFFFFFF131E0B390A1078F13F7ECE374C86A5F1BF0000
310
0000000000001400000000000000000000000000000080000000000000F03F140000000000000000B1016B7FB9D8F03F000000000000000006000000000000F03F0B0B110D06636F656467650C6B01000004FFFFFFFF0CFFFFFFFF0C6C0100000C6D0100000C6E0100000C6F0100000A0CC300000004000000000CFFFFFFFF
310
110E0D4154545249425F435553544F4D0D066174747269620CFFFFFFFF04FFFFFFFF0CFFFFFFFF0CFFFFFFFF0CC4000000071667656E657269635F7461675F6174747269625F6465660403000000040300000004FFFFFFFF071767656E657269635F7461675F6174747269625F646566200401000000040100000007013104
310
000000000401000000043E0100000400000000110D06636F656467650CFFFFFFFF04FFFFFFFF0CFFFFFFFF0CC70000000CD40000000C700100000C710100000B0C6000000004000000000CFFFFFFFF110D06636F656467650CFFFFFFFF04FFFFFFFF0CFFFFFFFF0CCD0000000CC90000000C720100000C730100000B0C8800
310
000004000000000CFFFFFFFF110D06636F656467650CFFFFFFFF04FFFFFFFF0CFFFFFFFF0C700100000C740100000CC90000000C190100000A0C7501000004000000000CFFFFFFFF110D04656467650CFFFFFFFF04FFFFFFFF0CFFFFFFFF0C1A01000006000000000000F0BF0C76010000069A99999999991B400C18010000
310
0C770100000B070774616E67656E74110D067665727465780CFFFFFFFF04FFFFFFFF0CFFFFFFFF0C1901000004000000000C78010000110E0873747261696768740D0563757276650CFFFFFFFF04FFFFFFFF0CFFFFFFFF13949999999999F13F989999999999B9BF000000000000F0BF14000000000000F0BF000000000000
310
008000000000000000800B0B110E0D4154545249425F435553544F4D0D066174747269620CFFFFFFFF04FFFFFFFF0C790100000CCB0000000C870000000711736B657463685F6174747269625F646566040100000004010000000403000000071634353420302034323934393637323935203020312032110D06636F656467
310
650CFFFFFFFF04FFFFFFFF0CFFFFFFFF0CCC0000000CCD0000000C7A0100000C7B0100000B0C8800000004000000000CFFFFFFFF110D06636F656467650CFFFFFFFF04FFFFFFFF0CFFFFFFFF0C7C0100000CD00000000CCC0000000C1F0100000B0C2701000004000000000CFFFFFFFF110D04656467650CFFFFFFFF04FFFF
310
FFFF0CFFFFFFFF0CD20000000600000000000000000C7D010000069A9999999999D93F0CCC0000000C7E0100000B070774616E67656E74110D06636F656467650CFFFFFFFF04FFFFFFFF0CFFFFFFFF0C7F0100000C800100000CCD0000000C210100000A0C8101000004000000000CFFFFFFFF110D04656467650CFFFFFFFF
310
04FFFFFFFF0CFFFFFFFF0C8201000006CDCCCCCCCCCC1AC00C83010000069A9999999999C9BF0CCD0000000C840100000B0707756E6B6E6F776E110E0D4154545249425F435553544F4D0D066174747269620CFFFFFFFF04FFFFFFFF0CFFFFFFFF0CFFFFFFFF0CCE000000071667656E657269635F7461675F617474726962
310
5F6465660403000000040300000004FFFFFFFF071767656E657269635F7461675F6174747269625F646566200402000000040100000007013604000000000401000000044001000004000000000402000000070231320400000000040100000004710100000400000000110D04666163650C8501000004FFFFFFFF0CFFFFFF
310
FF0C860100000C270100000C060000000CFFFFFFFF0C870100000A0B110E05706C616E650D07737572666163650CFFFFFFFF04FFFFFFFF0CFFFFFFFF136766666666E63C40989999999999B9BF0000000000000000140000000000000000000000000000F03F000000000000000014000000000000F0BF0000000000000080
310
00000000000000800B0B0B0B0B110E0D4154545249425F435553544F4D0D066174747269620CFFFFFFFF04FFFFFFFF0CFFFFFFFF0CFFFFFFFF0CD00000000711736B657463685F6174747269625F646566040100000004010000000403000000070D32303020302030203020312031110D06636F656467650CFFFFFFFF04FF
310
FFFFFF0CFFFFFFFF0CD00000000C880100000CE90000000C3E0100000A0C2701000004000000000CFFFFFFFF110D046C6F6F700CFFFFFFFF04FFFFFFFF0CFFFFFFFF0CFFFFFFFF0C7C0100000C23010000110E07656C6C697073650D0563757276650CFFFFFFFF04FFFFFFFF0CFFFFFFFF13949999999999F13F9499999999
310
99F1BF00000000000000001400000000000000000000000000000080000000000000F03F140000000000000000F5FFFFFFFFFFEF3F000000000000000006000000000000F03F0B0B110D05706F696E740CFFFFFFFF04FFFFFFFF0CFFFFFFFF13949999999999F13F989999999999B9BF0000000000000000110D06636F6564
310
67650CFFFFFFFF04FFFFFFFF0CFFFFFFFF0C890100000C8A0100000CD40000000C2B0100000A0C8B01000004000000000CFFFFFFFF110D04656467650CFFFFFFFF04FFFFFFFF0CFFFFFFFF0C2D01000006CECCCCCCCCCC38C00C8C0100000600000000000000800C2A0100000C8D0100000B0707756E6B6E6F776E110D0663
310
6F656467650CFFFFFFFF04FFFFFFFF0CFFFFFFFF0CD50000000CE00000000C890100000C8E0100000A0CE100000004000000000CFFFFFFFF110D067665727465780CFFFFFFFF04FFFFFFFF0CFFFFFFFF0C8E01000004000000000C8F010000110E07656C6C697073650D0563757276650CFFFFFFFF04FFFFFFFF0CFFFFFFFF
310
136766666666E63C406766666666E639C0000000000000F0BF1400000000000000000000000000000000000000000000F03F140000000000000000E0FFFFFFFFFFEFBF000000000000000006000000000000F03F0B0B110D06636F656467650CFFFFFFFF04FFFFFFFF0CFFFFFFFF0C900100000CD70000000C910100000C92
310
0100000B0C9100000004000000000CFFFFFFFF110E0D4154545249425F435553544F4D0D066174747269620CFFFFFFFF04FFFFFFFF0CFFFFFFFF0CDA0000000C3E0000000711736B657463685F6174747269625F64656604010000000401000000040300000007163436302030203432393439363732393520302032203211
310
0D06636F656467650CFFFFFFFF04FFFFFFFF0CFFFFFFFF0C930100000CDB0000000CDD0000000C350100000A0C3301000004000000000CFFFFFFFF110D06636F656467650CFFFFFFFF04FFFFFFFF0CFFFFFFFF0CDB0000000C940100000CE00000000C370100000A0C3301000004000000000CFFFFFFFF110D046C6F6F700C
310
FFFFFFFF04FFFFFFFF0CFFFFFFFF0CFFFFFFFF0C950100000C96010000110E0873747261696768740D0563757276650CFFFFFFFF04FFFFFFFF0CFFFFFFFF136766666666E63C406666666666E63AC09A99999999991B4014000000000000F03F000000000000000000000000000000000B0B110D04656467650CFFFFFFFF04
310
FFFFFFFF0CFFFFFFFF0C400100000600000000000000000CDE00000006182D4454FB21F93F0CDD0000000C970100000B0707756E6B6E6F776E110D05706F696E740CFFFFFFFF04FFFFFFFF0CFFFFFFFF13909999999999F13F6666666666E63AC09A99999999991B40110D04656467650CFFFFFFFF04FFFFFFFF0CFFFFFFFF
310
0CE20000000600000000000000000C9801000006182D4454FB21F93F0CE00000000C990100000B0707756E6B6E6F776E110D04666163650C9A01000004FFFFFFFF0CFFFFFFFF0C960100000CE10000000C060000000CFFFFFFFF0C9B0100000A0B110D05706F696E740CFFFFFFFF04FFFFFFFF0CFFFFFFFF136766666666E6
310
3C406666666666E63AC09A99999999991B40110E0D4154545249425F435553544F4D0D066174747269620CFFFFFFFF04FFFFFFFF0CFFFFFFFF0CFFFFFFFF0CE6000000071667656E657269635F7461675F6174747269625F6465660403000000040300000004FFFFFFFF071767656E657269635F7461675F6174747269625F
310
64656620040100000004010000000701380400000000040100000004400100000400000000110D04666163650C9C01000004FFFFFFFF0CFFFFFFFF0C380100000C750100000C060000000CFFFFFFFF0C9D0100000A0B110E05706C616E650D07737572666163650CFFFFFFFF04FFFFFFFF0CFFFFFFFF13909999999999B93F
310
909999999999F1BF000000000000000014000000000000F0BF00000000000000000000000000000000140000000000000080000000000000F0BF00000000000000800B0B0B0B0B110D06636F656467650CFFFFFFFF04FFFFFFFF0CFFFFFFFF0CEA0000000CE90000000C930100000C9E0100000B0CEB00000004000000000C
310
FFFFFFFF110D04656467650CFFFFFFFF04FFFFFFFF0CFFFFFFFF0CEC0000000600000000000000000C9F010000069A99999999991B400C260100000CA00100000B070774616E67656E74110D05706F696E740CFFFFFFFF04FFFFFFFF0CFFFFFFFF13989999999999B93F949999999999F1BF0000000000000000110D067665
310
727465780CFFFFFFFF04FFFFFFFF0CFFFFFFFF0CEE00000004010000000CA1010000110E0873747261696768740D0563757276650CFFFFFFFF04FFFFFFFF0CFFFFFFFF13909999999999B93F6666666666E639C000000000000000001400000000000000000000000000000000000000000000F03F0B0B110E0D4154545249
310
425F435553544F4D0D066174747269620CFFFFFFFF04FFFFFFFF0CFFFFFFFF0CFFFFFFFF0CF1000000071667656E657269635F7461675F6174747269625F6465660403000000040300000004FFFFFFFF071767656E657269635F7461675F6174747269625F6465662004010000000402000000070231330400000000040100
310
0000045D0100000400000000110D04666163650CA201000004FFFFFFFF0CFFFFFFFF0CA30100000CA40100000C060000000CFFFFFFFF0CA50100000A0B110D046C6F6F700CFFFFFFFF04FFFFFFFF0CFFFFFFFF0CFFFFFFFF0CA60100000CF1000000110E05706C616E650D07737572666163650CFFFFFFFF04FFFFFFFF0CFF
310
FFFFFF13002CD5F36EDF30400A5685C0EB2220C0686666666666FE3F140000000000000000000000000000F03F000000000000000014000000000000F0BF000000000000008000000000000000800B0B0B0B0B110D06636F656467650CFFFFFFFF04FFFFFFFF0CFFFFFFFF0CA70100000CA80100000CA90100000CAA010000
310
0A0CF200000004000000000CFFFFFFFF110D06636F656467650CFFFFFFFF04FFFFFFFF0CFFFFFFFF0CAB0100000CF40000000CAC0100000CAD0100000B0CA800000004000000000CFFFFFFFF110D06636F656467650CFFFFFFFF04FFFFFFFF0CFFFFFFFF0CF40000000CAB0100000CA70100000CAE0100000A0CA800000004
310
000000000CFFFFFFFF110D06636F656467650CFFFFFFFF04FFFFFFFF0CFFFFFFFF0CA90100000CAF0100000CF40000000C4A0100000B0CB001000004000000000CFFFFFFFF110D04656467650CFFFFFFFF04FFFFFFFF0CFFFFFFFF0CB10100000600000000000012C00CB201000006000000000000F83F0C490100000CB301
310
00000B0707756E6B6E6F776E110E0D4154545249425F435553544F4D0D066174747269620CFFFFFFFF04FFFFFFFF0CFFFFFFFF0CFFFFFFFF0CF6000000071667656E657269635F7461675F6174747269625F6465660403000000040300000004FFFFFFFF071767656E657269635F7461675F6174747269625F646566200401
310
0000000402000000070231300400000000040100000004710100000400000000110D046C6F6F700CFFFFFFFF04FFFFFFFF0CFFFFFFFF0CFFFFFFFF0C100100000CF6000000110E05706C616E650D07737572666163650CFFFFFFFF04FFFFFFFF0CFFFFFFFF131E0B390A1078F13F969999999999A9BF000000000000000014
310
0000000000000080000000000000F03F000000000000000014000000000000F03F000000000000000000000000000000000B0B0B0B0B110D06636F656467650CB401000004FFFFFFFF0CFFFFFFFF0CB50100000CB60100000C0F0100000C650100000A0CF700000004000000000CFFFFFFFF110E0D4154545249425F435553
310
544F4D0D066174747269620CFFFFFFFF04FFFFFFFF0CFFFFFFFF0CFFFFFFFF0CF90000000711736B657463685F6174747269625F646566040100000004010000000403000000070D34373320302031203020312031110D06636F656467650CFFFFFFFF04FFFFFFFF0CFFFFFFFF0CB70100000CF90000000CFC0000000C5501
310
00000B0CAC00000004000000000CFFFFFFFF110D06636F656467650CFFFFFFFF04FFFFFFFF0CFFFFFFFF0CF90000000CB70100000CB50100000CB80100000A0CAC00000004000000000CFFFFFFFF110D06636F656467650CFFFFFFFF04FFFFFFFF0CFFFFFFFF0C0F0100000CFD0000000CF90000000C530100000B0C800000
310
0004000000000CFFFFFFFF110D04656467650CFFFFFFFF04FFFFFFFF0CFFFFFFFF0C5601000006932FFA35459A32C00CB901000006EE744A5B1ECA18400C520100000CBA0100000B0707756E6B6E6F776E110D06636F656467650CFFFFFFFF04FFFFFFFF0CFFFFFFFF0CFC0000000CFB0000000CBB0100000CBC0100000A0C
310
7300000004000000000CFFFFFFFF110D04656467650CFFFFFFFF04FFFFFFFF0CFFFFFFFF0C560100000600000000000000000CBD01000006000000000000F03F0C500100000CBE0100000B070774616E67656E74110D067665727465780CFFFFFFFF04FFFFFFFF0CFFFFFFFF0CFE00000004010000000CBF010000110E0765
310
6C6C697073650D0563757276650CFFFFFFFF04FFFFFFFF0CFFFFFFFF135374B82728E53C40636D2D8A65E639C000000000000000001400000000000000000000000000000080000000000000F03F140000000000000000005D5C90DACCF0BF000000000000000006000000000000F03F0B0B110D06636F656467650CFFFFFF
310
FF04FFFFFFFF0CFFFFFFFF0C030100000CBB0100000CFF0000000C590100000B0C9100000004000000000CFFFFFFFF110D04656467650CFFFFFFFF04FFFFFFFF0CFFFFFFFF0C5A0100000600000000000000000C0501000006CECCCCCCCCCC3B400CFF0000000CC00100000B0707756E6B6E6F776E110D067665727465780C
310
FFFFFFFF04FFFFFFFF0CFFFFFFFF0C0001000004010000000CC1010000110E0873747261696768740D0563757276650CFFFFFFFF04FFFFFFFF0CFFFFFFFF135374B82728E53C403333333333F33AC000000000000000001400000000000000000000000000000000000000000000F0BF0B0B110D05706F696E740CFFFFFFFF
310
04FFFFFFFF0CFFFFFFFF135374B82728E53C403333333333F33AC00000000000000000110E07656C6C697073650D0563757276650CFFFFFFFF04FFFFFFFF0CFFFFFFFF134C78BAAEB585F13FD4D698A366E439C0000000000000F0BF1400000000000000800000000000000080000000000000F0BF1480ABEDE1E8B8F0BF80
310
23EBB6ADE3C4BF000000000000000006000000000000F03F0B0B110D05706F696E740CFFFFFFFF04FFFFFFFF0CFFFFFFFF134C78BAAEB585F13F3333333333F33AC0000000000000F0BF110D06636F656467650CFFFFFFFF04FFFFFFFF0CFFFFFFFF0C100100000C910100000C0A0100000C600100000A0C4C010000040000
310
00000CFFFFFFFF110D04656467650CFFFFFFFF04FFFFFFFF0CFFFFFFFF0C120100000600000000000000000C6101000006000000000000F03F0C0A0100000CC20100000B070774616E67656E74110D067665727465780CFFFFFFFF04FFFFFFFF0CFFFFFFFF0C6001000004010000000CC3010000110E07656C6C697073650D
310
0563757276650CFFFFFFFF04FFFFFFFF0CFFFFFFFF131E0B390A1078F13F7ECE374C86A5F1BF000000000000F0BF1400000000000000000000000000000000000000000000F0BF140000000000000000B1016B7FB9D8F03F000000000000000006000000000000F03F0B0B110E0D4154545249425F435553544F4D0D066174
310
747269620CFFFFFFFF04FFFFFFFF0CFFFFFFFF0CFFFFFFFF0C0C010000071667656E657269635F7461675F6174747269625F6465660403000000040300000004FFFFFFFF071767656E657269635F7461675F6174747269625F6465662004010000000401000000070133040000000004010000000471010000040000000011
310
0E04636F6E650D07737572666163650CFFFFFFFF04FFFFFFFF0CFFFFFFFF131E0B390A1078F13F7ECE374C86A5F1BF00000000000000001400000000000000000000000000000000000000000000F0BF140000000000000000B1016B7FB9D8F03F000000000000000006000000000000F03F0B0B0600000000000000000600
310
0000000000F03F06B1016B7FB9D8F03F0B0B0B0B0B110D04656467650CFFFFFFFF04FFFFFFFF0CFFFFFFFF0CB90100000600000000000000000C6801000006173EC05C6229F93F0C0F0100000CC40100000B0707756E6B6E6F776E110E0D4154545249425F435553544F4D0D066174747269620CFFFFFFFF04FFFFFFFF0CFF
310
FFFFFF0CFFFFFFFF0C100100000711736B657463685F6174747269625F646566040100000004010000000403000000070D34373620302031203020312031110D06636F656467650CFFFFFFFF04FFFFFFFF0CFFFFFFFF0C910100000C100100000CB60100000CC50100000B0C4C01000004000000000CFFFFFFFF110D067665
310
727465780CFFFFFFFF04FFFFFFFF0CFFFFFFFF0C6501000004010000000CC6010000110E0873747261696768740D0563757276650CFFFFFFFF04FFFFFFFF0CFFFFFFFF13B290A30081172040009A99999999A9BF000000000000000014000000000000F0BF000000000000008000000000000000000B0B110D05706F696E74
310
0CFFFFFFFF04FFFFFFFF0CFFFFFFFF131E0B390A1078F13FA09999999999A9BF0000000000000000110E0D4154545249425F435553544F4D0D066174747269620CFFFFFFFF04FFFFFFFF0CFFFFFFFF0CFFFFFFFF0C140100000711736B657463685F6174747269625F646566040100000004010000000403000000070D3138
310
3020302030203020312031110D06636F656467650CC701000004FFFFFFFF0CFFFFFFFF0CC80100000C140100000CC90100000CCA0100000B0CC300000004000000000CFFFFFFFF110D06636F656467650CCB01000004FFFFFFFF0CFFFFFFFF0C140100000CCC0100000CCD0100000CCE0100000B0CC300000004000000000C
310
FFFFFFFF110D06636F656467650CCF01000004FFFFFFFF0CFFFFFFFF0CD00100000CD10100000C140100000C6F0100000B0CD201000004000000000CFFFFFFFF110D04656467650CFFFFFFFF04FFFFFFFF0CFFFFFFFF0CD30100000600000000000000000CD401000006212D4454FB21F93F0C6E0100000CD50100000B0707
310
756E6B6E6F776E110D06636F656467650CFFFFFFFF04FFFFFFFF0CFFFFFFFF0CD60100000C180100000C160100000C710100000A0C7501000004000000000CFFFFFFFF110D04656467650CFFFFFFFF04FFFFFFFF0CFFFFFFFF0C8C0100000600000000000000000C1A01000006182D4454FB21F93F0C700100000CD7010000
310
0B0707756E6B6E6F776E110D06636F656467650CFFFFFFFF04FFFFFFFF0CFFFFFFFF0CD80100000CD90100000C170100000C730100000A0C3301000004000000000CFFFFFFFF110D04656467650CFFFFFFFF04FFFFFFFF0CFFFFFFFF0C7601000006CECCCCCCCCCC3BC00C82010000069B999999999911C00C170100000CDA
310
0100000B0707756E6B6E6F776E110D06636F656467650CFFFFFFFF04FFFFFFFF0CFFFFFFFF0C180100000CD60100000CD80100000CDB0100000B0C7501000004000000000CFFFFFFFF110D046C6F6F700CFFFFFFFF04FFFFFFFF0CFFFFFFFF0CFFFFFFFF0CD60100000C3B010000110D067665727465780CFFFFFFFF04FFFF
310
FFFF0CFFFFFFFF0C1901000004010000000CDC010000110E0873747261696768740D0563757276650CFFFFFFFF04FFFFFFFF0CFFFFFFFF136766666666E63C40A09999999999B9BF00000000000000001400000000000000000000000000000000000000000000F03F0B0B110D05706F696E740CFFFFFFFF04FFFFFFFF0CFF
310
FFFFFF136766666666E63C40A09999999999B9BF000000000000F0BF110E0D4154545249425F435553544F4D0D066174747269620CFFFFFFFF04FFFFFFFF0CDD0100000C1C0100000C870000000711736B657463685F6174747269625F64656604010000000401000000040300000007163435342030203432393439363732
310
3935203020322032110D06636F656467650CDE01000004FFFFFFFF0CFFFFFFFF0CDF0100000CE00100000C1D0100000C7B0100000A0CE101000004000000000CFFFFFFFF110D04656467650CFFFFFFFF04FFFFFFFF0CFFFFFFFF0C830100000668666666662625400C7D010000063633333333F32D400C1D0100000CE20100
310
000B0707756E6B6E6F776E110D06636F656467650CFFFFFFFF04FFFFFFFF0CFFFFFFFF0CE30100000C1E0100000CE00100000CE40100000B0C2701000004000000000CFFFFFFFF110D067665727465780CFFFFFFFF04FFFFFFFF0CFFFFFFFF0CE401000004000000000CE5010000110E0873747261696768740D0563757276
310
650CFFFFFFFF04FFFFFFFF0CFFFFFFFF13949999999999F13F989999999999B9BF00000000000000001400000000000000000000000000000000000000000000F03F0B0B110D06636F656467650CFFFFFFFF04FFFFFFFF0CFFFFFFFF0CE60100000C200100000CD90100000CE70100000A0C8101000004000000000CFFFFFF
310
FF110D06636F656467650CE801000004FFFFFFFF0CFFFFFFFF0C200100000CE60100000CDF0100000CE90100000B0C8101000004000000000CFFFFFFFF110D046C6F6F700CFFFFFFFF04FFFFFFFF0CFFFFFFFF0CFFFFFFFF0C800100000CEA010000110D067665727465780CFFFFFFFF04FFFFFFFF0CFFFFFFFF0C21010000
310
04000000000CEB010000110D067665727465780CFFFFFFFF04FFFFFFFF0CFFFFFFFF0C2101000004010000000CEC010000110E0873747261696768740D0563757276650CFFFFFFFF04FFFFFFFF0CFFFFFFFF130200000000001640A09999999999B9BF9A9999999999C93F1400000000000000000000000000000000000000
310
000000F0BF0B0B110E0D4154545249425F435553544F4D0D066174747269620CFFFFFFFF04FFFFFFFF0CFFFFFFFF0CFFFFFFFF0C23010000071667656E657269635F7461675F6174747269625F6465660403000000040300000004FFFFFFFF071767656E657269635F7461675F6174747269625F6465662004010000000401
310
0000000701370400000000040100000004400100000400000000110D04666163650CED01000004FFFFFFFF0CFFFFFFFF0CEE0100000CEF0100000C060000000CFFFFFFFF0CF00100000B0B110E04636F6E650D07737572666163650CFFFFFFFF04FFFFFFFF0CFFFFFFFF13949999999999F13F949999999999F1BF00000000
310
000000001400000000000000000000000000000000000000000000F03F140000000000000000F5FFFFFFFFFFEF3F000000000000000006000000000000F03F0B0B06000000000000000006000000000000F03F06F5FFFFFFFFFFEF3F0B0B0B0B0B110D06636F656467650CFFFFFFFF04FFFFFFFF0CFFFFFFFF0C260100000C
310
E30100000CF10100000CF20100000B0C2701000004000000000CFFFFFFFF110D06636F656467650CFFFFFFFF04FFFFFFFF0CFFFFFFFF0CF30100000C2A0100000C2C0100000C8E0100000B0C8B01000004000000000CFFFFFFFF110D06636F656467650CFFFFFFFF04FFFFFFFF0CFFFFFFFF0C2A0100000CF40100000CD601
310
00000CF50100000A0C8B01000004000000000CFFFFFFFF110D046C6F6F700CFFFFFFFF04FFFFFFFF0CFFFFFFFF0CFFFFFFFF0CF60100000CF7010000110D067665727465780CFFFFFFFF04FFFFFFFF0CFFFFFFFF0CF501000004000000000CF8010000110E0873747261696768740D0563757276650CFFFFFFFF04FFFFFFFF
310
0CFFFFFFFF136666666666E63D408A9999999999F1BF000000000000F0BF140000000000000000000000000000F03F00000000000000000B0B110D04656467650CFFFFFFFF04FFFFFFFF0CFFFFFFFF0C2D01000006000000000000F0BF0C98010000069A99999999991B400C2C0100000CF90100000B070774616E67656E74
310
110D05706F696E740CFFFFFFFF04FFFFFFFF0CFFFFFFFF136666666666E63D406766666666E639C0000000000000F0BF110D06636F656467650CFFFFFFFF04FFFFFFFF0CFFFFFFFF0CFA0100000C2F0100000CFB0100000CFC0100000B0C9100000004000000000CFFFFFFFF110D06636F656467650CFFFFFFFF04FFFFFFFF
310
0CFFFFFFFF0C5F0100000C670100000C2F0100000C920100000A0C4C01000004000000000CFFFFFFFF110D04656467650CFFFFFFFF04FFFFFFFF0CFFFFFFFF0C610100000600000000000000000CFD01000006CECCCCCCCCCC3B400C910100000CFE0100000B0707756E6B6E6F776E110D06636F656467650CFFFFFFFF04FF
310
FFFFFF0CFFFFFFFF0CF10100000C310100000C3D0100000C9E0100000A0C3301000004000000000CFFFFFFFF110D06636F656467650CFFFFFFFF04FFFFFFFF0CFFFFFFFF0C320100000C950100000CF30100000CFF0100000A0C3301000004000000000CFFFFFFFF110D06636F656467650CFFFFFFFF04FFFFFFFF0CFFFFFF
310
FF0C940100000C000200000C010200000C020200000B0C3301000004000000000CFFFFFFFF110D04666163650C0302000004FFFFFFFF0CFFFFFFFF0C040200000C050200000C060000000CFFFFFFFF0C060200000A0B110E07656C6C697073650D0563757276650CFFFFFFFF04FFFFFFFF0CFFFFFFFF13929999999999F13F
310
6666666666E639C09A99999999991B401400000000000000000000000000000000000000000000F03F14F2FFFFFFFFFFEFBF0000000000000000000000000000000006000000000000F03F0B0B110D067665727465780CFFFFFFFF04FFFFFFFF0CFFFFFFFF0C8E01000004010000000C07020000110E07656C6C697073650D
310
0563757276650CFFFFFFFF04FFFFFFFF0CFFFFFFFF136766666666E63C406766666666E639C09A99999999991B401400000000000000000000000000000000000000000000F03F140000000000000000E0FFFFFFFFFFEFBF000000000000000006000000000000F03F0B0B110E0D4154545249425F435553544F4D0D066174
310
747269620CFFFFFFFF04FFFFFFFF0CFFFFFFFF0CFFFFFFFF0C38010000071667656E657269635F7461675F6174747269625F6465660403000000040300000004FFFFFFFF071767656E657269635F7461675F6174747269625F6465662004020000000401000000070133040000000004010000000440010000040000000004
310
02000000070231350400000000040100000004710100000400000000110E04636F6E650D07737572666163650CFFFFFFFF04FFFFFFFF0CFFFFFFFF136766666666E63C406766666666E639C000000000000000001400000000000000000000000000000000000000000000F03F140000000000000000E0FFFFFFFFFFEFBF00
310
0000000000000006000000000000F03F0B0B06000000000000000006000000000000F03F06E0FFFFFFFFFFEF3F0B0B0B0B0B110E0D4154545249425F435553544F4D0D066174747269620CFFFFFFFF04FFFFFFFF0CFFFFFFFF0CFFFFFFFF0C3B010000071667656E657269635F7461675F6174747269625F64656604030000
310
00040300000004FFFFFFFF071767656E657269635F7461675F6174747269625F646566200402000000040100000007013504000000000401000000044001000004000000000402000000070231330400000000040100000004710100000400000000110E04636F6E650D07737572666163650CFFFFFFFF04FFFFFFFF0CFFFF
310
FFFF136766666666E63C408A9999999999F1BF00000000000000001400000000000000000000000000000000000000000000F03F14E0FFFFFFFFFFEF3F0000000000000000000000000000000006000000000000F03F0B0B06000000000000000006000000000000F03F06E0FFFFFFFFFFEF3F0B0B0B0B0B110D0465646765
310
0CFFFFFFFF04FFFFFFFF0CFFFFFFFF0C9F01000006CDCCCCCCCCCC38C00C400100000600000000000000800C3D0100000C080200000B0707756E6B6E6F776E110D067665727465780CFFFFFFFF04FFFFFFFF0CFFFFFFFF0C3E01000004010000000C09020000110E0873747261696768740D0563757276650CFFFFFFFF04FF
310
FFFFFF0CFFFFFFFF13989999999999B93F949999999999F1BF00000000000000001400000000000000000000000000000000000000000000F03F0B0B110D05706F696E740CFFFFFFFF04FFFFFFFF0CFFFFFFFF13009A99999999B93F6666666666E639C09A99999999991B40110E0D4154545249425F435553544F4D0D0661
310
74747269620CFFFFFFFF04FFFFFFFF0CFFFFFFFF0CFFFFFFFF0C43010000071667656E657269635F7461675F6174747269625F6465660403000000040300000004FFFFFFFF071767656E657269635F7461675F6174747269625F64656620040100000004020000000702313204000000000401000000045D01000004000000
310
00110D04666163650C0A02000004FFFFFFFF0CFFFFFFFF0C0B0200000C0C0200000C060000000CFFFFFFFF0C0D0200000A0B110D046C6F6F700CFFFFFFFF04FFFFFFFF0CFFFFFFFF0CFFFFFFFF0C0E0200000C43010000110E05706C616E650D07737572666163650CFFFFFFFF04FFFFFFFF0CFFFFFFFF13002CD5F36EDF30
310
400A5685C0EB222CC0686666666666FE3F14000000000000F03F00000000000000000000000000000000140000000000000000000000000000F03F00000000000000000B0B0B0B0B110D06636F656467650CFFFFFFFF04FFFFFFFF0CFFFFFFFF0C0F0200000CAC0100000CAF0100000C100200000A0C440100000400000000
310
0CFFFFFFFF110D06636F656467650CFFFFFFFF04FFFFFFFF0CFFFFFFFF0C110200000C460100000C480100000CAE0100000B0CF200000004000000000CFFFFFFFF110D06636F656467650CFFFFFFFF04FFFFFFFF0CFFFFFFFF0C460100000C110200000C120200000C130200000A0CF200000004000000000CFFFFFFFF110D
310
06636F656467650CFFFFFFFF04FFFFFFFF0CFFFFFFFF0C140200000C490100000C460100000CAA0100000B0CB001000004000000000CFFFFFFFF110D04656467650CFFFFFFFF04FFFFFFFF0CFFFFFFFF0CB2010000060000000000001BC00C150200000600000000000002400CA90100000C160200000B0707756E6B6E6F77
310
6E110D06636F656467650CFFFFFFFF04FFFFFFFF0CFFFFFFFF0C480100000C470100000C170200000C180200000B0CA800000004000000000CFFFFFFFF110D06636F656467650CFFFFFFFF04FFFFFFFF0CFFFFFFFF0CA60100000C190200000C470100000CAD0100000A0C4401000004000000000CFFFFFFFF110D04656467
310
650CFFFFFFFF04FFFFFFFF0CFFFFFFFF0CB10100000600000000000000400C1A0200000600000000000008400CAC0100000C1B0200000B0707756E6B6E6F776E110D04656467650CFFFFFFFF04FFFFFFFF0CFFFFFFFF0CB20100000600000000000000400C1C0200000600000000000008400CA70100000C1D0200000B0707
310
756E6B6E6F776E110D06636F656467650CFFFFFFFF04FFFFFFFF0CFFFFFFFF0C490100000C140200000CA60100000C100200000B0CB001000004000000000CFFFFFFFF110D046C6F6F700CFFFFFFFF04FFFFFFFF0CFFFFFFFF0C1E0200000C140200000C1F020000110D067665727465780CFFFFFFFF04FFFFFFFF0CFFFFFF
310
FF0C1002000004010000000C20020000110D067665727465780CFFFFFFFF04FFFFFFFF0CFFFFFFFF0C4A01000004010000000C21020000110E0873747261696768740D0563757276650CFFFFFFFF04FFFFFFFF0CFFFFFFFF1300B054CFBB7D1F400A5685C0EB2229C03433333333330F401400000000000000000000000000
310
00F0BF00000000000000000B0B110E0D4154545249425F435553544F4D0D066174747269620CFFFFFFFF04FFFFFFFF0CFFFFFFFF0CFFFFFFFF0C4E0100000711736B657463685F6174747269625F646566040100000004010000000403000000070D34373820302030203020312031110D06636F656467650CFFFFFFFF04FF
310
FFFFFF0CFFFFFFFF0CFB0100000C4E0100000C510100000CB80100000B0CF700000004000000000CFFFFFFFF110D06636F656467650CFFFFFFFF04FFFFFFFF0CFFFFFFFF0C4E0100000CFB0100000C670100000CC50100000A0CF700000004000000000CFFFFFFFF110D06636F656467650CFFFFFFFF04FFFFFFFF0CFFFFFF
310
FF0C510100000C500100000CFA0100000C220200000A0CAC00000004000000000CFFFFFFFF110D04656467650CFFFFFFFF04FFFFFFFF0CFFFFFFFF0CB90100000600000000000000000C2302000006000000000000F03F0CB50100000C240200000B070774616E67656E74110D067665727465780CFFFFFFFF04FFFFFFFF0C
310
FFFFFFFF0C5301000004010000000C25020000110E0873747261696768740D0563757276650CFFFFFFFF04FFFFFFFF0CFFFFFFFF13204185F4F4F13D40138BB5A4E1351DC00000000000000000140000000000000080000000000000F03F00000000000000000B0B110D06636F656467650CFFFFFFFF04FFFFFFFF0CFFFFFF
310
FF0C580100000CFA0100000C540100000CBC0100000B0C9100000004000000000CFFFFFFFF110D04656467650CFFFFFFFF04FFFFFFFF0CFFFFFFFF0CBD010000062EA52E38800DF9BF0C5A0100000600000000000000800C540100000C260200000B0707756E6B6E6F776E110D067665727465780CFFFFFFFF04FFFFFFFF0C
310
FFFFFFFF0C5501000004010000000C27020000110E0873747261696768740D0563757276650CFFFFFFFF04FFFFFFFF0CFFFFFFFF131E4185F4F4F13D405892279FBDE739C000000000000000001400000000000000000000000000000000000000000000F0BF0B0B110D05706F696E740CFFFFFFFF04FFFFFFFF0CFFFFFFFF
310
131E4185F4F4F13D405892279FBDE739C00000000000000000110E0873747261696768740D0563757276650CFFFFFFFF04FFFFFFFF0CFFFFFFFF135374B82728E53C403333333333F33AC0000000000000F0BF14000000000000F0BF000000000000000000000000000000000B0B110D05706F696E740CFFFFFFFF04FFFFFF
310
FF0CFFFFFFFF135374B82728E53C403333333333F33AC0000000000000F0BF110E0873747261696768740D0563757276650CFFFFFFFF04FFFFFFFF0CFFFFFFFF131E0B390A1078F13FA09999999999A9BF00000000000000001400000000000000000000000000000000000000000000F0BF0B0B110D05706F696E740CFFFF
310
FFFF04FFFFFFFF0CFFFFFFFF131E0B390A1078F13FA09999999999A9BF000000000000F0BF110E07656C6C697073650D0563757276650CFFFFFFFF04FFFFFFFF0CFFFFFFFF13805D70CD4DE43C40FEB8DB0B41A7F1BF00000000000000001400000000000000000000000000000080000000000000F03F14F0394E7172DAF0
310
3F01507E4267305FBF000000000000000006000000000000F03F0B0B110D04656467650CFFFFFFFF04FFFFFFFF0CFFFFFFFF0C680100000600000000000000000CFD01000006000000000000F03F0C670100000C280200000B070774616E67656E74110D05706F696E740CFFFFFFFF04FFFFFFFF0CFFFFFFFF13805D70CD4D
310
E43C40A09A99999999A9BF0000000000000000110E0D4154545249425F435553544F4D0D066174747269620CFFFFFFFF04FFFFFFFF0CFFFFFFFF0CFFFFFFFF0C6C0100000711736B657463685F6174747269625F646566040100000004010000000403000000070D31363120302031203020312031110D06636F656467650C
310
2902000004FFFFFFFF0CFFFFFFFF0C2A0200000C6C0100000C2B0200000C2C0200000A0CC300000004000000000CFFFFFFFF110D06636F656467650C2D02000004FFFFFFFF0CFFFFFFFF0C2E0200000C2F0200000C6C0100000CCA0100000A0C3002000004000000000CFFFFFFFF110D04656467650CFFFFFFFF04FFFFFFFF
310
0CFFFFFFFF0CD30100000600000000000000000C31020000060000000000003C400CC90100000C320200000B0707756E6B6E6F776E110E0D4154545249425F435553544F4D0D066174747269620CFFFFFFFF04FFFFFFFF0CFFFFFFFF0CFFFFFFFF0C6D0100000711736B657463685F6174747269625F646566040100000004
310
010000000403000000070D31363420302031203020312031110D06636F656467650C3302000004FFFFFFFF0CFFFFFFFF0C6D0100000C340200000C350200000C360200000A0CC300000004000000000CFFFFFFFF110D06636F656467650C3702000004FFFFFFFF0CFFFFFFFF0C380200000C390200000C6D0100000CCE0100
310
000A0C3A02000004000000000CFFFFFFFF110D04656467650CFFFFFFFF04FFFFFFFF0CFFFFFFFF0C3B0200000600000000000000000CD40100000601000000000039400CCD0100000C3C0200000B0707756E6B6E6F776E110E0D4154545249425F435553544F4D0D066174747269620CFFFFFFFF04FFFFFFFF0CFFFFFFFF0C
310
FFFFFFFF0C6E0100000711736B657463685F6174747269625F646566040100000004010000000403000000070D31383020302030203020312031110D06636F656467650CFFFFFFFF04FFFFFFFF0CFFFFFFFF0C3D0200000C6E0100000C390200000C3E0200000B0CD201000004000000000CFFFFFFFF110D06636F65646765
310
0CFFFFFFFF04FFFFFFFF0CFFFFFFFF0C6E0100000C3D0200000C2E0200000C3F0200000A0CD201000004000000000CFFFFFFFF110D046C6F6F700CFFFFFFFF04FFFFFFFF0CFFFFFFFF0CFFFFFFFF0C3D0200000C40020000110D067665727465780CFFFFFFFF04FFFFFFFF0CFFFFFFFF0C6F01000004000000000C41020000
310
110D067665727465780CFFFFFFFF04FFFFFFFF0CFFFFFFFF0C6F01000004010000000C42020000110E07656C6C697073650D0563757276650CFFFFFFFF04FFFFFFFF0CFFFFFFFF13F6FFFFFFFFFFEF3FF6FFFFFFFFFFEFBF00000000000000001400000000000000000000000000000080000000000000F03F140000000000
310
00D03CF6FFFFFFFFFFEF3F000000000000000006000000000000F03F0A0600000000000000000A06212D4454FB21F93F110D06636F656467650CFFFFFFFF04FFFFFFFF0CFFFFFFFF0C740100000C700100000C8A0100000CF50100000B0C7501000004000000000CFFFFFFFF110E07656C6C697073650D0563757276650CFF
310
FFFFFF04FFFFFFFF0CFFFFFFFF136766666666E63C408A9999999999F1BF000000000000F0BF1400000000000000000000000000000000000000000000F03F14E0FFFFFFFFFFEF3F0000000000000000000000000000000006000000000000F03F0B0B110D06636F656467650CFFFFFFFF04FFFFFFFF0CFFFFFFFF0C430200
310
000C720100000C740100000CDB0100000A0C3301000004000000000CFFFFFFFF110D06636F656467650CFFFFFFFF04FFFFFFFF0CFFFFFFFF0C720100000C440200000C7F0100000CE70100000B0C3301000004000000000CFFFFFFFF110E0873747261696768740D0563757276650CFFFFFFFF04FFFFFFFF0CFFFFFFFF1394
310
9999999999F13F989999999999B9BF9A99999999991B4014000000000000F0BF000000000000008000000000000000800B0B110D04656467650CFFFFFFFF04FFFFFFFF0CFFFFFFFF0C450200000600000000000000000C7601000006182D4454FB21F93F0C740100000C460200000B0707756E6B6E6F776E110D05706F696E
310
740CFFFFFFFF04FFFFFFFF0CFFFFFFFF136766666666E63C40009A99999999B9BF9A99999999991B40110E0D4154545249425F435553544F4D0D066174747269620CFFFFFFFF04FFFFFFFF0CFFFFFFFF0C790100000C870000000711736B657463685F6174747269625F646566040100000004010000000403000000071631
310
363920302034323934393637323935203020312032110E0D4154545249425F435553544F4D0D066174747269620CFFFFFFFF04FFFFFFFF0CFFFFFFFF0CFFFFFFFF0C7A0100000711736B657463685F6174747269625F646566040100000004010000000403000000070D32313220302030203020312031110D06636F656467
310
650C4702000004FFFFFFFF0CFFFFFFFF0C480200000C7A0100000C800100000CE90100000A0CE101000004000000000CFFFFFFFF110D06636F656467650CFFFFFFFF04FFFFFFFF0CFFFFFFFF0C7A0100000C490200000C7C0100000CE40100000A0CE101000004000000000CFFFFFFFF110D046C6F6F700CFFFFFFFF04FFFF
310
FFFF0CFFFFFFFF0CFFFFFFFF0C4A0200000C4B020000110E0873747261696768740D0563757276650CFFFFFFFF04FFFFFFFF0CFFFFFFFF133433333333133040909999999999B9BF9A9999999999D93F14000000000000F0BF000000000000000000000000000000000B0B110D06636F656467650CFFFFFFFF04FFFFFFFF0C
310
FFFFFFFF0C880100000C7C0100000C4C0200000C4D0200000B0C2701000004000000000CFFFFFFFF110D04656467650CFFFFFFFF04FFFFFFFF0CFFFFFFFF0C7D0100000600000000000000000C4E020000061378037692A4B93F0C7C0100000C4F0200000B0707756E6B6E6F776E110D05706F696E740CFFFFFFFF04FFFFFF
310
FF0CFFFFFFFF13949999999999F13FA09999999999B9BF9A9999999999D93F110D06636F656467650CFFFFFFFF04FFFFFFFF0CFFFFFFFF0C800100000C7F0100000C500200000C510200000A0C8101000004000000000CFFFFFFFF110D04656467650CFFFFFFFF04FFFFFFFF0CFFFFFFFF0C5202000006CECCCCCCCCCC1040
310
0C820100000667666666666622400CD90100000C530200000B0707756E6B6E6F776E110E0D4154545249425F435553544F4D0D066174747269620CFFFFFFFF04FFFFFFFF0CFFFFFFFF0CFFFFFFFF0C800100000711736B657463685F6174747269625F646566040100000004010000000403000000070D3231312030203020
310
3020312031110D04656467650CFFFFFFFF04FFFFFFFF0CFFFFFFFF0C540200000600000000000000000C830100000600000000000014400C800100000C550200000B0707756E6B6E6F776E110D04666163650C5602000004FFFFFFFF0CFFFFFFFF0C570200000C810100000C060000000CFFFFFFFF0C580200000B0B110D05
310
706F696E740CFFFFFFFF04FFFFFFFF0CFFFFFFFF130000000000001640A09999999999B9BF9A99999999991B40110D05706F696E740CFFFFFFFF04FFFFFFFF0CFFFFFFFF130000000000001640A09999999999B9BF9A9999999999D93F110E0D4154545249425F435553544F4D0D066174747269620CFFFFFFFF04FFFFFFFF
310
0CFFFFFFFF0CFFFFFFFF0C86010000071667656E657269635F7461675F6174747269625F6465660403000000040300000004FFFFFFFF071767656E657269635F7461675F6174747269625F64656620040100000004010000000701310400000000040100000004420100000400000000110D04666163650C5902000004FFFF
310
FFFF0CFFFFFFFF0C5A0200000C5B0200000C060000000CFFFFFFFF0C5C0200000B0B110D046C6F6F700CFFFFFFFF04FFFFFFFF0CFFFFFFFF0CFFFFFFFF0C5D0200000C86010000110E04636F6E650D07737572666163650CFFFFFFFF04FFFFFFFF0CFFFFFFFF13303333333333D33F0100000000001DC0CDCCCCCCCCCC1A40
310
147A14AE47E17A54BC000000000000F0BF0000000000000000149A14FF7A2427CBBF00000000000000008614FF7A2427CB3F06000000000000F03F0B0B06000000000000000006000000000000F03F06343333333333D33F0B0B0B0B0B110D06636F656467650CFFFFFFFF04FFFFFFFF0CFFFFFFFF0C5E0200000C93010000
310
0C880100000CF20100000A0C3301000004000000000CFFFFFFFF110D04656467650CFFFFFFFF04FFFFFFFF0CFFFFFFFF0C5F020000061378037692A4B93F0C9F01000006182D4454FB21F93F0C880100000C600200000B0707756E6B6E6F776E110D06636F656467650CFFFFFFFF04FFFFFFFF0CFFFFFFFF0CF60100000C89
310
0100000C940100000CFF0100000B0C8B01000004000000000CFFFFFFFF110D06636F656467650CFFFFFFFF04FFFFFFFF0CFFFFFFFF0C8A0100000C610200000C430200000C620200000B0C8B01000004000000000CFFFFFFFF110D04656467650CFFFFFFFF04FFFFFFFF0CFFFFFFFF0C8C01000006000000000000F0BF0C45
310
020000069A99999999991B400C8A0100000C630200000B070774616E67656E74110D06636F656467650CFFFFFFFF04FFFFFFFF0CFFFFFFFF0C640200000CF30100000C650200000C660200000B0C8B01000004000000000CFFFFFFFF110D04666163650C6702000004FFFFFFFF0CFFFFFFFF0C680200000C8B0100000C0600
310
00000CFFFFFFFF0C690200000A0B110D05706F696E740CFFFFFFFF04FFFFFFFF0CFFFFFFFF136666666666E63D408A9999999999F1BF000000000000F0BF110E0873747261696768740D0563757276650CFFFFFFFF04FFFFFFFF0CFFFFFFFF136666666666E63D406766666666E639C0000000000000000014000000000000
310
00000000000000000000000000000000F03F0B0B110D06636F656467650CFFFFFFFF04FFFFFFFF0CFFFFFFFF0CBB0100000C900100000CB70100000C220200000B0C9100000004000000000CFFFFFFFF110D06636F656467650CFFFFFFFF04FFFFFFFF0CFFFFFFFF0CB60100000CB50100000C900100000CFC0100000A0CF7
310
00000004000000000CFFFFFFFF110D04656467650CFFFFFFFF04FFFFFFFF0CFFFFFFFF0CFD01000006173EC05C6229F9BF0C230200000600000000000000800CFB0100000C6A0200000B0707756E6B6E6F776E110D067665727465780CFFFFFFFF04FFFFFFFF0CFFFFFFFF0CC501000004010000000C6B020000110E087374
310
7261696768740D0563757276650CFFFFFFFF04FFFFFFFF0CFFFFFFFF131E0B390A1078F13F969999999999A9BF000000000000F0BF14000000000000F03F000000000000000000000000000000000B0B110D04656467650CFFFFFFFF04FFFFFFFF0CFFFFFFFF0C9801000006CECCCCCCCCCC38C00C6C02000006F768666666
310
6635C00CF30100000C6D0200000B0707756E6B6E6F776E110D06636F656467650CFFFFFFFF04FFFFFFFF0CFFFFFFFF0C950100000C6E0200000C6F0200000C700200000B0C3301000004000000000CFFFFFFFF110D06636F656467650CFFFFFFFF04FFFFFFFF0CFFFFFFFF0C710200000C650200000C950100000C02020000
310
0A0C7202000004000000000CFFFFFFFF110D04656467650CFFFFFFFF04FFFFFFFF0CFFFFFFFF0C7302000006FC7E0DB099EA13400C6C02000006B213C6F47FD723400C950100000C740200000B0707756E6B6E6F776E110E0D4154545249425F435553544F4D0D066174747269620CFFFFFFFF04FFFFFFFF0CFFFFFFFF0CFF
310
FFFFFF0C96010000071667656E657269635F7461675F6174747269625F6465660403000000040300000004FFFFFFFF071767656E657269635F7461675F6174747269625F64656620040100000004010000000701320400000000040100000004400100000400000000110D04666163650C7502000004FFFFFFFF0CFFFFFFFF
310
0C760200000C300200000C060000000CFFFFFFFF0C770200000B0B110D046C6F6F700CFFFFFFFF04FFFFFFFF0CFFFFFFFF0C330100000C780200000C96010000110E05706C616E650D07737572666163650CFFFFFFFF04FFFFFFFF0CFFFFFFFF130000000000002E400000000000002BC09A99999999991B40140000000000
310
0000000000000000000000000000000000F03F14000000000000F03F000000000000000000000000000000000B0B0B0B0B110D05706F696E740CFFFFFFFF04FFFFFFFF0CFFFFFFFF136666666666E63D406766666666E639C09A99999999991B40110E0873747261696768740D0563757276650CFFFFFFFF04FFFFFFFF0CFF
310
FFFFFF13909999999999B93F6666666666E639C09A99999999991B40140000000000000080000000000000F0BF00000000000000800B0B110D05706F696E740CFFFFFFFF04FFFFFFFF0CFFFFFFFF13009A99999999B93F909999999999F1BF9A99999999991B40110E0D4154545249425F435553544F4D0D06617474726962
310
0CFFFFFFFF04FFFFFFFF0CFFFFFFFF0CFFFFFFFF0CA3010000071667656E657269635F7461675F6174747269625F6465660403000000040300000004FFFFFFFF071767656E657269635F7461675F6174747269625F646566200401000000040100000007013204000000000401000000045D0100000400000000110D046661
310
63650C7902000004FFFFFFFF0CFFFFFFFF0C7A0200000C7B0200000C060000000CFFFFFFFF0C7C0200000B0B110D046C6F6F700CFFFFFFFF04FFFFFFFF0CFFFFFFFF0CFFFFFFFF0C7D0200000CA3010000110E05706C616E650D07737572666163650CFFFFFFFF04FFFFFFFF0CFFFFFFFF130058AAE7DDBE28400A5685C0EB
310
2226C09A999999999913401400000000000000000000000000000000000000000000F03F14000000000000F03F000000000000000000000000000000000B0B0B0B0B110D06636F656467650CFFFFFFFF04FFFFFFFF0CFFFFFFFF0C120200000C7E0200000C140200000C7F0200000A0CA401000004000000000CFFFFFFFF11
310
0D06636F656467650CFFFFFFFF04FFFFFFFF0CFFFFFFFF0C190200000CA60100000C7E0200000C800200000B0C4401000004000000000CFFFFFFFF110D04656467650CFFFFFFFF04FFFFFFFF0CFFFFFFFF0C81020000060000000000001BC00CB10100000600000000000002400CAF0100000C820200000B0707756E6B6E6F
310
776E110D06636F656467650CFFFFFFFF04FFFFFFFF0CFFFFFFFF0CA80100000CA70100000C7D0200000C830200000B0CF200000004000000000CFFFFFFFF110D06636F656467650CFFFFFFFF04FFFFFFFF0CFFFFFFFF0C840200000C0E0200000CA80100000C130200000B0CA401000004000000000CFFFFFFFF110D046564
310
67650CFFFFFFFF04FFFFFFFF0CFFFFFFFF0C150200000600000000000000400C850200000600000000000008400CA80100000C860200000B0707756E6B6E6F776E110D06636F656467650CFFFFFFFF04FFFFFFFF0CFFFFFFFF0CAF0100000CA90100000C0E0200000C7F0200000B0CB001000004000000000CFFFFFFFF110D
310
067665727465780CFFFFFFFF04FFFFFFFF0CFFFFFFFF0C7F02000004000000000C87020000110E0873747261696768740D0563757276650CFFFFFFFF04FFFFFFFF0CFFFFFFFF130058AAE7DD3E2D400A5685C0EB222CC03433333333330F4014000000000000F03F000000000000000000000000000000000B0B110D06636F
310
656467650CFFFFFFFF04FFFFFFFF0CFFFFFFFF0C880200000C7D0200000CAB0100000C180200000A0C0C02000004000000000CFFFFFFFF110D04656467650CFFFFFFFF04FFFFFFFF0CFFFFFFFF0C1A0200000600000000000000000C1C0200000600000000000018400CAB0100000C890200000B0707756E6B6E6F776E110D
310
06636F656467650CFFFFFFFF04FFFFFFFF0CFFFFFFFF0CAC0100000C0F0200000C880200000C8A0200000B0C4401000004000000000CFFFFFFFF110D067665727465780CFFFFFFFF04FFFFFFFF0CFFFFFFFF0CAD01000004010000000C8B020000110E0873747261696768740D0563757276650CFFFFFFFF04FFFFFFFF0CFF
310
FFFFFF1300B054CFBB7D1F400A5685C0EB2220C0686666666666FE3F1400000000000000000000000000000000000000000000F03F0B0B110D067665727465780CFFFFFFFF04FFFFFFFF0CFFFFFFFF0CAE01000004010000000C8C020000110E0873747261696768740D0563757276650CFFFFFFFF04FFFFFFFF0CFFFFFFFF
310
1300B054CFBB7D1F400A5685C0EB222CC0686666666666FE3F1400000000000000000000000000000000000000000000F03F0B0B110D046C6F6F700CFFFFFFFF04FFFFFFFF0CFFFFFFFF0CFFFFFFFF0C8D0200000C1F020000110D04666163650C8E02000004FFFFFFFF0CFFFFFFFF0C8F0200000CB00100000C060000000C
310
FFFFFFFF0C900200000B0B110D05706F696E740CFFFFFFFF04FFFFFFFF0CFFFFFFFF1300B054CFBB7D1F400A5685C0EB2220C03433333333330F40110D05706F696E740CFFFFFFFF04FFFFFFFF0CFFFFFFFF1300B054CFBB7D1F400A5685C0EB222CC03433333333330F40110D04656467650CFFFFFFFF04FFFFFFFF0CFFFF
310
FFFF0C230200000600000000000000000CBD01000006CFCCCCCCCCCC38400CB70100000C910200000B0707756E6B6E6F776E110D067665727465780CFFFFFFFF04FFFFFFFF0CFFFFFFFF0CB801000004010000000C92020000110E0873747261696768740D0563757276650CFFFFFFFF04FFFFFFFF0CFFFFFFFF131F4185F4
310
F4F13D409258AC250DAFF1BF00000000000000001400000000000000000000000000000000000000000000F0BF0B0B110D05706F696E740CFFFFFFFF04FFFFFFFF0CFFFFFFFF131F4185F4F4F13D409258AC250DAFF1BF0000000000000000110E07656C6C697073650D0563757276650CFFFFFFFF04FFFFFFFF0CFFFFFFFF
310
135374B82728E53C40636D2D8A65E639C0000000000000F0BF1400000000000000800000000000000080000000000000F0BF140000000000000000005D5C90DACCF0BF000000000000000006000000000000F03F0B0B110D05706F696E740CFFFFFFFF04FFFFFFFF0CFFFFFFFF131E4185F4F4F13D405892279FBDE739C000
310
0000000000F0BF110E0873747261696768740D0563757276650CFFFFFFFF04FFFFFFFF0CFFFFFFFF13805D70CD4DE43C40A09A99999999A9BF00000000000000001400000000000000000000000000000000000000000000F0BF0B0B110E0D4154545249425F435553544F4D0D066174747269620CFFFFFFFF04FFFFFFFF0C
310
FFFFFFFF0CFFFFFFFF0CC80100000711736B657463685F6174747269625F646566040100000004010000000403000000070D31383420302030203020312031110D06636F656467650C9302000004FFFFFFFF0CFFFFFFFF0C940200000CC80100000C950200000C960200000B0CC300000004000000000CFFFFFFFF110D0663
310
6F656467650C9702000004FFFFFFFF0CFFFFFFFF0C980200000C990200000CC80100000C2C0200000B0C9A02000004000000000CFFFFFFFF110D04656467650CFFFFFFFF04FFFFFFFF0CFFFFFFFF0C9B0200000600000000000000000C3102000006182D4454FB21F93F0C2B0200000C9C0200000B0707756E6B6E6F776E11
310
0E0D4154545249425F435553544F4D0D066174747269620CFFFFFFFF04FFFFFFFF0CFFFFFFFF0CFFFFFFFF0CC90100000711736B657463685F6174747269625F646566040100000004010000000403000000070D31363120302031203020312031110D06636F656467650CFFFFFFFF04FFFFFFFF0CFFFFFFFF0C9D0200000C
310
C90100000CD10100000C3F0200000B0C3002000004000000000CFFFFFFFF110D06636F656467650CFFFFFFFF04FFFFFFFF0CFFFFFFFF0CC90100000C9D0200000C980200000C9E0200000A0C3002000004000000000CFFFFFFFF110D046C6F6F700CFFFFFFFF04FFFFFFFF0CFFFFFFFF0CFFFFFFFF0C9D0200000C04020000
310
110D067665727465780CFFFFFFFF04FFFFFFFF0CFFFFFFFF0C2C02000004010000000C9F020000110E0873747261696768740D0563757276650CFFFFFFFF04FFFFFFFF0CFFFFFFFF13FEFFFFFFFFFFEF3F0000000000000000000000000000000014000000000000F03F000000000000000000000000000000000A06000000
310
00000000000A060000000000003C40110E0D4154545249425F435553544F4D0D066174747269620CFFFFFFFF04FFFFFFFF0CFFFFFFFF0CFFFFFFFF0CCC0100000711736B657463685F6174747269625F646566040100000004010000000403000000070D31393220302030203020312031110D06636F656467650CA0020000
310
04FFFFFFFF0CFFFFFFFF0CCC0100000C940200000CA10200000CA20200000B0CC300000004000000000CFFFFFFFF110D06636F656467650CA302000004FFFFFFFF0CFFFFFFFF0CA40200000CA50200000CCC0100000C360200000B0CA602000004000000000CFFFFFFFF110D04656467650CFFFFFFFF04FFFFFFFF0CFFFFFF
310
FF0C3B0200000600000000000000000CA702000006182D4454FB21F93F0C350200000CA80200000B0707756E6B6E6F776E110E0D4154545249425F435553544F4D0D066174747269620CFFFFFFFF04FFFFFFFF0CFFFFFFFF0CFFFFFFFF0CCD0100000711736B657463685F6174747269625F64656604010000000401000000
310
0403000000070D31363420302031203020312031110D06636F656467650CFFFFFFFF04FFFFFFFF0CFFFFFFFF0CA90200000CCD0100000CA50200000CAA0200000B0C3A02000004000000000CFFFFFFFF110D06636F656467650CFFFFFFFF04FFFFFFFF0CFFFFFFFF0CCD0100000CA90200000CD00100000C3E0200000A0C3A
310
02000004000000000CFFFFFFFF110D046C6F6F700CFFFFFFFF04FFFFFFFF0CFFFFFFFF0CFFFFFFFF0CA90200000CAB020000110D067665727465780CFFFFFFFF04FFFFFFFF0CFFFFFFFF0CCE01000004000000000CAC020000110E0873747261696768740D0563757276650CFFFFFFFF04FFFFFFFF0CFFFFFFFF1300000000
310
000000000100000000003AC00000000000000000147A14AE47E17A543C000000000000F03F00000000000000000A0600000000000000000A060100000000003940110D06636F656467650CFFFFFFFF04FFFFFFFF0CFFFFFFFF0CD10100000CD00100000CAD0200000CAE0200000A0CD201000004000000000CFFFFFFFF110D
310
04656467650CFFFFFFFF04FFFFFFFF0CFFFFFFFF0CD40100000600000000000000000CAF02000006CDCCCCCCCCCC1A400CD00100000CB00200000B070774616E67656E74110D04656467650CFFFFFFFF04FFFFFFFF0CFFFFFFFF0CD30100000600000000000000000CB102000006CDCCCCCCCCCC1A400CD10100000CB20200
310
000B070774616E67656E74110D04666163650CB302000004FFFFFFFF0CFFFFFFFF0CC40000000CD20100000C060000000CFFFFFFFF0CB40200000B0B110D05706F696E740CFFFFFFFF04FFFFFFFF0CFFFFFFFF13FEFFFFFFFFFFEF3F00000000000000000000000000000000110D05706F696E740CFFFFFFFF04FFFFFFFF0C
310
FFFFFFFF130000000000000000000000000000F0BF0000000000000000110D06636F656467650CFFFFFFFF04FFFFFFFF0CFFFFFFFF0C6E0200000CD80100000CF40100000C620200000A0C3301000004000000000CFFFFFFFF110D06636F656467650CFFFFFFFF04FFFFFFFF0CFFFFFFFF0CD90100000C5E0200000CB50200
310
000CB60200000B0C3301000004000000000CFFFFFFFF110D067665727465780CFFFFFFFF04FFFFFFFF0CFFFFFFFF0CF501000004010000000CB7020000110E07656C6C697073650D0563757276650CFFFFFFFF04FFFFFFFF0CFFFFFFFF136766666666E63C408A9999999999F1BF9A99999999991B40140000000000000000
310
0000000000000000000000000000F03F14E0FFFFFFFFFFEF3F0000000000000000000000000000000006000000000000F03F0B0B110E0D4154545249425F435553544F4D0D066174747269620CFFFFFFFF04FFFFFFFF0CFFFFFFFF0CFFFFFFFF0CDF0100000711736B657463685F6174747269625F64656604010000000401
310
0000000403000000070D32313120302030203020312031110D06636F656467650CB802000004FFFFFFFF0CFFFFFFFF0C4A0200000CDF0100000CB90200000CBA0200000A0CE101000004000000000CFFFFFFFF110D06636F656467650CBB02000004FFFFFFFF0CFFFFFFFF0CE00100000CBC0200000CBD0200000CBE020000
310
0A0CE101000004000000000CFFFFFFFF110D06636F656467650CFFFFFFFF04FFFFFFFF0CFFFFFFFF0CBF0200000C480200000CC00200000CC10200000B0CE101000004000000000CFFFFFFFF110D04666163650CC202000004FFFFFFFF0CFFFFFFFF0CC30200000CE10100000C060000000CFFFFFFFF0CC40200000A0B110D
310
06636F656467650CFFFFFFFF04FFFFFFFF0CFFFFFFFF0CBD0200000CC50200000CE30100000C4D0200000A0CC602000004000000000CFFFFFFFF110D04656467650CFFFFFFFF04FFFFFFFF0CFFFFFFFF0C4E020000069A9999999999D93F0C5F020000069A99999999991B400CE30100000CC70200000B0707756E6B6E6F77
310
6E110D067665727465780CFFFFFFFF04FFFFFFFF0CFFFFFFFF0C4D02000004000000000CC8020000110E07656C6C697073650D0563757276650CFFFFFFFF04FFFFFFFF0CFFFFFFFF13949999999999F13F949999999999F1BF9A9999999999D93F1400000000000000000000000000000000000000000000F03F1400000000
310
00000000F5FFFFFFFFFFEF3F000000000000000006000000000000F03F0B0B110D06636F656467650CFFFFFFFF04FFFFFFFF0CFFFFFFFF0CB50200000CB90200000CE60100000C510200000B0CC902000004000000000CFFFFFFFF110D04656467650CFFFFFFFF04FFFFFFFF0CFFFFFFFF0C54020000060000000000000000
310
0C52020000060000000000001A400C500200000CCA0200000B0707756E6B6E6F776E110D067665727465780CFFFFFFFF04FFFFFFFF0CFFFFFFFF0CE701000004000000000CCB020000110E0873747261696768740D0563757276650CFFFFFFFF04FFFFFFFF0CFFFFFFFF1300000000000016409A999999999922C09A999999
310
99991B40140000000000000000000000000000F03F00000000000000000B0B110D067665727465780CFFFFFFFF04FFFFFFFF0CFFFFFFFF0CBA02000004010000000CCC020000110E0873747261696768740D0563757276650CFFFFFFFF04FFFFFFFF0CFFFFFFFF13000000000000164067666666666614C09A9999999999D9
310
3F140000000000000000000000000000F03F00000000000000000A0600000000000000000A060000000000001440110E0D4154545249425F435553544F4D0D066174747269620CFFFFFFFF04FFFFFFFF0CFFFFFFFF0CFFFFFFFF0CEA010000071667656E657269635F7461675F6174747269625F6465660403000000040300
310
000004FFFFFFFF071767656E657269635F7461675F6174747269625F64656620040100000004010000000701350400000000040100000004440100000400000000110D04666163650CCD02000004FFFFFFFF0CFFFFFFFF0CCE0000000CC90200000C060000000CFFFFFFFF0CCE0200000B0B110E05706C616E650D07737572
310
666163650CFFFFFFFF04FFFFFFFF0CFFFFFFFF13000000000000164067666666666614C09A9999999999D93F14000000000000F03F00000000000000000000000000000000140000000000000000000000000000F03F00000000000000000B0B0B0B0B110E0D4154545249425F435553544F4D0D066174747269620CFFFFFF
310
FF04FFFFFFFF0CFFFFFFFF0CFFFFFFFF0CEE010000071667656E657269635F7461675F6174747269625F6465660403000000040300000004FFFFFFFF071767656E657269635F7461675F6174747269625F64656620040100000004010000000701320400000000040100000004420100000400000000110D04666163650CCF
310
02000004FFFFFFFF0CFFFFFFFF0CD00200000CD10200000C060000000CFFFFFFFF0CD20200000B0B110D046C6F6F700CFFFFFFFF04FFFFFFFF0CFFFFFFFF0CFFFFFFFF0CD30200000CEE010000110E05746F7275730D07737572666163650CFFFFFFFF04FFFFFFFF0CFFFFFFFF13F9FFFFFFFFFFEF3F0100000000003AC0CD
310
CCCCCCCCCC1A401400000000000000000000000000000000000000000000F03F065E6666666666E63F06343333333333D33F14000000000000F03F000000000000000000000000000000000B0B0B0B0B110D06636F656467650CFFFFFFFF04FFFFFFFF0CFFFFFFFF0CD40200000CD50200000CD60200000CD70200000B0CEF
310
01000004000000000CFFFFFFFF110D06636F656467650CFFFFFFFF04FFFFFFFF0CFFFFFFFF0C440200000CF10100000CC50200000CD80200000B0C3301000004000000000CFFFFFFFF110D067665727465780CFFFFFFFF04FFFFFFFF0CFFFFFFFF0CF201000004000000000CD9020000110E07656C6C697073650D05637572
310
76650CFFFFFFFF04FFFFFFFF0CFFFFFFFF13949999999999F13F949999999999F1BF9A99999999991B401400000000000000000000000000000000000000000000F03F140000000000000000F5FFFFFFFFFFEF3F000000000000000006000000000000F03F0B0B110D06636F656467650CFFFFFFFF04FFFFFFFF0CFFFFFFFF
310
0CF40100000C640200000CDA0200000CDB0200000B0C8B01000004000000000CFFFFFFFF110D04656467650CFFFFFFFF04FFFFFFFF0CFFFFFFFF0CDC02000006CFCCCCCCCCCC28C00C450200000600000000000000800CF40100000C6D0200000B0707756E6B6E6F776E110E0873747261696768740D0563757276650CFFFF
310
FFFF04FFFFFFFF0CFFFFFFFF136666666666E63D408A9999999999F1BF00000000000000001400000000000000000000000000000000000000000000F03F0B0B110D06636F656467650CFFFFFFFF04FFFFFFFF0CFFFFFFFF0C610200000CF60100000CDD0200000CDE0200000B0C8B01000004000000000CFFFFFFFF110D06
310
636F656467650CFFFFFFFF04FFFFFFFF0CFFFFFFFF0C010200000CDF0200000CF60100000C660200000A0C7202000004000000000CFFFFFFFF110D04656467650CFFFFFFFF04FFFFFFFF0CFFFFFFFF0C6C020000069A999999999915C00CE002000006000000000000F8BF0CF60100000CE10200000B0707756E6B6E6F776E
310
110E0D4154545249425F435553544F4D0D066174747269620CFFFFFFFF04FFFFFFFF0CFFFFFFFF0CFFFFFFFF0CF7010000071667656E657269635F7461675F6174747269625F6465660403000000040300000004FFFFFFFF071767656E657269635F7461675F6174747269625F646566200402000000040100000007013404
310
000000000401000000044001000004000000000402000000070231340400000000040100000004710100000400000000110D04666163650CE202000004FFFFFFFF0CFFFFFFFF0CE30200000CE40200000C060000000CFFFFFFFF0CE50200000A0B110E05706C616E650D07737572666163650CFFFFFFFF04FFFFFFFF0CFFFF
310
FFFF136666666666E63D406766666666E639C0000000000000000014000000000000F03F00000000000000000000000000000080140000000000000080000000000000F03F00000000000000800B0B0B0B0B110E07656C6C697073650D0563757276650CFFFFFFFF04FFFFFFFF0CFFFFFFFF13805D70CD4DE43C40FEB8DB0B
310
41A7F1BF000000000000F0BF1400000000000000800000000000000080000000000000F0BF14F0394E7172DAF03F01507E4267305FBF000000000000000006000000000000F03F0B0B110D05706F696E740CFFFFFFFF04FFFFFFFF0CFFFFFFFF13805D70CD4DE43C40A09A99999999A9BF000000000000F0BF110D06766572
310
7465780CFFFFFFFF04FFFFFFFF0CFFFFFFFF0C6602000004000000000CE6020000110E0873747261696768740D0563757276650CFFFFFFFF04FFFFFFFF0CFFFFFFFF136666666666E63D408A9999999999F1BF9A99999999991B40140000000000000000000000000000F03F00000000000000000B0B110D06636F65646765
310
0CFFFFFFFF04FFFFFFFF0CFFFFFFFF0C000200000C430200000CE70200000CE80200000B0C3301000004000000000CFFFFFFFF110D06636F656467650CFFFFFFFF04FFFFFFFF0CFFFFFFFF0CE90200000CEA0200000C000200000C700200000A0CEB02000004000000000CFFFFFFFF110D04656467650CFFFFFFFF04FFFFFF
310
FF0CFFFFFFFF0CEC02000006182D4454FB21F93F0C7302000006D221337F7CD912400C000200000CED0200000B0707756E6B6E6F776E110D06636F656467650CFFFFFFFF04FFFFFFFF0CFFFFFFFF0CDF0200000C010200000CEA0200000CEE0200000A0C7202000004000000000CFFFFFFFF110D046C6F6F700CFFFFFFFF04
310
FFFFFFFF0CFFFFFFFF0CFFFFFFFF0CDF0200000CEF020000110D067665727465780CFFFFFFFF04FFFFFFFF0CFFFFFFFF0C7002000004010000000CF0020000110E0873747261696768740D0563757276650CFFFFFFFF04FFFFFFFF0CFFFFFFFF138D5C036CA6FA33400CFFFFFFFF7F36C09A99999999991B40140000000000
310
00F03F1C0A78AD28B256BD00000000000000000B0B110E0D4154545249425F435553544F4D0D066174747269620CFFFFFFFF04FFFFFFFF0CFFFFFFFF0CFFFFFFFF0C04020000071667656E657269635F7461675F6174747269625F6465660403000000040300000004FFFFFFFF071767656E657269635F7461675F61747472
310
69625F64656620040100000004020000000702313004000000000401000000043E0100000400000000110D04666163650CF102000004FFFFFFFF0CFFFFFFFF0CF20200000C9A0200000C060000000CFFFFFFFF0CF30200000B0B110E05706C616E650D07737572666163650CFFFFFFFF04FFFFFFFF0CFFFFFFFF1300000000
310
00003D4000000000000000000000000000000000140000000000000000000000000000F03F000000000000000014000000000000F0BF000000000000008000000000000000800B0B0B0B0B110D06636F656467650CFFFFFFFF04FFFFFFFF0CFFFFFFFF0CF40200000CF50200000CF60200000CF70200000B0C050200000400
310
0000000CFFFFFFFF110E0D4154545249425F435553544F4D0D066174747269620CFFFFFFFF04FFFFFFFF0CFFFFFFFF0CFFFFFFFF0C0B020000071667656E657269635F7461675F6174747269625F6465660403000000040300000004FFFFFFFF071767656E657269635F7461675F6174747269625F64656620040100000004
310
010000000701360400000000040100000004590100000400000000110D04666163650CF802000004FFFFFFFF0CFFFFFFFF0CF90200000CFA0200000C060000000CFFFFFFFF0CFB0200000B0B110D046C6F6F700CFFFFFFFF04FFFFFFFF0CFFFFFFFF0CFFFFFFFF0CF60200000C0B020000110E05706C616E650D0773757266
310
6163650CFFFFFFFF04FFFFFFFF0CFFFFFFFF13002CD5F36E5F314014AC0A81D7451EC09A99999999991B4014000000000000F03F00000000000000800000000000000000140000000000000080000000000000F0BF00000000000000800B0B0B0B0B110D06636F656467650CFFFFFFFF04FFFFFFFF0CFFFFFFFF0C17020000
310
0CFC0200000C110200000C830200000A0C0C02000004000000000CFFFFFFFF110D06636F656467650CFFFFFFFF04FFFFFFFF0CFFFFFFFF0C0E0200000C840200000C0F0200000C800200000A0CA401000004000000000CFFFFFFFF110D04656467650CFFFFFFFF04FFFFFFFF0CFFFFFFFF0C150200000600000000000012C0
310
0C8102000006000000000000F83F0C140200000CFD0200000B0707756E6B6E6F776E110D04656467650CFFFFFFFF04FFFFFFFF0CFFFFFFFF0C810200000600000000000000400CFE0200000600000000000008400C7E0200000CFF0200000B0707756E6B6E6F776E110D067665727465780CFFFFFFFF04FFFFFFFF0CFFFFFF
310
FF0C7F02000004010000000C00030000110E0873747261696768740D0563757276650CFFFFFFFF04FFFFFFFF0CFFFFFFFF130058AAE7DD3E24400A5685C0EB2220C03433333333330F4014000000000000F0BF000000000000000000000000000000000B0B110D04656467650CFFFFFFFF04FFFFFFFF0CFFFFFFFF0C1C0200
310
000600000000000000000C850200000600000000000022400C110200000C010300000B0707756E6B6E6F776E110D06636F656467650CFFFFFFFF04FFFFFFFF0CFFFFFFFF0C7E0200000C120200000CFC0200000C020300000B0CA401000004000000000CFFFFFFFF110D067665727465780CFFFFFFFF04FFFFFFFF0CFFFFFF
310
FF0C1302000004010000000C03030000110E0873747261696768740D0563757276650CFFFFFFFF04FFFFFFFF0CFFFFFFFF13002CD5F36EDF30400A5685C0EB222CC0686666666666FE3F1400000000000000000000000000000000000000000000F03F0B0B110D05706F696E740CFFFFFFFF04FFFFFFFF0CFFFFFFFF13002C
310
D5F36EDF30400A5685C0EB222CC03433333333330F40110D06636F656467650CFFFFFFFF04FFFFFFFF0CFFFFFFFF0CFC0200000C170200000C190200000C8A0200000A0C0C02000004000000000CFFFFFFFF110E0873747261696768740D0563757276650CFFFFFFFF04FFFFFFFF0CFFFFFFFF1300B054CFBB7D1F400A5685
310
C0EB2220C09A99999999991340140000000000000080000000000000F0BF00000000000000800B0B110D04656467650CFFFFFFFF04FFFFFFFF0CFFFFFFFF0CFE0200000600000000000000000C1A0200000600000000000022400C190200000C040300000B0707756E6B6E6F776E110D05706F696E740CFFFFFFFF04FFFFFF
310
FF0CFFFFFFFF1300B054CFBB7D1F400A5685C0EB2220C09A99999999991340110D05706F696E740CFFFFFFFF04FFFFFFFF0CFFFFFFFF1300B054CFBB7D1F400A5685C0EB222CC09A99999999991340110D06636F656467650CFFFFFFFF04FFFFFFFF0CFFFFFFFF0C050300000C060300000C070300000C080300000B0C1E02
310
000004000000000CFFFFFFFF110E0D4154545249425F435553544F4D0D066174747269620CFFFFFFFF04FFFFFFFF0CFFFFFFFF0CFFFFFFFF0C1F020000071667656E657269635F7461675F6174747269625F6465660403000000040300000004FFFFFFFF071767656E657269635F7461675F6174747269625F646566200401
310
00000004010000000701320400000000040100000004590100000400000000110D04666163650C0903000004FFFFFFFF0CFFFFFFFF0C0A0300000C0B0300000C060000000CFFFFFFFF0C0C0300000A0B110E05706C616E650D07737572666163650CFFFFFFFF04FFFFFFFF0CFFFFFFFF130058AAE7DDBE28400A5685C0EB22
310
26C03433333333330F401400000000000000000000000000000000000000000000F0BF14000000000000F0BF000000000000000000000000000000000B0B0B0B0B110E0873747261696768740D0563757276650CFFFFFFFF04FFFFFFFF0CFFFFFFFF131F4185F4F4F13D409258AC250DAFF1BF000000000000F0BF14000000
310
0000000000000000000000F0BF00000000000000000B0B110D05706F696E740CFFFFFFFF04FFFFFFFF0CFFFFFFFF131F4185F4F4F13D409258AC250DAFF1BF000000000000F0BF110E0D4154545249425F435553544F4D0D066174747269620CFFFFFFFF04FFFFFFFF0CFFFFFFFF0CFFFFFFFF0C2A0200000711736B657463
310
685F6174747269625F646566040100000004010000000403000000070D31363220302031203020312031110D06636F656467650C0D03000004FFFFFFFF0CFFFFFFFF0C340200000C2A0200000C0E0300000C0F0300000A0CC300000004000000000CFFFFFFFF110D06636F656467650C1003000004FFFFFFFF0CFFFFFFFF0C
310
110300000C120300000C2A0200000C960200000A0C1303000004000000000CFFFFFFFF110D04656467650CFFFFFFFF04FFFFFFFF0CFFFFFFFF0C9B0200000600000000000000000C140300000600000000000039400C950200000C150300000B0707756E6B6E6F776E110E0D4154545249425F435553544F4D0D0661747472
310
69620CFFFFFFFF04FFFFFFFF0CFFFFFFFF0CFFFFFFFF0C2B0200000711736B657463685F6174747269625F646566040100000004010000000403000000070D31383420302030203020312031110D06636F656467650CFFFFFFFF04FFFFFFFF0CFFFFFFFF0C160300000C2B0200000C2F0200000C9E0200000B0C9A02000004
310
000000000CFFFFFFFF110D06636F656467650CFFFFFFFF04FFFFFFFF0CFFFFFFFF0C2B0200000C160300000C110300000C170300000A0C9A02000004000000000CFFFFFFFF110D046C6F6F700CFFFFFFFF04FFFFFFFF0CFFFFFFFF0CFFFFFFFF0C160300000C76020000110D067665727465780CFFFFFFFF04FFFFFFFF0CFF
310
FFFFFF0C9602000004000000000C18030000110E07656C6C697073650D0563757276650CFFFFFFFF04FFFFFFFF0CFFFFFFFF130000000000003D40F8FFFFFFFFFFEFBF00000000000000001400000000000000800000000000000000000000000000F03F14000000000000F03F000000000000000000000000000000000600
310
0000000000F03F0A0600000000000000000A06182D4454FB21F93F110D06636F656467650CFFFFFFFF04FFFFFFFF0CFFFFFFFF0C2F0200000C2E0200000C190300000C1A0300000A0C3002000004000000000CFFFFFFFF110D04656467650CFFFFFFFF04FFFFFFFF0CFFFFFFFF0C310200000600000000000000000C1B0300
310
0006CDCCCCCCCCCC1A400C980200000C1C0300000B070774616E67656E74110D05706F696E740CFFFFFFFF04FFFFFFFF0CFFFFFFFF130000000000003D40000000000000D03C0000000000000000110E0D4154545249425F435553544F4D0D066174747269620CFFFFFFFF04FFFFFFFF0CFFFFFFFF0CFFFFFFFF0C34020000
310
0711736B657463685F6174747269625F646566040100000004010000000403000000070D31363320302031203020312031110D06636F656467650C1D03000004FFFFFFFF0CFFFFFFFF0C1E0300000C1F0300000C340200000CA20200000A0C2003000004000000000CFFFFFFFF110D04656467650CFFFFFFFF04FFFFFFFF0C
310
FFFFFFFF0C210300000600000000000000000CA7020000060000000000003C400CA10200000C220300000B0707756E6B6E6F776E110E0D4154545249425F435553544F4D0D066174747269620CFFFFFFFF04FFFFFFFF0CFFFFFFFF0CFFFFFFFF0C350200000711736B657463685F6174747269625F64656604010000000401
310
0000000403000000070D31393220302030203020312031110D06636F656467650CFFFFFFFF04FFFFFFFF0CFFFFFFFF0C230300000C350200000C1F0300000C240300000B0CA602000004000000000CFFFFFFFF110D06636F656467650CFFFFFFFF04FFFFFFFF0CFFFFFFFF0C350200000C230300000C380200000CAA020000
310
0A0CA602000004000000000CFFFFFFFF110D046C6F6F700CFFFFFFFF04FFFFFFFF0CFFFFFFFF0CFFFFFFFF0C230300000C25030000110D067665727465780CFFFFFFFF04FFFFFFFF0CFFFFFFFF0C3602000004010000000C26030000110E07656C6C697073650D0563757276650CFFFFFFFF04FFFFFFFF0CFFFFFFFF13F9FF
310
FFFFFFFFEF3F0100000000003AC000000000000000001400000000000000000000000000000000000000000000F03F14F9FFFFFFFFFFEFBF0000000000000000000000000000000006000000000000F03F0A0600000000000000000A06182D4454FB21F93F110D06636F656467650CFFFFFFFF04FFFFFFFF0CFFFFFFFF0C39
310
0200000C380200000CD40200000C270300000A0C3A02000004000000000CFFFFFFFF110D04656467650CFFFFFFFF04FFFFFFFF0CFFFFFFFF0C3B0200000600000000000000000C2803000006CDCCCCCCCCCC1A400C380200000C290300000B070774616E67656E74110D04666163650C2A03000004FFFFFFFF0CFFFFFFFF0C
310
2B0300000C3A0200000C060000000CFFFFFFFF0C2C0300000B0B110D05706F696E740CFFFFFFFF04FFFFFFFF0CFFFFFFFF1300000000000000000100000000003AC00000000000000000110D06636F656467650CFFFFFFFF04FFFFFFFF0CFFFFFFFF0CD60200000C2D0300000C3D0200000CAE0200000B0C2E030000040000
310
00000CFFFFFFFF110D04656467650CFFFFFFFF04FFFFFFFF0CFFFFFFFF0CB102000006222D4454FB21E9BF0CAF02000006212D4454FB21E93F0C3D0200000C2F0300000B070774616E67656E74110D067665727465780CFFFFFFFF04FFFFFFFF0CFFFFFFFF0C2703000004000000000C30030000110E087374726169676874
310
0D0563757276650CFFFFFFFF04FFFFFFFF0CFFFFFFFF130000000000000000000000000000F0BF00000000000000001400000000000000000000000000000000000000000000F03F0B0B110D067665727465780CFFFFFFFF04FFFFFFFF0CFFFFFFFF0CAE02000004000000000C31030000110E0873747261696768740D0563
310
757276650CFFFFFFFF04FFFFFFFF0CFFFFFFFF13FEFFFFFFFFFFEF3F000000000000000000000000000000001400000000000000000000000000000000000000000000F03F0B0B110E0D4154545249425F435553544F4D0D066174747269620CFFFFFFFF04FFFFFFFF0CFFFFFFFF0CFFFFFFFF0C40020000071667656E6572
310
69635F7461675F6174747269625F6465660403000000040300000004FFFFFFFF071767656E657269635F7461675F6174747269625F646566200401000000040100000007013304000000000401000000043E0100000400000000110E04636F6E650D07737572666163650CFFFFFFFF04FFFFFFFF0CFFFFFFFF13F6FFFFFFFF
310
FFEF3FF6FFFFFFFFFFEFBF00000000000000001400000000000000000000000000000000000000000000F03F14000000000000D03CF6FFFFFFFFFFEF3F000000000000000006000000000000F03F0B0B06000000000000000006000000000000F03F06F6FFFFFFFFFFEF3F0B0B0B0B0B110D06636F656467650CFFFFFFFF04
310
FFFFFFFF0CFFFFFFFF0C320300000C500200000C440200000CB60200000A0CC902000004000000000CFFFFFFFF110D04656467650CFFFFFFFF04FFFFFFFF0CFFFFFFFF0C33030000060000000000001CC00C520200000600000000000004C00C440200000C340300000B0707756E6B6E6F776E110D05706F696E740CFFFFFF
310
FF04FFFFFFFF0CFFFFFFFF136666666666E63D40909999999999F1BF9A99999999991B40110E0D4154545249425F435553544F4D0D066174747269620CFFFFFFFF04FFFFFFFF0CFFFFFFFF0CFFFFFFFF0C480200000711736B657463685F6174747269625F646566040100000004010000000403000000070D323130203020
310
30203020312031110D06636F656467650C3503000004FFFFFFFF0CFFFFFFFF0C500200000C360300000C480200000CBA0200000B0CC902000004000000000CFFFFFFFF110D04656467650CFFFFFFFF04FFFFFFFF0CFFFFFFFF0C37030000069A999999999911400C540200000600000000000012400CB90200000C38030000
310
0B0707756E6B6E6F776E110E0D4154545249425F435553544F4D0D066174747269620CFFFFFFFF04FFFFFFFF0CFFFFFFFF0CFFFFFFFF0C490200000711736B657463685F6174747269625F646566040100000004010000000403000000070D32313320302030203020312031110D06636F656467650C3903000004FFFFFFFF
310
0CFFFFFFFF0C490200000C3A0300000C3B0300000C3C0300000A0CE101000004000000000CFFFFFFFF110D06636F656467650C3D03000004FFFFFFFF0CFFFFFFFF0C3E0300000C4C0200000C490200000CBE0200000B0CC602000004000000000CFFFFFFFF110D04656467650CFFFFFFFF04FFFFFFFF0CFFFFFFFF0C4E0200
310
000680AC239B0D88743F0C3F0300000600000000000014400CBD0200000C400300000B0707756E6B6E6F776E110D06636F656467650CFFFFFFFF04FFFFFFFF0CFFFFFFFF0C3A0300000C4A0200000C410300000C420300000B0CE101000004000000000CFFFFFFFF110D06636F656467650C4303000004FFFFFFFF0CFFFFFF
310
FF0C440300000C450300000C4A0200000CC10200000A0C4603000004000000000CFFFFFFFF110D04656467650CFFFFFFFF04FFFFFFFF0CFFFFFFFF0C3703000006000000000000F4BF0C47030000066866666666660C400C4A0200000C480300000B0707756E6B6E6F776E110E0D4154545249425F435553544F4D0D066174
310
747269620CFFFFFFFF04FFFFFFFF0CFFFFFFFF0CFFFFFFFF0C4B020000071667656E657269635F7461675F6174747269625F6465660403000000040300000004FFFFFFFF071767656E657269635F7461675F6174747269625F6465662004010000000401000000070131040000000004010000000444010000040000000011
310
0D04666163650C4903000004FFFFFFFF0CFFFFFFFF0CEA0100000CC60200000C060000000CFFFFFFFF0C4A0300000B0B110E05706C616E650D07737572666163650CFFFFFFFF04FFFFFFFF0CFFFFFFFF130000000000000A40CECCCCCCCCCC04C09A9999999999D93F14000000000000000000000000000000000000000000
310
00F03F14000000000000F03F000000000000000000000000000000000B0B0B0B0B110D06636F656467650CFFFFFFFF04FFFFFFFF0CFFFFFFFF0C4C0200000C3E0300000C5E0200000CD80200000A0CC602000004000000000CFFFFFFFF110D046C6F6F700CFFFFFFFF04FFFFFFFF0CFFFFFFFF0CFFFFFFFF0C4C0200000CC3
310
020000110E0873747261696768740D0563757276650CFFFFFFFF04FFFFFFFF0CFFFFFFFF13020000000000F03F68D44B731AE2BABF00000000000000001400000000000000800000000000000000000000000000F03F0B0B110D05706F696E740CFFFFFFFF04FFFFFFFF0CFFFFFFFF13020000000000F03F68D44B731AE2BA
310
BF9A9999999999D93F110D046C6F6F700CFFFFFFFF04FFFFFFFF0CFFFFFFFF0CFFFFFFFF0C360300000C57020000110E0873747261696768740D0563757276650CFFFFFFFF04FFFFFFFF0CFFFFFFFF13000000000000164067666666666614C09A9999999999D93F1400000000000000000000000000000000000000000000
310
F03F0B0B110D05706F696E740CFFFFFFFF04FFFFFFFF0CFFFFFFFF13000000000000164066666666666614C09A99999999991B40110D05706F696E740CFFFFFFFF04FFFFFFFF0CFFFFFFFF13000000000000164067666666666614C09A9999999999D93F110E0D4154545249425F435553544F4D0D066174747269620CFFFF
310
FFFF04FFFFFFFF0CFFFFFFFF0CFFFFFFFF0C57020000071667656E657269635F7461675F6174747269625F6465660403000000040300000004FFFFFFFF071767656E657269635F7461675F6174747269625F64656620040100000004010000000701340400000000040100000004440100000400000000110E05706C616E65
310
0D07737572666163650CFFFFFFFF04FFFFFFFF0CFFFFFFFF13020000000000F03F67666666666614C09A9999999999D93F140000000000000000000000000000F0BF000000000000000014000000000000F03F000000000000000000000000000000000B0B0B0B0B110E0D4154545249425F435553544F4D0D066174747269
310
620CFFFFFFFF04FFFFFFFF0CFFFFFFFF0CFFFFFFFF0C5A020000071667656E657269635F7461675F6174747269625F6465660403000000040300000004FFFFFFFF071767656E657269635F7461675F6174747269625F64656620040100000004010000000701330400000000040100000004420100000400000000110D0466
310
6163650C4B03000004FFFFFFFF0CFFFFFFFF0C4C0300000C4D0300000C060000000CFFFFFFFF0C4E0300000B0B110D046C6F6F700CFFFFFFFF04FFFFFFFF0CFFFFFFFF0CFFFFFFFF0C4F0300000C5A020000110E04636F6E650D07737572666163650CFFFFFFFF04FFFFFFFF0CFFFFFFFF1300000000000020403333333333
310
B33AC0CDCCCCCCCCCC1A4014000000000000F03F00000000000000000000000000000080140000000000000000D414FF7A2427CBBF4C14FF7A2427CB3F06000000000000F03F0B0B06000000000000000006000000000000F03F06343333333333D33F0B0B0B0B0B110D06636F656467650CFFFFFFFF04FFFFFFFF0CFFFFFF
310
FF0C500300000C510300000C520300000C530300000B0C5B02000004000000000CFFFFFFFF110D06636F656467650CFFFFFFFF04FFFFFFFF0CFFFFFFFF0C540300000C5D0200000CA90200000C270300000B0CEF01000004000000000CFFFFFFFF110D06636F656467650CFFFFFFFF04FFFFFFFF0CFFFFFFFF0C5D0200000C
310
540300000C550300000C560300000B0CEF01000004000000000CFFFFFFFF110D06636F656467650CFFFFFFFF04FFFFFFFF0CFFFFFFFF0C570300000CAD0200000C5D0200000CD70200000A0C2E03000004000000000CFFFFFFFF110D04656467650CFFFFFFFF04FFFFFFFF0CFFFFFFFF0C580300000600000000000000000C
310
AF02000006182D4454FB21F93F0C5D0200000C590300000B070774616E67656E74110D04656467650CFFFFFFFF04FFFFFFFF0CFFFFFFFF0C5F02000006E10366C9AAC71AC00C3303000006343333333333FBBF0C5E0200000C5A0300000B0707756E6B6E6F776E110D05706F696E740CFFFFFFFF04FFFFFFFF0CFFFFFFFF13
310
020000000000F03F68D44B731AE2BABF9A99999999991B40110D06636F656467650CFFFFFFFF04FFFFFFFF0CFFFFFFFF0C5B0300000CE70200000C610200000CDB0200000A0C5C03000004000000000CFFFFFFFF110D04656467650CFFFFFFFF04FFFFFFFF0CFFFFFFFF0C5D03000006000000000000F83F0CDC020000069A
310
999999999915400C610200000C5E0300000B0707756E6B6E6F776E110D067665727465780CFFFFFFFF04FFFFFFFF0CFFFFFFFF0C6202000004000000000C5F030000110D06636F656467650C6003000004FFFFFFFF0CFFFFFFFF0C610300000C620300000C640200000CDE0200000A0C6303000004000000000CFFFFFFFF11
310
0D04656467650CFFFFFFFF04FFFFFFFF0CFFFFFFFF0CE00200000600D799999999E1BF0C5D03000006B067666666E620400C640200000C640300000B0707756E6B6E6F776E110D06636F656467650C6503000004FFFFFFFF0CFFFFFFFF0C650200000C710200000C610300000C660300000B0C7202000004000000000CFFFF
310
FFFF110D067665727465780CFFFFFFFF04FFFFFFFF0CFFFFFFFF0C6602000004010000000C67030000110E0873747261696768740D0563757276650CFFFFFFFF04FFFFFFFF0CFFFFFFFF136666666666E63D408F020000008036C0000000000000F83F1400000000000000000000000000000000000000000000F0BF0B0B11
310
0E0D4154545249425F435553544F4D0D066174747269620CFFFFFFFF04FFFFFFFF0CFFFFFFFF0CFFFFFFFF0C68020000071667656E657269635F7461675F6174747269625F6465660403000000040300000004FFFFFFFF071767656E657269635F7461675F6174747269625F64656620040100000004010000000701350400
310
000000040100000004560100000400000000110D04666163650C6803000004FFFFFFFF0CFFFFFFFF0C690300000C6A0300000C060000000CFFFFFFFF0C6B0300000A0B110D046C6F6F700CFFFFFFFF04FFFFFFFF0CFFFFFFFF0CFFFFFFFF0C6C0300000C68020000110E05706C616E650D07737572666163650CFFFFFFFF04
310
FFFFFFFF0CFFFFFFFF139C9999999999F13F303333333333D3BF9A9999999999D93F14000000000000F0BF00000000000000000000000000000000140000000000000000000000000000F0BF00000000000000000B0B0B0B0B110D05706F696E740CFFFFFFFF04FFFFFFFF0CFFFFFFFF136666666666E63D40900200000080
310
36C09A99999999991B40110D06636F656467650CFFFFFFFF04FFFFFFFF0CFFFFFFFF0CDA0200000C6D0300000C6E0200000CE80200000A0C5C03000004000000000CFFFFFFFF110D04656467650CFFFFFFFF04FFFFFFFF0CFFFFFFFF0CDC02000006CCCCCCCCCCCC1DC00CEC02000006C8489C26CD1004C00C6E0200000C6E
310
0300000B0707756E6B6E6F776E110D06636F656467650CFFFFFFFF04FFFFFFFF0CFFFFFFFF0C6F0300000C6F0200000C6D0300000C700300000A0CEB02000004000000000CFFFFFFFF110D06636F656467650CFFFFFFFF04FFFFFFFF0CFFFFFFFF0C6F0200000C6F0300000C710200000CEE0200000B0CEB02000004000000
310
000CFFFFFFFF110D046C6F6F700CFFFFFFFF04FFFFFFFF0CFFFFFFFF0CFFFFFFFF0C6F0300000C71030000110D067665727465780CFFFFFFFF04FFFFFFFF0CFFFFFFFF0C7002000004000000000C72030000110E07656C6C697073650D0563757276650CFFFFFFFF04FFFFFFFF0CFFFFFFFF134CBC06D84CF5384000000000
310
000032C09A99999999991B401400000000000000000000000000000000000000000000F03F1400000000000012400000000000000000000000000000000006000000000000F03F0B0B110D04656467650CFFFFFFFF04FFFFFFFF0CFFFFFFFF0C730300000600000000000000000C73020000063433333333330F400C710200
310
000C740300000B070774616E67656E74110D04666163650C7503000004FFFFFFFF0CFFFFFFFF0C760300000C720200000C060000000CFFFFFFFF0C770300000B0B110D05706F696E740CFFFFFFFF04FFFFFFFF0CFFFFFFFF134CBC06D84CF53840CF000000008036C09A99999999991B40110E0D4154545249425F43555354
310
4F4D0D066174747269620CFFFFFFFF04FFFFFFFF0CFFFFFFFF0CFFFFFFFF0C76020000071667656E657269635F7461675F6174747269625F6465660403000000040300000004FFFFFFFF071767656E657269635F7461675F6174747269625F646566200401000000040100000007013904000000000401000000043E010000
310
0400000000110D04666163650C7803000004FFFFFFFF0CFFFFFFFF0C400200000C130300000C060000000CFFFFFFFF0C790300000B0B110E04636F6E650D07737572666163650CFFFFFFFF04FFFFFFFF0CFFFFFFFF130000000000003D40F8FFFFFFFFFFEFBF00000000000000001400000000000000000000000000000000
310
000000000000F03F14000000000000F03F0000000000000000000000000000000006000000000000F03F0B0B06000000000000000006000000000000F03F06000000000000F03F0B0B0B0B0B110D06636F656467650CFFFFFFFF04FFFFFFFF0CFFFFFFFF0C7A0300000C780200000C7B0300000C7C0300000B0C0502000004
310
000000000CFFFFFFFF110D06636F656467650CFFFFFFFF04FFFFFFFF0CFFFFFFFF0C780200000C7A0300000C7D0300000C7E0300000B0C0502000004000000000CFFFFFFFF110D06636F656467650C7F03000004FFFFFFFF0CFFFFFFFF0C800300000C810300000C780200000CF70200000A0C7B02000004000000000CFFFF
310
FFFF110D04656467650CFFFFFFFF04FFFFFFFF0CFFFFFFFF0C82030000060A5685C0EB2210C00C8303000006EC53F57E28BA07400C780200000C840300000B0707756E6B6E6F776E110E0D4154545249425F435553544F4D0D066174747269620CFFFFFFFF04FFFFFFFF0CFFFFFFFF0CFFFFFFFF0C7A020000071667656E65
310
7269635F7461675F6174747269625F6465660403000000040300000004FFFFFFFF071767656E657269635F7461675F6174747269625F64656620040100000004010000000701350400000000040100000004590100000400000000110D04666163650C8503000004FFFFFFFF0CFFFFFFFF0C860300000C870300000C060000
310
000CFFFFFFFF0C880300000B0B110D046C6F6F700CFFFFFFFF04FFFFFFFF0CFFFFFFFF0CFFFFFFFF0C7B0300000C7A020000110E05706C616E650D07737572666163650CFFFFFFFF04FFFFFFFF0CFFFFFFFF1300B054CFBB7D1D4014AC0A81D7451EC09A99999999991B40140000000000000000000000000000F03F000000
310
000000000014000000000000F03F000000000000008000000000000000800B0B0B0B0B110D06636F656467650CFFFFFFFF04FFFFFFFF0CFFFFFFFF0C7D0200000C880200000C840200000C020300000A0C0C02000004000000000CFFFFFFFF110E0873747261696768740D0563757276650CFFFFFFFF04FFFFFFFF0CFFFFFF
310
FF13002CD5F36EDF30400A5685C0EB2223C03433333333330F40140000000000000000000000000000F03F00000000000000000B0B110D067665727465780CFFFFFFFF04FFFFFFFF0CFFFFFFFF0C8002000004010000000C89030000110E0873747261696768740D0563757276650CFFFFFFFF04FFFFFFFF0CFFFFFFFF1300
310
2CD5F36EDF30400A5685C0EB2220C0686666666666FE3F1400000000000000000000000000000000000000000000F03F0B0B110D05706F696E740CFFFFFFFF04FFFFFFFF0CFFFFFFFF13002CD5F36EDF30400A5685C0EB2220C03433333333330F40110E0873747261696768740D0563757276650CFFFFFFFF04FFFFFFFF0C
310
FFFFFFFF1300B054CFBB7D1F400A5685C0EB222CC09A9999999999134014000000000000F03F000000000000000000000000000000000B0B110D04656467650CFFFFFFFF04FFFFFFFF0CFFFFFFFF0C850200000600000000000000000CFE0200000600000000000018400C840200000C8A0300000B0707756E6B6E6F776E11
310
0D05706F696E740CFFFFFFFF04FFFFFFFF0CFFFFFFFF13002CD5F36EDF30400A5685C0EB222CC09A99999999991340110E0873747261696768740D0563757276650CFFFFFFFF04FFFFFFFF0CFFFFFFFF13002CD5F36EDF30400A5685C0EB2220C09A9999999999134014000000000000F0BF00000000000000800000000000
310
0000800B0B110D06636F656467650CFFFFFFFF04FFFFFFFF0CFFFFFFFF0C8B0300000C8D0200000C8C0300000C8D0300000B0C1E02000004000000000CFFFFFFFF110D06636F656467650CFFFFFFFF04FFFFFFFF0CFFFFFFFF0C8D0200000C8B0300000C8E0300000C8F0300000B0C1E02000004000000000CFFFFFFFF110D
310
06636F656467650CFFFFFFFF04FFFFFFFF0CFFFFFFFF0C900300000C910300000C8D0200000C080300000A0C9203000004000000000CFFFFFFFF110D04656467650CFFFFFFFF04FFFFFFFF0CFFFFFFFF0C930300000600000000000024C00C940300000600000000000000800C070300000C950300000B0707756E6B6E6F77
310
6E110E0D4154545249425F435553544F4D0D066174747269620CFFFFFFFF04FFFFFFFF0CFFFFFFFF0CFFFFFFFF0C8F020000071667656E657269635F7461675F6174747269625F6465660403000000040300000004FFFFFFFF071767656E657269635F7461675F6174747269625F6465662004010000000401000000070135
310
0400000000040100000004540100000400000000110D04666163650C9603000004FFFFFFFF0CFFFFFFFF0C970300000C980300000C060000000CFFFFFFFF0C990300000A0B110D046C6F6F700CFFFFFFFF04FFFFFFFF0CFFFFFFFF0C9A0300000C9B0300000C8F020000110E04636F6E650D07737572666163650CFFFFFFFF
310
04FFFFFFFF0CFFFFFFFF1398AE36F77CA5364095BBE45B83032FC0CDCCCCCCCCCCEC3F1400000000000000000000000000000000000000000000F03F14809999999999C93F0000000000000000000000000000000006000000000000F03F0B0B06000000000000000006000000000000F03F06809999999999C93F0B0B0B0B
310
0B110E0D4154545249425F435553544F4D0D066174747269620CFFFFFFFF04FFFFFFFF0CFFFFFFFF0CFFFFFFFF0C940200000711736B657463685F6174747269625F646566040100000004010000000403000000070D31383820302030203020312031110D06636F656467650C9C03000004FFFFFFFF0CFFFFFFFF0C9D0300
310
000C9E0300000C940200000C0F0300000B0C9F03000004000000000CFFFFFFFF110D04656467650CFFFFFFFF04FFFFFFFF0CFFFFFFFF0C210300000600000000000000000C1403000006182D4454FB21F93F0C0E0300000CA00300000B0707756E6B6E6F776E110E0D4154545249425F435553544F4D0D066174747269620C
310
FFFFFFFF04FFFFFFFF0CFFFFFFFF0CFFFFFFFF0C950200000711736B657463685F6174747269625F646566040100000004010000000403000000070D31363220302031203020312031110D06636F656467650CFFFFFFFF04FFFFFFFF0CFFFFFFFF0CA10300000C950200000C990200000C170300000B0C1303000004000000
310
000CFFFFFFFF110D06636F656467650CFFFFFFFF04FFFFFFFF0CFFFFFFFF0C950200000CA10300000C9D0300000CA20300000A0C1303000004000000000CFFFFFFFF110D046C6F6F700CFFFFFFFF04FFFFFFFF0CFFFFFFFF0CFFFFFFFF0CA10300000CF2020000110D067665727465780CFFFFFFFF04FFFFFFFF0CFFFFFFFF
310
0C0F03000004010000000CA3030000110E0873747261696768740D0563757276650CFFFFFFFF04FFFFFFFF0CFFFFFFFF130000000000003E40F8FFFFFFFFFFEFBF0000000000000000140000000000000000000000000000F0BF00000000000000000A0600000000000000000A060000000000003940110D06636F65646765
310
0CFFFFFFFF04FFFFFFFF0CFFFFFFFF0C990200000C980200000CA40300000CA50300000A0C9A02000004000000000CFFFFFFFF110D04656467650CFFFFFFFF04FFFFFFFF0CFFFFFFFF0C9B0200000600000000000000000CA603000006CDCCCCCCCCCC1A400C110300000CA70300000B070774616E67656E74110D05706F69
310
6E740CFFFFFFFF04FFFFFFFF0CFFFFFFFF130000000000003E40F8FFFFFFFFFFEFBF0000000000000000110D06636F656467650CFFFFFFFF04FFFFFFFF0CFFFFFFFF0CA80300000CA90300000C9D0200000C1A0300000B0CAA03000004000000000CFFFFFFFF110D04656467650CFFFFFFFF04FFFFFFFF0CFFFFFFFF0C1B03
310
0000060000000000001CC00CB10200000600000000000035400C9D0200000CAB0300000B070774616E67656E74110D067665727465780CFFFFFFFF04FFFFFFFF0CFFFFFFFF0C1A03000004000000000CAC030000110E0873747261696768740D0563757276650CFFFFFFFF04FFFFFFFF0CFFFFFFFF130000000000003D4000
310
0000000000D03C00000000000000001400000000000000000000000000000000000000000000F03F0B0B110E0D4154545249425F435553544F4D0D066174747269620CFFFFFFFF04FFFFFFFF0CFFFFFFFF0CFFFFFFFF0CA10200000711736B657463685F6174747269625F646566040100000004010000000403000000070D
310
31363320302031203020312031110D06636F656467650CFFFFFFFF04FFFFFFFF0CFFFFFFFF0CAD0300000CA10200000C9E0300000CAE0300000B0C2003000004000000000CFFFFFFFF110D06636F656467650CFFFFFFFF04FFFFFFFF0CFFFFFFFF0CA10200000CAD0300000CA40200000C240300000A0C2003000004000000
310
000CFFFFFFFF110D046C6F6F700CFFFFFFFF04FFFFFFFF0CFFFFFFFF0CFFFFFFFF0CAD0300000CAF030000110D067665727465780CFFFFFFFF04FFFFFFFF0CFFFFFFFF0CA202000004000000000CB0030000110E0873747261696768740D0563757276650CFFFFFFFF04FFFFFFFF0CFFFFFFFF130000000000003D40000000
310
0000003BC0000000000000000014000000000000F0BF000000000000000000000000000000000A0600000000000000000A060000000000003C40110D06636F656467650CFFFFFFFF04FFFFFFFF0CFFFFFFFF0CA50200000CA40200000C510300000CB10300000A0CA602000004000000000CFFFFFFFF110D04656467650CFF
310
FFFFFF04FFFFFFFF0CFFFFFFFF0CA70200000600000000000000000CB203000006CDCCCCCCCCCC1A400CA40200000CB30300000B070774616E67656E74110D04666163650CB403000004FFFFFFFF0CFFFFFFFF0CAB0200000CA60200000C060000000CFFFFFFFF0CB50300000B0B110D05706F696E740CFFFFFFFF04FFFFFF
310
FF0CFFFFFFFF13F8FFFFFFFFFFEF3F0100000000003BC00000000000000000110D04656467650CFFFFFFFF04FFFFFFFF0CFFFFFFFF0CAF0200000601000000000019C00C28030000060100000000C032400CA90200000CB60300000B070774616E67656E74110D067665727465780CFFFFFFFF04FFFFFFFF0CFFFFFFFF0C27
310
03000004010000000CB7030000110E0873747261696768740D0563757276650CFFFFFFFF04FFFFFFFF0CFFFFFFFF1300000000000000000100000000003AC000000000000000001400000000000000000000000000000000000000000000F03F0B0B110E0D4154545249425F435553544F4D0D066174747269620CFFFFFFFF
310
04FFFFFFFF0CFFFFFFFF0CFFFFFFFF0CAB020000071667656E657269635F7461675F6174747269625F6465660403000000040300000004FFFFFFFF071767656E657269635F7461675F6174747269625F646566200401000000040100000007013404000000000401000000043E0100000400000000110D04666163650CB803
310
000004FFFFFFFF0CFFFFFFFF0C660000000CB90300000C060000000CFFFFFFFF0CBA0300000B0B110E05706C616E650D07737572666163650CFFFFFFFF04FFFFFFFF0CFFFFFFFF13000000000000A03C000000000000F0BF000000000000000014000000000000F0BF7A14AE47E17A543C0000000000000000147A14AE47E1
310
7A54BC000000000000F0BF00000000000000800B0B0B0B0B110D06636F656467650CFFFFFFFF04FFFFFFFF0CFFFFFFFF0CAD0200000C570300000CA80300000CBB0300000A0C2E03000004000000000CFFFFFFFF110D046C6F6F700CFFFFFFFF04FFFFFFFF0CFFFFFFFF0CFFFFFFFF0CD60200000CBC030000110E07656C6C
310
697073650D0563757276650CFFFFFFFF04FFFFFFFF0CFFFFFFFF13F6FFFFFFFFFFEF3FF6FFFFFFFFFFEFBFCDCCCCCCCCCC1A401400000000000000000000000000000000000000000000F03F14C73B7F669EA0E6BFC53B7F669EA0E63F000000000000000006000000000000F03F0A06282D4454FB21E9BF0A06252D4454FB
310
21E93F110D05706F696E740CFFFFFFFF04FFFFFFFF0CFFFFFFFF130000000000000000000000000000F0BFCDCCCCCCCCCC1A40110D05706F696E740CFFFFFFFF04FFFFFFFF0CFFFFFFFF13FEFFFFFFFFFFEF3F0000000000000000CDCCCCCCCCCC1A40110D06636F656467650CFFFFFFFF04FFFFFFFF0CFFFFFFFF0C3B0300
310
000CB50200000C3E0300000CBD0300000A0CC902000004000000000CFFFFFFFF110D067665727465780CFFFFFFFF04FFFFFFFF0CFFFFFFFF0CB602000004000000000CBE030000110E0873747261696768740D0563757276650CFFFFFFFF04FFFFFFFF0CFFFFFFFF13000000000000204068666666666614C09A9999999999
310
1B4014000000000000F03F000000000000000000000000000000800B0B110E0D4154545249425F435553544F4D0D066174747269620CFFFFFFFF04FFFFFFFF0CFFFFFFFF0CFFFFFFFF0CB90200000711736B657463685F6174747269625F646566040100000004010000000403000000070D32313020302030203020312031
310
110D06636F656467650CFFFFFFFF04FFFFFFFF0CFFFFFFFF0CB90200000CBF0300000C440300000CC00300000B0CC902000004000000000CFFFFFFFF110D067665727465780CFFFFFFFF04FFFFFFFF0CFFFFFFFF0CBA02000004000000000CC1030000110E0873747261696768740D0563757276650CFFFFFFFF04FFFFFFFF
310
0CFFFFFFFF13020000000000F03F67666666666614C09A9999999999D93F14000000000000F03F000000000000000000000000000000000A0600000000000000000A060000000000001240110E0D4154545249425F435553544F4D0D066174747269620CFFFFFFFF04FFFFFFFF0CFFFFFFFF0CFFFFFFFF0CBC020000071173
310
6B657463685F6174747269625F646566040100000004010000000403000000070D32313020302030203020312031110D06636F656467650CFFFFFFFF04FFFFFFFF0CFFFFFFFF0CBC0200000CBF0200000C6C0300000CC20300000B0CE101000004000000000CFFFFFFFF110D06636F656467650CC303000004FFFFFFFF0CFF
310
FFFFFF0CC40300000C320300000CBC0200000C3C0300000B0CC902000004000000000CFFFFFFFF110D04656467650CFFFFFFFF04FFFFFFFF0CFFFFFFFF0C3F0300000600000000000000000CC503000006A09999999999B93F0C3B0300000C380300000B0707756E6B6E6F776E110E0D4154545249425F435553544F4D0D06
310
6174747269620CFFFFFFFF04FFFFFFFF0CFFFFFFFF0CFFFFFFFF0CBD0200000711736B657463685F6174747269625F646566040100000004010000000403000000070D32313320302030203020312031110D06636F656467650CFFFFFFFF04FFFFFFFF0CFFFFFFFF0CC50200000CBD0200000C320300000CBD0300000B0CC6
310
02000004000000000CFFFFFFFF110D067665727465780CFFFFFFFF04FFFFFFFF0CFFFFFFFF0CBE02000004010000000CC6030000110E0873747261696768740D0563757276650CFFFFFFFF04FFFFFFFF0CFFFFFFFF13020000000000F03FA09999999999B9BF9A9999999999D93F140000000000000000000000000000F0BF
310
00000000000000000A0600000000000000000A060000000000001440110D06636F656467650CC703000004FFFFFFFF0CFFFFFFFF0CC80300000CC90300000CBF0200000C420300000A0C6A03000004000000000CFFFFFFFF110D04656467650CFFFFFFFF04FFFFFFFF0CFFFFFFFF0C4703000006343333333333F1BF0CCA03
310
000006CCCCCCCCCCCC09400CBF0200000CCB0300000B0707756E6B6E6F776E110E0D4154545249425F435553544F4D0D066174747269620CFFFFFFFF04FFFFFFFF0CFFFFFFFF0CFFFFFFFF0CC00200000711736B657463685F6174747269625F646566040100000004010000000403000000070D3332312030203020302031
310
2031110D06636F656467650CFFFFFFFF04FFFFFFFF0CFFFFFFFF0CCC0300000CC00200000C360300000CC00300000A0C4603000004000000000CFFFFFFFF110D06636F656467650CFFFFFFFF04FFFFFFFF0CFFFFFFFF0CC00200000CCC0300000CC80300000CCD0300000A0C4603000004000000000CFFFFFFFF110D046C6F
310
6F700CFFFFFFFF04FFFFFFFF0CFFFFFFFF0CFFFFFFFF0CC00200000C69030000110D067665727465780CFFFFFFFF04FFFFFFFF0CFFFFFFFF0C4203000004000000000CCE030000110E0873747261696768740D0563757276650CFFFFFFFF04FFFFFFFF0CFFFFFFFF139A99999999991540CECCCCCCCCCC0EC09A9999999999
310
D93F140000000000000000000000000000F03F00000000000000000B0B110E0D4154545249425F435553544F4D0D066174747269620CFFFFFFFF04FFFFFFFF0CFFFFFFFF0CFFFFFFFF0CC3020000071667656E657269635F7461675F6174747269625F6465660403000000040300000004FFFFFFFF071767656E657269635F
310
7461675F6174747269625F64656620040100000004010000000701330400000000040100000004440100000400000000110E05706C616E650D07737572666163650CFFFFFFFF04FFFFFFFF0CFFFFFFFF13020000000000F03FA09999999999B9BF9A9999999999D93F14000000000000F0BF00000000000000000000000000
310
000000140000000000000000000000000000F0BF00000000000000000B0B0B0B0B110E0D4154545249425F435553544F4D0D066174747269620CFFFFFFFF04FFFFFFFF0CFFFFFFFF0CFFFFFFFF0CD0020000071667656E657269635F7461675F6174747269625F6465660403000000040300000004FFFFFFFF071767656E65
310
7269635F7461675F6174747269625F64656620040100000004010000000701340400000000040100000004420100000400000000110D04666163650CCF03000004FFFFFFFF0CFFFFFFFF0CD00300000CD10300000C060000000CFFFFFFFF0CD20300000B0B110D046C6F6F700CFFFFFFFF04FFFFFFFF0CFFFFFFFF0CFFFFFF
310
FF0CD30300000CD0020000110E05746F7275730D07737572666163650CFFFFFFFF04FFFFFFFF0CFFFFFFFF130000000000003D400000000000003AC0CDCCCCCCCCCC1A401400000000000000000000000000000000000000000000F03F06676666666666E63F06343333333333D33F14000000000000F03F00000000000000
310
0000000000000000000B0B0B0B0B110D06636F656467650CFFFFFFFF04FFFFFFFF0CFFFFFFFF0CD40300000CD50300000CD60300000CD70300000B0CD102000004000000000CFFFFFFFF110D06636F656467650CFFFFFFFF04FFFFFFFF0CFFFFFFFF0CD80300000CD30200000CD90300000CDA0300000B0C5B020000040000
310
00000CFFFFFFFF110D06636F656467650CFFFFFFFF04FFFFFFFF0CFFFFFFFF0CD30200000CD80300000C230300000CB10300000B0C5B02000004000000000CFFFFFFFF110D06636F656467650CFFFFFFFF04FFFFFFFF0CFFFFFFFF0CD50300000CD40300000CD30200000C530300000A0CD102000004000000000CFFFFFFFF
310
110D04656467650CFFFFFFFF04FFFFFFFF0CFFFFFFFF0CB20300000600000000000000000CDB03000006182D4454FB21F93F0CD30200000CDC0300000B070774616E67656E74110D06636F656467650CFFFFFFFF04FFFFFFFF0CFFFFFFFF0CD50200000CD40200000CD80300000CDD0300000B0CEF01000004000000000CFF
310
FFFFFF110D06636F656467650CFFFFFFFF04FFFFFFFF0CFFFFFFFF0CD90300000CDE0300000CD50200000C560300000A0CB903000004000000000CFFFFFFFF110D04656467650CFFFFFFFF04FFFFFFFF0CFFFFFFFF0CDF030000060100000000C032C00C580300000601000000000019400C550300000CE00300000B070774
310
616E67656E74110D06636F656467650CFFFFFFFF04FFFFFFFF0CFFFFFFFF0C2D0300000CD60200000CDE0300000CE10300000B0C2E03000004000000000CFFFFFFFF110D067665727465780CFFFFFFFF04FFFFFFFF0CFFFFFFFF0C5603000004010000000CE2030000110E07656C6C697073650D0563757276650CFFFFFFFF
310
04FFFFFFFF0CFFFFFFFF13303333333333D33F000000000000F0BFCDCCCCCCCCCC1A40140000000000000080000000000000F0BF00000000000000001400000000000000000000000000000000303333333333D33F06000000000000F03F0A0600000000000000000A06182D4454FB21F93F110E0873747261696768740D05
310
63757276650CFFFFFFFF04FFFFFFFF0CFFFFFFFF13000000000000F03F3333333333331BC09A99999999991B40140000000000000000000000000000F0BF00000000000000000B0B110D06636F656467650CE303000004FFFFFFFF0CFFFFFFFF0C6D0300000CDA0200000C620300000CE40300000A0C5C0300000400000000
310
0CFFFFFFFF110D046C6F6F700CFFFFFFFF04FFFFFFFF0CFFFFFFFF0CFFFFFFFF0C5B0300000CE5030000110D067665727465780CFFFFFFFF04FFFFFFFF0CFFFFFFFF0CDB02000004000000000CE6030000110E0873747261696768740D0563757276650CFFFFFFFF04FFFFFFFF0CFFFFFFFF136666666666E63D4001000000
310
00002BC0000000000000F83F1400000000000000000000000000000080000000000000F03F0B0B110D05706F696E740CFFFFFFFF04FFFFFFFF0CFFFFFFFF136666666666E63D400000000000002BC09A99999999991B40110E0D4154545249425F435553544F4D0D066174747269620CFFFFFFFF04FFFFFFFF0CFFFFFFFF0C
310
FFFFFFFF0CDD0200000711736B657463685F6174747269625F646566040100000004010000000403000000070D32393420302031203020322033110D06636F656467650CE703000004FFFFFFFF0CFFFFFFFF0CE80300000CDD0200000CDF0200000C660300000A0C6303000004000000000CFFFFFFFF110D06636F65646765
310
0CE903000004FFFFFFFF0CFFFFFFFF0CDD0200000CE80300000C5B0300000CE40300000B0C6303000004000000000CFFFFFFFF110D046C6F6F700CFFFFFFFF04FFFFFFFF0CFFFFFFFF0CFFFFFFFF0C610300000C76030000110E0873747261696768740D0563757276650CFFFFFFFF04FFFFFFFF0CFFFFFFFF136666666666
310
E63D40D833333333F335C00000000000000840140000000000000080000000000000F03F00000000000000000B0B110E0D4154545249425F435553544F4D0D066174747269620CFFFFFFFF04FFFFFFFF0CFFFFFFFF0CFFFFFFFF0CDF0200000711736B657463685F6174747269625F64656604010000000401000000040300
310
0000070D32383820302030203020322032110D04656467650CFFFFFFFF04FFFFFFFF0CFFFFFFFF0C73030000063002F0FB885C02400CE00200000680A976B7AAF21C400CDF0200000CEA0300000B0707756E6B6E6F776E110D05706F696E740CFFFFFFFF04FFFFFFFF0CFFFFFFFF136666666666E63D4090020000008036C0
310
0000000000000840110E0D4154545249425F435553544F4D0D066174747269620CFFFFFFFF04FFFFFFFF0CFFFFFFFF0CFFFFFFFF0CE3020000071667656E657269635F7461675F6174747269625F6465660403000000040300000004FFFFFFFF071767656E657269635F7461675F6174747269625F64656620040100000004
310
010000000701340400000000040100000004560100000400000000110D04666163650CEB03000004FFFFFFFF0CFFFFFFFF0CEC0300000C460300000C060000000CFFFFFFFF0CED0300000A0B110D046C6F6F700CFFFFFFFF04FFFFFFFF0CFFFFFFFF0CFFFFFFFF0C410300000CE3020000110E05706C616E650D0773757266
310
6163650CFFFFFFFF04FFFFFFFF0CFFFFFFFF139A99999999991540303333333333D3BF9A9999999999D93F140000000000000000000000000000F03F000000000000008014000000000000F0BF000000000000000000000000000000000B0B0B0B0B110D06636F656467650CEE03000004FFFFFFFF0CFFFFFFFF0CEF030000
310
0CF00300000C3A0300000CC20300000A0CE402000004000000000CFFFFFFFF110D06636F656467650CFFFFFFFF04FFFFFFFF0CFFFFFFFF0CE70200000C5B0300000CE90200000C700300000B0C5C03000004000000000CFFFFFFFF110E0873747261696768740D0563757276650CFFFFFFFF04FFFFFFFF0CFFFFFFFF133333
310
3333337336400000000000002BC09A99999999991B4014000000000000F0BF000000000000000000000000000000000B0B110D06636F656467650CF103000004FFFFFFFF0CFFFFFFFF0CEA0200000CE90200000CE80300000CF20300000B0CEB02000004000000000CFFFFFFFF110D04656467650CFFFFFFFF04FFFFFFFF0C
310
FFFFFFFF0CF30300000600000000000000000CEC020000063433333333330F400C6D0300000CF40300000B070774616E67656E74110D04666163650CF503000004FFFFFFFF0CFFFFFFFF0CE50300000CEB0200000C060000000CFFFFFFFF0CF60300000B0B110D05706F696E740CFFFFFFFF04FFFFFFFF0CFFFFFFFF134CBC
310
06D84CF538400000000000002BC09A99999999991B40110D067665727465780CFFFFFFFF04FFFFFFFF0CFFFFFFFF0C6603000004000000000CF7030000110E0873747261696768740D0563757276650CFFFFFFFF04FFFFFFFF0CFFFFFFFF134CBC06D84CF53840CF000000008036C000000000000008401400000000000000
310
000000000000000000000000000000F03F0B0B110E0D4154545249425F435553544F4D0D066174747269620CFFFFFFFF04FFFFFFFF0CFFFFFFFF0CFFFFFFFF0CEF020000071667656E657269635F7461675F6174747269625F6465660403000000040300000004FFFFFFFF071767656E657269635F7461675F617474726962
310
5F64656620040100000004010000000701330400000000040100000004500100000400000000110D04666163650CF803000004FFFFFFFF0CFFFFFFFF0CF70100000CF90300000C060000000CFFFFFFFF0CFA0300000A0B110E05706C616E650D07737572666163650CFFFFFFFF04FFFFFFFF0CFFFFFFFF134CBC06D84CF538
310
40CF000000008036C00000000000000840141C0A78AD28B256BD000000000000F0BF000000000000000014000000000000F03F1C0A78AD28B256BD00000000000000000B0B0B0B0B110E0D4154545249425F435553544F4D0D066174747269620CFFFFFFFF04FFFFFFFF0CFFFFFFFF0CFFFFFFFF0CF2020000071667656E65
310
7269635F7461675F6174747269625F6465660403000000040300000004FFFFFFFF071767656E657269635F7461675F6174747269625F646566200401000000040100000007013804000000000401000000043E0100000400000000110E05706C616E650D07737572666163650CFFFFFFFF04FFFFFFFF0CFFFFFFFF13000000
310
0000003E400000000000003AC0000000000000000014000000000000F03F00000000000000000000000000000080140000000000000080000000000000F03F00000000000000800B0B0B0B0B110D06636F656467650CFFFFFFFF04FFFFFFFF0CFFFFFFFF0CF50200000CF40200000CFB0300000CFC0300000B0C0502000004
310
000000000CFFFFFFFF110D06636F656467650CFD03000004FFFFFFFF0CFFFFFFFF0CFE0300000CFF0300000CF40200000C7C0300000A0CFA02000004000000000CFFFFFFFF110D04656467650CFFFFFFFF04FFFFFFFF0CFFFFFFFF0C83030000060058AAE7DDBE18C00C00040000060050AB3044820E400CF40200000C0104
310
00000B0707756E6B6E6F776E110D06636F656467650C0204000004FFFFFFFF0CFFFFFFFF0C910300000C900300000CF50200000C7E0300000A0C9203000004000000000CFFFFFFFF110D04656467650CFFFFFFFF04FFFFFFFF0CFFFFFFFF0C030400000600D42A0C91A021C00C82030000060060A99E77FBF23F0CF5020000
310
0C040400000B0707756E6B6E6F776E110E0D4154545249425F435553544F4D0D066174747269620CFFFFFFFF04FFFFFFFF0CFFFFFFFF0CFFFFFFFF0CF60200000711736B657463685F6174747269625F646566040100000004010000000403000000070D33363820302031203020312031110D06636F656467650CFFFFFFFF
310
04FFFFFFFF0CFFFFFFFF0C8E0300000CF60200000C900300000C050400000B0C7B02000004000000000CFFFFFFFF110D06636F656467650CFFFFFFFF04FFFFFFFF0CFFFFFFFF0CF60200000C8E0300000CFE0300000C060400000A0C7B02000004000000000CFFFFFFFF110D067665727465780CFFFFFFFF04FFFFFFFF0CFF
310
FFFFFF0CF702000004000000000C07040000110D067665727465780CFFFFFFFF04FFFFFFFF0CFFFFFFFF0CF702000004010000000C08040000110E0873747261696768740D0563757276650CFFFFFFFF04FFFFFFFF0CFFFFFFFF13002CD5F36E5F314005AB42E0751125C09A99999999991B40140000000000000000000000
310
000000F03F00000000000000800B0B110E0D4154545249425F435553544F4D0D066174747269620CFFFFFFFF04FFFFFFFF0CFFFFFFFF0CFFFFFFFF0CF9020000071667656E657269635F7461675F6174747269625F6465660403000000040300000004FFFFFFFF071767656E657269635F7461675F6174747269625F646566
310
20040100000004010000000701340400000000040100000004590100000400000000110D04666163650C0904000004FFFFFFFF0CFFFFFFFF0C1F0200000C920300000C060000000CFFFFFFFF0C0A0400000B0B110D046C6F6F700CFFFFFFFF04FFFFFFFF0CFFFFFFFF0CFFFFFFFF0CFB0300000CF9020000110E05706C616E
310
650D07737572666163650CFFFFFFFF04FFFFFFFF0CFFFFFFFF1300B054CFBB7D1D400A5685C0EB222DC09A99999999991B4014000000000000F0BF00000000000000800000000000000080140000000000000080000000000000F03F00000000000000800B0B0B0B0B110D05706F696E740CFFFFFFFF04FFFFFFFF0CFFFFFF
310
FF13002CD5F36EDF30400A5685C0EB2220C09A99999999991340110E0873747261696768740D0563757276650CFFFFFFFF04FFFFFFFF0CFFFFFFFF13002CD5F36EDF30400A5685C0EB222CC09A99999999991340140000000000000000000000000000F03F00000000000000000B0B110D06636F656467650CFFFFFFFF04FF
310
FFFFFF0CFFFFFFFF0C060300000C050300000C0B0400000C0C0400000B0C1E02000004000000000CFFFFFFFF110D06636F656467650CFFFFFFFF04FFFFFFFF0CFFFFFFFF0C0D0400000C0E0400000C050300000C8D0300000A0C8703000004000000000CFFFFFFFF110D04656467650CFFFFFFFF04FFFFFFFF0CFFFFFFFF0C
310
94030000060000000000001CC00C0F0400000600000000000000800C8C0300000C100400000B0707756E6B6E6F776E110D06636F656467650CFFFFFFFF04FFFFFFFF0CFFFFFFFF0C810300000C800300000C060300000C8F0300000A0C7B02000004000000000CFFFFFFFF110D04656467650CFFFFFFFF04FFFFFFFF0CFFFF
310
FFFF0C11040000060000000000001CC00C930300000600000000000000800C8E0300000C120400000B0707756E6B6E6F776E110D06636F656467650CFFFFFFFF04FFFFFFFF0CFFFFFFFF0C7D0300000C070300000C800300000C050400000A0C9203000004000000000CFFFFFFFF110D06636F656467650CFFFFFFFF04FFFF
310
FFFF0CFFFFFFFF0C070300000C7D0300000C0D0400000C130400000B0C9203000004000000000CFFFFFFFF110D046C6F6F700CFFFFFFFF04FFFFFFFF0CFFFFFFFF0CFFFFFFFF0C7D0300000C86030000110D067665727465780CFFFFFFFF04FFFFFFFF0CFFFFFFFF0C0504000004010000000C14040000110D067665727465
310
780CFFFFFFFF04FFFFFFFF0CFFFFFFFF0C1304000004010000000C15040000110E0873747261696768740D0563757276650CFFFFFFFF04FFFFFFFF0CFFFFFFFF1300B054CFBB7D1D400A5685C0EB222DC03433333333330F4014000000000000F0BF000000000000008000000000000000800B0B110E0D4154545249425F43
310
5553544F4D0D066174747269620CFFFFFFFF04FFFFFFFF0CFFFFFFFF0CFFFFFFFF0C0A030000071667656E657269635F7461675F6174747269625F6465660403000000040300000004FFFFFFFF071767656E657269635F7461675F6174747269625F6465662004010000000401000000070132040000000004010000000454
310
0100000400000000110D04666163650C1604000004FFFFFFFF0CFFFFFFFF0C170400000C180400000C060000000CFFFFFFFF0C190400000A0B110D046C6F6F700CFFFFFFFF04FFFFFFFF0CFFFFFFFF0CFFFFFFFF0C1A0400000C0A030000110E05706C616E650D07737572666163650CFFFFFFFF04FFFFFFFF0CFFFFFFFF13
310
98AE36F77CA5364095BBE45B83032FC03333333333330F401400000000000000000000000000000000000000000000F03F14000000000000F03F000000000000000000000000000000000B0B0B0B0B110D046C6F6F700CFFFFFFFF04FFFFFFFF0CFFFFFFFF0CFFFFFFFF0C1B0400000C8F020000110D06636F656467650CFF
310
FFFFFF04FFFFFFFF0CFFFFFFFF0C9B0300000C9B0300000C1C0400000C1D0400000A0C0B03000004000000000CFFFFFFFF110E0D4154545249425F435553544F4D0D066174747269620CFFFFFFFF04FFFFFFFF0CFFFFFFFF0CFFFFFFFF0C0E0300000711736B657463685F6174747269625F64656604010000000401000000
310
0403000000070D31383820302030203020312031110D06636F656467650CFFFFFFFF04FFFFFFFF0CFFFFFFFF0C1E0400000C0E0300000C120300000CA20300000B0C9F03000004000000000CFFFFFFFF110D06636F656467650CFFFFFFFF04FFFFFFFF0CFFFFFFFF0C0E0300000C1E0400000C1E0300000CAE0300000A0C9F
310
03000004000000000CFFFFFFFF110D046C6F6F700CFFFFFFFF04FFFFFFFF0CFFFFFFFF0CFFFFFFFF0C1E0400000C1F040000110E07656C6C697073650D0563757276650CFFFFFFFF04FFFFFFFF0CFFFFFFFF130000000000003D400000000000003AC000000000000000001400000000000000800000000000000000000000
310
000000F03F140000000000000000000000000000F0BF000000000000000006000000000000F03F0A0600000000000000000A06182D4454FB21F93F110D06636F656467650CFFFFFFFF04FFFFFFFF0CFFFFFFFF0C120300000C110300000C200400000C210400000A0C1303000004000000000CFFFFFFFF110D04656467650C
310
FFFFFFFF04FFFFFFFF0CFFFFFFFF0C140300000600000000000000000C2204000006CDCCCCCCCCCC1A400C9D0300000C230400000B070774616E67656E74110D05706F696E740CFFFFFFFF04FFFFFFFF0CFFFFFFFF130000000000003E400000000000003AC00000000000000000110D06636F656467650CFFFFFFFF04FFFF
310
FFFF0CFFFFFFFF0C240400000C250400000C160300000CA50300000B0C2604000004000000000CFFFFFFFF110D04656467650CFFFFFFFF04FFFFFFFF0CFFFFFFFF0CA603000006212D4454FB21E9BF0C1B030000060F2D4454FB21E93F0C160300000C270400000B070774616E67656E74110D067665727465780CFFFFFFFF
310
04FFFFFFFF0CFFFFFFFF0CA503000004000000000C28040000110E0873747261696768740D0563757276650CFFFFFFFF04FFFFFFFF0CFFFFFFFF130000000000003E40F8FFFFFFFFFFEFBF00000000000000001400000000000000000000000000000000000000000000F03F0B0B110D06636F656467650CFFFFFFFF04FFFF
310
FFFF0CFFFFFFFF0C290400000C190300000C2D0300000CBB0300000B0CAA03000004000000000CFFFFFFFF110D06636F656467650CFFFFFFFF04FFFFFFFF0CFFFFFFFF0C190300000C290400000C240400000C2A0400000A0CAA03000004000000000CFFFFFFFF110D046C6F6F700CFFFFFFFF04FFFFFFFF0CFFFFFFFF0CFF
310
FFFFFF0CA80300000C2B040000110E0873747261696768740D0563757276650CFFFFFFFF04FFFFFFFF0CFFFFFFFF1300000000000036400000000000000000CDCCCCCCCCCC1A4014000000000000F0BF000000000000000000000000000000000A06D4963AC8EB511DC00A06B5A50EF27A543540110D05706F696E740CFFFF
310
FFFF04FFFFFFFF0CFFFFFFFF130000000000003D40000000000000D03CCDCCCCCCCCCC1A40110D06636F656467650CFFFFFFFF04FFFFFFFF0CFFFFFFFF0C1F0300000C1E0300000CD50300000C2C0400000A0C2003000004000000000CFFFFFFFF110D04656467650CFFFFFFFF04FFFFFFFF0CFFFFFFFF0C21030000060000
310
0000000000000C2D04000006CDCCCCCCCCCC1A400C1E0300000C2E0400000B070774616E67656E74110D04666163650C2F04000004FFFFFFFF0CFFFFFFFF0C250300000C200300000C060000000CFFFFFFFF0C300400000B0B110D05706F696E740CFFFFFFFF04FFFFFFFF0CFFFFFFFF130000000000003D40000000000000
310
3BC00000000000000000110D04656467650CFFFFFFFF04FFFFFFFF0CFFFFFFFF0C2803000006132D4454FB21E9BF0CB2030000061D2D4454FB21E93F0C230300000C310400000B070774616E67656E74110D067665727465780CFFFFFFFF04FFFFFFFF0CFFFFFFFF0CB103000004010000000C32040000110E087374726169
310
6768740D0563757276650CFFFFFFFF04FFFFFFFF0CFFFFFFFF13F8FFFFFFFFFFEF3F0100000000003BC000000000000000001400000000000000000000000000000000000000000000F03F0B0B110E0D4154545249425F435553544F4D0D066174747269620CFFFFFFFF04FFFFFFFF0CFFFFFFFF0CFFFFFFFF0C2503000007
310
1667656E657269635F7461675F6174747269625F6465660403000000040300000004FFFFFFFF071767656E657269635F7461675F6174747269625F646566200401000000040100000007013504000000000401000000043E0100000400000000110E04636F6E650D07737572666163650CFFFFFFFF04FFFFFFFF0CFFFFFFFF
310
13F9FFFFFFFFFFEF3F0100000000003AC000000000000000001400000000000000000000000000000000000000000000F03F14F9FFFFFFFFFFEFBF0000000000000000000000000000000006000000000000F03F0B0B06000000000000000006000000000000F03F06F9FFFFFFFFFFEF3F0B0B0B0B0B110E08737472616967
310
68740D0563757276650CFFFFFFFF04FFFFFFFF0CFFFFFFFF13000000000000A03C0100000000001DC0CDCCCCCCCCCC1A40147A14AE47E17A54BC000000000000F0BF00000000000000000A06D6963AC8EB511AC00A06B7A50EF27A143340110D05706F696E740CFFFFFFFF04FFFFFFFF0CFFFFFFFF13000000000000000001
310
00000000003AC0CDCCCCCCCCCC1A40110E0D4154545249425F435553544F4D0D066174747269620CFFFFFFFF04FFFFFFFF0CFFFFFFFF0CFFFFFFFF0C2B030000071667656E657269635F7461675F6174747269625F6465660403000000040300000004FFFFFFFF071767656E657269635F7461675F6174747269625F646566
310
200401000000040100000007013204000000000401000000043E0100000400000000110D046C6F6F700CFFFFFFFF04FFFFFFFF0CFFFFFFFF0CFFFFFFFF0C550300000C2B030000110E05706C616E650D07737572666163650CFFFFFFFF04FFFFFFFF0CFFFFFFFF130000000000002E400100000000002BC00000000000001C
310
401400000000000000000000000000000000000000000000F03F14000000000000F03F000000000000000000000000000000000B0B0B0B0B110D04656467650CFFFFFFFF04FFFFFFFF0CFFFFFFFF0CB10200000600000000000000000C3304000006182D4454FB21F93F0CA80300000C340400000B070774616E67656E7411
310
0D04666163650C3504000004FFFFFFFF0CFFFFFFFF0C1F0400000C2E0300000C060000000CFFFFFFFF0C360400000B0B110D04656467650CFFFFFFFF04FFFFFFFF0CFFFFFFFF0C3F0300000600000000000000000C33030000060000000000001A400C3E0300000C370400000B0707756E6B6E6F776E110D05706F696E740C
310
FFFFFFFF04FFFFFFFF0CFFFFFFFF13020000000000F03F66666666666614C09A99999999991B40110D06636F656467650CFFFFFFFF04FFFFFFFF0CFFFFFFFF0C360300000CC40300000C380400000C390400000B0CC902000004000000000CFFFFFFFF110D04656467650CFFFFFFFF04FFFFFFFF0CFFFFFFFF0C3A04000006
310
9C9999999999C9BF0C370300000600000000000000000C360300000C3B0400000B0707756E6B6E6F776E110D05706F696E740CFFFFFFFF04FFFFFFFF0CFFFFFFFF139A9999999999154067666666666614C09A9999999999D93F110D04656467650CFFFFFFFF04FFFFFFFF0CFFFFFFFF0CCA03000006686666666666F2BF0C
310
C5030000063433333333330D400C3A0300000C3C0400000B0707756E6B6E6F776E110E0D4154545249425F435553544F4D0D066174747269620CFFFFFFFF04FFFFFFFF0CFFFFFFFF0CFFFFFFFF0C3B0300000711736B657463685F6174747269625F646566040100000004010000000403000000070D323130203020302030
310
20312031110D06636F656467650CFFFFFFFF04FFFFFFFF0CFFFFFFFF0CBF0300000C3B0300000CF00300000C3D0400000B0CC902000004000000000CFFFFFFFF110D067665727465780CFFFFFFFF04FFFFFFFF0CFFFFFFFF0C3D04000004000000000C3E040000110D05706F696E740CFFFFFFFF04FFFFFFFF0CFFFFFFFF13
310
020000000000F03F66666666666614C09A9999999999D93F110E0D4154545249425F435553544F4D0D066174747269620CFFFFFFFF04FFFFFFFF0CFFFFFFFF0CFFFFFFFF0C410300000711736B657463685F6174747269625F646566040100000004010000000403000000070D33313820302030203020312031110D06636F
310
656467650CFFFFFFFF04FFFFFFFF0CFFFFFFFF0C3F0400000C410300000C450300000CCD0300000B0C6A03000004000000000CFFFFFFFF110D06636F656467650CFFFFFFFF04FFFFFFFF0CFFFFFFFF0C410300000C3F0400000CEF0300000C400400000A0C6A03000004000000000CFFFFFFFF110D067665727465780CFFFF
310
FFFF04FFFFFFFF0CFFFFFFFF0CC203000004000000000C41040000110E0873747261696768740D0563757276650CFFFFFFFF04FFFFFFFF0CFFFFFFFF13CDCCCCCCCC4C1140303333333333D3BF9A9999999999D93F14000000000000F0BF000000000000000000000000000000000B0B110D06636F656467650CFFFFFFFF04
310
FFFFFFFF0CFFFFFFFF0C450300000C440300000C420400000C430400000B0C4603000004000000000CFFFFFFFF110D04656467650CFFFFFFFF04FFFFFFFF0CFFFFFFFF0C470300000600000000000000000C44040000069C9999999999C93F0C450300000C450400000B0707756E6B6E6F776E110D05706F696E740CFFFFFF
310
FF04FFFFFFFF0CFFFFFFFF139A99999999991540303333333333D3BF9A9999999999D93F110E0D4154545249425F435553544F4D0D066174747269620CFFFFFFFF04FFFFFFFF0CFFFFFFFF0CFFFFFFFF0C4C030000071667656E657269635F7461675F6174747269625F6465660403000000040300000004FFFFFFFF071767
310
656E657269635F7461675F6174747269625F64656620040100000004010000000701350400000000040100000004420100000400000000110D04666163650C4604000004FFFFFFFF0CFFFFFFFF0C2B0400000C260400000C060000000CFFFFFFFF0C470400000B0B110D046C6F6F700CFFFFFFFF04FFFFFFFF0CFFFFFFFF0C
310
FFFFFFFF0C480400000C4C030000110E04636F6E650D07737572666163650CFFFFFFFF04FFFFFFFF0CFFFFFFFF133333333333B33D400000000000C033C0CDCCCCCCCCCC1A40140000000000000080000000000000F03F000000000000000014D414FF7A2427CB3F00000000000000004C14FF7A2427CB3F06000000000000
310
F03F0B0B06000000000000000006000000000000F03F06343333333333D33F0B0B0B0B0B110D06636F656467650CFFFFFFFF04FFFFFFFF0CFFFFFFFF0C490400000C4A0400000C4B0400000C4C0400000B0C4D03000004000000000CFFFFFFFF110D06636F656467650CFFFFFFFF04FFFFFFFF0CFFFFFFFF0C520300000C4F
310
0300000C4D0400000C4E0400000B0CD102000004000000000CFFFFFFFF110D06636F656467650CFFFFFFFF04FFFFFFFF0CFFFFFFFF0C4F0300000C520300000CAD0300000C2C0400000B0CD102000004000000000CFFFFFFFF110D06636F656467650CFFFFFFFF04FFFFFFFF0CFFFFFFFF0C4A0400000C490400000C4F0300
310
000CD70300000A0C4D03000004000000000CFFFFFFFF110D04656467650CFFFFFFFF04FFFFFFFF0CFFFFFFFF0C2D0400000600000000000000000C4F04000006182D4454FB21F93F0C4F0300000C500400000B070774616E67656E74110D06636F656467650CFFFFFFFF04FFFFFFFF0CFFFFFFFF0C510300000C500300000C
310
540300000CDD0300000A0C5B02000004000000000CFFFFFFFF110D06636F656467650CFFFFFFFF04FFFFFFFF0CFFFFFFFF0C4D0400000C550300000C500300000CDA0300000A0CB903000004000000000CFFFFFFFF110D04656467650CFFFFFFFF04FFFFFFFF0CFFFFFFFF0CDB030000061E2D4454FB21E9BF0CDF03000006
310
132D4454FB21E93F0CD90300000C510400000B070774616E67656E74110D067665727465780CFFFFFFFF04FFFFFFFF0CFFFFFFFF0CDA03000004000000000C52040000110E07656C6C697073650D0563757276650CFFFFFFFF04FFFFFFFF0CFFFFFFFF13F9FFFFFFFFFFEF3F3433333333B33AC0CDCCCCCCCCCC1A40140000
310
00000000F0BF99AAAAAAAAAABA3C000000000000008014000000000000A0BC403333333333D3BF000000000000000006000000000000F03F0A0600000000000000000A06182D4454FB21F93F110D04656467650CFFFFFFFF04FFFFFFFF0CFFFFFFFF0C280300000600000000000000000CDF03000006182D4454FB21F93F0C
310
540300000C530400000B070774616E67656E74110D06636F656467650CFFFFFFFF04FFFFFFFF0CFFFFFFFF0C550300000C540400000C570300000CE10300000A0CB903000004000000000CFFFFFFFF110D067665727465780CFFFFFFFF04FFFFFFFF0CFFFFFFFF0C5603000004000000000C55040000110E08737472616967
310
68740D0563757276650CFFFFFFFF04FFFFFFFF0CFFFFFFFF13303333333333D33F0100000000001DC00000000000001C40147A14AE47E17A543C000000000000F03F00000000000000800A06B7A50EF27A1433C00A06D6963AC8EB511A40110D04656467650CFFFFFFFF04FFFFFFFF0CFFFFFFFF0C5803000006252D4454FB
310
21E9BF0C3304000006282D4454FB21E93F0CDE0300000C560400000B070774616E67656E74110D05706F696E740CFFFFFFFF04FFFFFFFF0CFFFFFFFF13303333333333D33F000000000000F0BF0000000000001C40110E0D4154545249425F435553544F4D0D066174747269620CFFFFFFFF04FFFFFFFF0CFFFFFFFF0CFFFF
310
FFFF0C5B0300000711736B657463685F6174747269625F646566040100000004010000000403000000070D32393120302031203020322032110D04656467650CFFFFFFFF04FFFFFFFF0CFFFFFFFF0CF303000006A0C36B80CD54F73F0C5D0300000650999999999919400C5B0300000C570400000B0707756E6B6E6F776E11
310
0D04666163650C5804000004FFFFFFFF0CFFFFFFFF0CEF0200000C5C0300000C060000000CFFFFFFFF0C590400000B0B110D05706F696E740CFFFFFFFF04FFFFFFFF0CFFFFFFFF136666666666E63D400000000000002BC00000000000000840110E0D4154545249425F435553544F4D0D066174747269620CFFFFFFFF04FF
310
FFFFFF0CFFFFFFFF0CFFFFFFFF0C610300000711736B657463685F6174747269625F646566040100000004010000000403000000070D32383820302030203020322032110D06636F656467650C5A04000004FFFFFFFF0CFFFFFFFF0C620300000C610300000C6F0300000CF20300000A0C6303000004000000000CFFFFFFFF
310
110E0D4154545249425F435553544F4D0D066174747269620CFFFFFFFF04FFFFFFFF0CFFFFFFFF0CFFFFFFFF0C620300000711736B657463685F6174747269625F646566040100000004010000000403000000070D32393120302031203020322032110E0873747261696768740D0563757276650CFFFFFFFF04FFFFFFFF0C
310
FFFFFFFF1306BC88B8BBA93640FFFFFFFFFF7F36C0000000000000084014000000000000F03F1C0A78AD28B256BD00000000000000000A063002F0FB885C02400A0680A976B7AAF21C40110E0D4154545249425F435553544F4D0D066174747269620CFFFFFFFF04FFFFFFFF0CFFFFFFFF0CFFFFFFFF0C6903000007166765
310
6E657269635F7461675F6174747269625F6465660403000000040300000004FFFFFFFF071767656E657269635F7461675F6174747269625F64656620040100000004010000000701330400000000040100000004560100000400000000110D04666163650C5B04000004FFFFFFFF0CFFFFFFFF0C4B0200000C5C0400000C06
310
0000000CFFFFFFFF0C5D0400000A0B110E05706C616E650D07737572666163650CFFFFFFFF04FFFFFFFF0CFFFFFFFF139A9999999999154067666666666614C09A9999999999D93F14000000000000F03F00000000000000000000000000000000140000000000000000000000000000F03F00000000000000000B0B0B0B0B
310
110E0D4154545249425F435553544F4D0D066174747269620CFFFFFFFF04FFFFFFFF0CFFFFFFFF0CFFFFFFFF0C6C0300000711736B657463685F6174747269625F646566040100000004010000000403000000070D33313920302030203020312031110D06636F656467650CFFFFFFFF04FFFFFFFF0CFFFFFFFF0C5E040000
310
0C6C0300000CC90300000C400400000B0CE402000004000000000CFFFFFFFF110D06636F656467650CFFFFFFFF04FFFFFFFF0CFFFFFFFF0C6C0300000C5E0400000CC40300000C3D0400000A0CE402000004000000000CFFFFFFFF110E0D4154545249425F435553544F4D0D066174747269620CFFFFFFFF04FFFFFFFF0CFF
310
FFFFFF0CFFFFFFFF0C6F0300000711736B657463685F6174747269625F646566040100000004010000000403000000070D32383520302030203020322032110D04656467650CFFFFFFFF04FFFFFFFF0CFFFFFFFF0CF303000006182D4454FB21F93F0C7303000006D221337F7CD912400C6F0300000C5F0400000B0707756E
310
6B6E6F776E110D067665727465780CFFFFFFFF04FFFFFFFF0CFFFFFFFF0CE403000004000000000C60040000110E0873747261696768740D0563757276650CFFFFFFFF04FFFFFFFF0CFFFFFFFF134CBC06D84CF538400000000000002BC000000000000008401400000000000000000000000000000000000000000000F03F
310
0B0B110E0D4154545249425F435553544F4D0D066174747269620CFFFFFFFF04FFFFFFFF0CFFFFFFFF0CFFFFFFFF0C71030000071667656E657269635F7461675F6174747269625F6465660403000000040300000004FFFFFFFF071767656E657269635F7461675F6174747269625F64656620040100000004010000000701
310
360400000000040100000004500100000400000000110E04636F6E650D07737572666163650CFFFFFFFF04FFFFFFFF0CFFFFFFFF134CBC06D84CF5384000000000000032C000000000000008401400000000000000000000000000000000000000000000F03F14000000000000124000000000000000000000000000000000
310
06000000000000F03F0B0B06000000000000000006000000000000F03F0600000000000012400B0B0B0B0B110D05706F696E740CFFFFFFFF04FFFFFFFF0CFFFFFFFF134CBC06D84CF53840CF000000008036C00000000000000840110E0D4154545249425F435553544F4D0D066174747269620CFFFFFFFF04FFFFFFFF0CFF
310
FFFFFF0CFFFFFFFF0C76030000071667656E657269635F7461675F6174747269625F6465660403000000040300000004FFFFFFFF071767656E657269635F7461675F6174747269625F64656620040100000004010000000701310400000000040100000004500100000400000000110D046C6F6F700CFFFFFFFF04FFFFFFFF
310
0CFFFFFFFF0C630300000C610400000C76030000110E05706C616E650D07737572666163650CFFFFFFFF04FFFFFFFF0CFFFFFFFF135991369FD92D394048010000000032C000000000000008401400000000000000000000000000000000000000000000F03F14000000000000F03F00000000000000000000000000000000
310
0B0B0B0B0B110D06636F656467650C6204000004FFFFFFFF0CFFFFFFFF0C0E0400000C0D0400000C7A0300000CFC0300000A0C8703000004000000000CFFFFFFFF110D04656467650CFFFFFFFF04FFFFFFFF0CFFFFFFFF0C0004000006F6A97A3F14DD19C00C030400000650B02A045E17E13F0C7A0300000C630400000B07
310
07756E6B6E6F776E110E0D4154545249425F435553544F4D0D066174747269620CFFFFFFFF04FFFFFFFF0CFFFFFFFF0CFFFFFFFF0C7B0300000711736B657463685F6174747269625F646566040100000004010000000403000000070D33363520302031203020312031110D06636F656467650CFFFFFFFF04FFFFFFFF0CFF
310
FFFFFF0C0B0400000C7B0300000C810300000C060400000B0CFA02000004000000000CFFFFFFFF110D06636F656467650CFFFFFFFF04FFFFFFFF0CFFFFFFFF0C7B0300000C0B0400000C0E0400000C640400000A0CFA02000004000000000CFFFFFFFF110D067665727465780CFFFFFFFF04FFFFFFFF0CFFFFFFFF0C7C0300
310
0004010000000C65040000110E0873747261696768740D0563757276650CFFFFFFFF04FFFFFFFF0CFFFFFFFF13002CD5F36E5F264014AC0A81D7451EC09A99999999991B4014000000000000F0BF000000000000000000000000000000000B0B110E0D4154545249425F435553544F4D0D066174747269620CFFFFFFFF04FF
310
FFFFFF0CFFFFFFFF0CFFFFFFFF0C7D0300000711736B657463685F6174747269625F646566040100000004010000000403000000070D33363720302031203020312031110D067665727465780CFFFFFFFF04FFFFFFFF0CFFFFFFFF0CFC03000004010000000C66040000110E0873747261696768740D0563757276650CFFFF
310
FFFF04FFFFFFFF0CFFFFFFFF130096EA79B72F30400A5685C0EB222DC09A99999999991B4014000000000000F03F000000000000000000000000000000800B0B110D04656467650CFFFFFFFF04FFFFFFFF0CFFFFFFFF0C820300000600000000000000000C930300000600000000000008400C900300000C670400000B0707
310
756E6B6E6F776E110D04656467650CFFFFFFFF04FFFFFFFF0CFFFFFFFF0C830300000600000000000000000C110400000600000000000008400CFE0300000C680400000B0707756E6B6E6F776E110D05706F696E740CFFFFFFFF04FFFFFFFF0CFFFFFFFF13002CD5F36E5F31400A5685C0EB222DC09A99999999991B40110D
310
05706F696E740CFFFFFFFF04FFFFFFFF0CFFFFFFFF13002CD5F36E5F314014AC0A81D7451EC09A99999999991B40110E0D4154545249425F435553544F4D0D066174747269620CFFFFFFFF04FFFFFFFF0CFFFFFFFF0CFFFFFFFF0C86030000071667656E657269635F7461675F6174747269625F6465660403000000040300
310
000004FFFFFFFF071767656E657269635F7461675F6174747269625F64656620040100000004010000000701330400000000040100000004590100000400000000110E05706C616E650D07737572666163650CFFFFFFFF04FFFFFFFF0CFFFFFFFF13002CD5F36E5F31400A5685C0EB222DC09A99999999991B401400000000
310
00000000000000000000F0BF000000000000000014000000000000F0BF000000000000008000000000000000800B0B0B0B0B110D06636F656467650CFFFFFFFF04FFFFFFFF0CFFFFFFFF0CFF0300000CFE0300000C8B0300000C0C0400000A0CFA02000004000000000CFFFFFFFF110D04656467650CFFFFFFFF04FFFFFFFF
310
0CFFFFFFFF0C0F0400000600000000000024C00C110400000600000000000000800C0B0400000C690400000B0707756E6B6E6F776E110D06636F656467650CFFFFFFFF04FFFFFFFF0CFFFFFFFF0CFB0300000C8C0300000C910300000C130400000A0C8703000004000000000CFFFFFFFF110D06636F656467650CFFFFFFFF
310
04FFFFFFFF0CFFFFFFFF0C8C0300000CFB0300000CFF0300000C640400000B0C8703000004000000000CFFFFFFFF110D067665727465780CFFFFFFFF04FFFFFFFF0CFFFFFFFF0C6404000004010000000C6A040000110E0873747261696768740D0563757276650CFFFFFFFF04FFFFFFFF0CFFFFFFFF1300B054CFBB7D1D40
310
14AC0A81D7451EC03433333333330F40140000000000000000000000000000F03F00000000000000000B0B110D067665727465780CFFFFFFFF04FFFFFFFF0CFFFFFFFF0C0604000004010000000C6B040000110E0873747261696768740D0563757276650CFFFFFFFF04FFFFFFFF0CFFFFFFFF13002CD5F36E5F31400A5685
310
C0EB222DC03433333333330F40140000000000000080000000000000F0BF00000000000000800B0B110D04656467650CFFFFFFFF04FFFFFFFF0CFFFFFFFF0C030400000600000000000000000C940300000600000000000008400C910300000C6C0400000B0707756E6B6E6F776E110D05706F696E740CFFFFFFFF04FFFFFF
310
FF0CFFFFFFFF13002CD5F36E5F31400A5685C0EB222DC03433333333330F40110D05706F696E740CFFFFFFFF04FFFFFFFF0CFFFFFFFF1300B054CFBB7D1D400A5685C0EB222DC03433333333330F40110E0D4154545249425F435553544F4D0D066174747269620CFFFFFFFF04FFFFFFFF0CFFFFFFFF0CFFFFFFFF0C970300
310
00071667656E657269635F7461675F6174747269625F6465660403000000040300000004FFFFFFFF071767656E657269635F7461675F6174747269625F64656620040100000004010000000701330400000000040100000004540100000400000000110D04666163650C6D04000004FFFFFFFF0CFFFFFFFF0C6E0400000C6F
310
0400000C060000000CFFFFFFFF0C700400000A0B110D046C6F6F700CFFFFFFFF04FFFFFFFF0CFFFFFFFF0C710400000C720400000C97030000110E04636F6E650D07737572666163650CFFFFFFFF04FFFFFFFF0CFFFFFFFF13171AF9850E773640B60DD0E0CF4F34C0CDCCCCCCCCCCEC3F1400000000000000000000000000
310
000000000000000000F03F14809999999999C93F0000000000000000000000000000000006000000000000F03F0B0B06000000000000000006000000000000F03F06809999999999C93F0B0B0B0B0B110D06636F656467650CFFFFFFFF04FFFFFFFF0CFFFFFFFF0C1A0400000C1A0400000C1B0400000C730400000A0C9803
310
000004000000000CFFFFFFFF110D06636F656467650CFFFFFFFF04FFFFFFFF0CFFFFFFFF0C1B0400000C1B0400000C1A0400000C730400000B0C9A03000004000000000CFFFFFFFF110D06636F656467650CFFFFFFFF04FFFFFFFF0CFFFFFFFF0C1C0400000C1C0400000C9B0300000C1D0400000B0C740400000400000000
310
0CFFFFFFFF110D04656467650CFFFFFFFF04FFFFFFFF0CFFFFFFFF0C7504000006182D4454FB2109C00C7504000006182D4454FB2109400C1C0400000C760400000B0707756E6B6E6F776E110D06636F656467650CFFFFFFFF04FFFFFFFF0CFFFFFFFF0C9E0300000C9D0300000C4A0400000C770400000A0C9F0300000400
310
0000000CFFFFFFFF110D04666163650C7804000004FFFFFFFF0CFFFFFFFF0CAF0300000C9F0300000C060000000CFFFFFFFF0C790400000B0B110D06636F656467650CFFFFFFFF04FFFFFFFF0CFFFFFFFF0C480400000C4B0400000CA10300000C210400000B0CD103000004000000000CFFFFFFFF110D04656467650CFFFF
310
FFFF04FFFFFFFF0CFFFFFFFF0C220400000600000000000019C00CA6030000060000000000C032400CA10300000C7A0400000B070774616E67656E74110D067665727465780CFFFFFFFF04FFFFFFFF0CFFFFFFFF0C7704000004010000000C7B040000110E0873747261696768740D0563757276650CFFFFFFFF04FFFFFFFF
310
0CFFFFFFFF130000000000003E400000000000003AC000000000000000001400000000000000000000000000000000000000000000F03F0B0B110D06636F656467650CFFFFFFFF04FFFFFFFF0CFFFFFFFF0C7C0400000CA40300000CA90300000C2A0400000B0C2604000004000000000CFFFFFFFF110D06636F656467650C
310
FFFFFFFF04FFFFFFFF0CFFFFFFFF0CA40300000C7C0400000C480400000C7D0400000A0C2604000004000000000CFFFFFFFF110D046C6F6F700CFFFFFFFF04FFFFFFFF0CFFFFFFFF0CFFFFFFFF0C240400000CD0030000110E07656C6C697073650D0563757276650CFFFFFFFF04FFFFFFFF0CFFFFFFFF130000000000003D
310
40F8FFFFFFFFFFEFBFCDCCCCCCCCCC1A401400000000000000000000000000000000000000000000F03F14C63B7F669EA0E63FD33B7F669EA0E63F000000000000000006000000000000F03F0A0652C23D0EC26BF4BF0A0639C23D0EC26BF43F110D05706F696E740CFFFFFFFF04FFFFFFFF0CFFFFFFFF130000000000003E
310
40F8FFFFFFFFFFEFBFCDCCCCCCCCCC1A40110D06636F656467650CFFFFFFFF04FFFFFFFF0CFFFFFFFF0CA90300000CA80300000C540400000C7E0400000B0CAA03000004000000000CFFFFFFFF110D04656467650CFFFFFFFF04FFFFFFFF0CFFFFFFFF0C1B0300000600000000000000000C7F04000006182D4454FB21F93F
310
0C240400000C800400000B070774616E67656E74110D04666163650C8104000004FFFFFFFF0CFFFFFFFF0CBC0300000CAA0300000C060000000CFFFFFFFF0C820400000B0B110D04656467650CFFFFFFFF04FFFFFFFF0CFFFFFFFF0CB2030000060100000000001CC00C2D0400000600000000000035400CAD0300000C8304
310
00000B070774616E67656E74110D067665727465780CFFFFFFFF04FFFFFFFF0CFFFFFFFF0C2C04000004010000000C84040000110E0873747261696768740D0563757276650CFFFFFFFF04FFFFFFFF0CFFFFFFFF130000000000003D400000000000003BC00000000000000000140000000000000000000000000000000000
310
0000000000F03F0B0B110E0D4154545249425F435553544F4D0D066174747269620CFFFFFFFF04FFFFFFFF0CFFFFFFFF0CFFFFFFFF0CAF030000071667656E657269635F7461675F6174747269625F6465660403000000040300000004FFFFFFFF071767656E657269635F7461675F6174747269625F646566200401000000
310
040100000007013604000000000401000000043E0100000400000000110E05706C616E650D07737572666163650CFFFFFFFF04FFFFFFFF0CFFFFFFFF13000000000000F03F0000000000003BC00000000000000000140000000000000000000000000000F0BF000000000000000014000000000000F03F0000000000000080
310
00000000000000800B0B0B0B0B110E07656C6C697073650D0563757276650CFFFFFFFF04FFFFFFFF0CFFFFFFFF13F9FFFFFFFFFFEF3F0100000000003AC0CDCCCCCCCCCC1A401400000000000000000000000000000000000000000000F03F14CC3B7F669EA0E6BFC43B7F669EA0E6BF000000000000000006000000000000
310
F03F0A0658C23D0EC26BF4BF0A0650C23D0EC26BF43F110D05706F696E740CFFFFFFFF04FFFFFFFF0CFFFFFFFF13F8FFFFFFFFFFEF3F0100000000003BC0CDCCCCCCCCCC1A40110D067665727465780CFFFFFFFF04FFFFFFFF0CFFFFFFFF0C7E04000004000000000C85040000110E07656C6C697073650D0563757276650C
310
FFFFFFFF04FFFFFFFF0CFFFFFFFF13000000000000F03F303333333333D3BFCDCCCCCCCCCC1A4014000000000000F03FAFAAAAAAAAAACA3C000000000000008014000000000000B0BC303333333333D33F000000000000000006000000000000F03F0A0600000000000000000A06182D4454FB21F93F110E0D415454524942
310
5F435553544F4D0D066174747269620CFFFFFFFF04FFFFFFFF0CFFFFFFFF0CFFFFFFFF0CBC030000071667656E657269635F7461675F6174747269625F6465660403000000040300000004FFFFFFFF071767656E657269635F7461675F6174747269625F646566200401000000040100000007013804000000000401000000
310
04420100000400000000110E05746F7275730D07737572666163650CFFFFFFFF04FFFFFFFF0CFFFFFFFF13F6FFFFFFFFFFEF3FF6FFFFFFFFFFEFBFCDCCCCCCCCCC1A401400000000000000000000000000000000000000000000F03F065C6666666666E63F06343333333333D33F14000000000000F03F0000000000000000
310
00000000000000000B0B0B0B0B110E0873747261696768740D0563757276650CFFFFFFFF04FFFFFFFF0CFFFFFFFF13020000000000F03F66666666666614C09A9999999999D93F1400000000000000000000000000000000000000000000F03F0B0B110D06636F656467650CFFFFFFFF04FFFFFFFF0CFFFFFFFF0C86040000
310
0C420400000CBF0300000C390400000A0C5C04000004000000000CFFFFFFFF110D04656467650CFFFFFFFF04FFFFFFFF0CFFFFFFFF0C8704000006666666666666F0BF0C3A040000063333333333330A400CBF0300000C880400000B0707756E6B6E6F776E110D067665727465780CFFFFFFFF04FFFFFFFF0CFFFFFFFF0CC0
310
03000004000000000C89040000110E0873747261696768740D0563757276650CFFFFFFFF04FFFFFFFF0CFFFFFFFF139A9999999999154067666666666614C09A9999999999D93F1400000000000000000000000000000000000000000000F0BF0B0B110E0873747261696768740D0563757276650CFFFFFFFF04FFFFFFFF0C
310
FFFFFFFF139C9999999999F13F343333333333F7BF9A9999999999D93F140000000000000000000000000000F0BF00000000000000000B0B110D04656467650CFFFFFFFF04FFFFFFFF0CFFFFFFFF0CC50300000600000000000000000C87040000069C9999999999C93F0CC40300000C8A0400000B0707756E6B6E6F776E11
310
0D05706F696E740CFFFFFFFF04FFFFFFFF0CFFFFFFFF139C9999999999F13F67666666666614C09A9999999999D93F110D06636F656467650CFFFFFFFF04FFFFFFFF0CFFFFFFFF0CC90300000CC80300000C8B0400000C8C0400000B0C6A03000004000000000CFFFFFFFF110D04656467650CFFFFFFFF04FFFFFFFF0CFFFF
310
FFFF0CCA0300000600000000000000000C8D040000069C9999999999C93F0CC90300000C8E0400000B0707756E6B6E6F776E110D05706F696E740CFFFFFFFF04FFFFFFFF0CFFFFFFFF139C9999999999F13F303333333333D3BF9A9999999999D93F110D06636F656467650CFFFFFFFF04FFFFFFFF0CFFFFFFFF0C38040000
310
0C8B0400000CCC0300000C430400000A0C5C04000004000000000CFFFFFFFF110D04656467650CFFFFFFFF04FFFFFFFF0CFFFFFFFF0C3A0400000600000000000000000C440400000634333333333313400CCC0300000C8F0400000B0707756E6B6E6F776E110D067665727465780CFFFFFFFF04FFFFFFFF0CFFFFFFFF0CCD
310
03000004010000000C90040000110E0873747261696768740D0563757276650CFFFFFFFF04FFFFFFFF0CFFFFFFFF139A99999999991540303333333333D3BF9A9999999999D93F1400000000000000000000000000000000000000000000F03F0B0B110E0D4154545249425F435553544F4D0D066174747269620CFFFFFFFF
310
04FFFFFFFF0CFFFFFFFF0CFFFFFFFF0CD0030000071667656E657269635F7461675F6174747269625F6465660403000000040300000004FFFFFFFF071767656E657269635F7461675F6174747269625F64656620040100000004010000000701360400000000040100000004420100000400000000110E05746F7275730D07
310
737572666163650CFFFFFFFF04FFFFFFFF0CFFFFFFFF130000000000003D40F8FFFFFFFFFFEFBFCDCCCCCCCCCC1A401400000000000000000000000000000000000000000000F03F06666666666666E63F06343333333333D33F14000000000000F03F000000000000000000000000000000000B0B0B0B0B110D06636F6564
310
67650CFFFFFFFF04FFFFFFFF0CFFFFFFFF0C910400000C200400000C250400000C7D0400000B0CD103000004000000000CFFFFFFFF110D06636F656467650CFFFFFFFF04FFFFFFFF0CFFFFFFFF0CD60300000CD30300000C920400000C930400000B0C4D03000004000000000CFFFFFFFF110D06636F656467650CFFFFFFFF
310
04FFFFFFFF0CFFFFFFFF0CD30300000CD60300000C1E0400000C770400000B0C4D03000004000000000CFFFFFFFF110D06636F656467650CFFFFFFFF04FFFFFFFF0CFFFFFFFF0C200400000C910400000CD30300000C4C0400000A0CD103000004000000000CFFFFFFFF110D04656467650CFFFFFFFF04FFFFFFFF0CFFFFFF
310
FF0C220400000600000000000000000C9404000006182D4454FB21F93F0CD30300000C950400000B070774616E67656E74110D06636F656467650CFFFFFFFF04FFFFFFFF0CFFFFFFFF0C920400000CD90300000CD40300000C4E0400000A0CB903000004000000000CFFFFFFFF110D04656467650CFFFFFFFF04FFFFFFFF0C
310
FFFFFFFF0C4F0400000600000000000035C00CDB030000060100000000001C400C4D0400000C960400000B070774616E67656E74110D067665727465780CFFFFFFFF04FFFFFFFF0CFFFFFFFF0C4E04000004000000000C97040000110E07656C6C697073650D0563757276650CFFFFFFFF04FFFFFFFF0CFFFFFFFF13000000
310
0000003D403333333333B33AC0CDCCCCCCCCCC1A4014000000000000F0BF00000000000000800000000000000000140000000000000000403333333333D3BF000000000000000006000000000000F03F0A0600000000000000000A06182D4454FB21F93F110E07656C6C697073650D0563757276650CFFFFFFFF04FFFFFFFF
310
0CFFFFFFFF13F9FFFFFFFFFFEF3F0100000000003AC00000000000001C401400000000000000800000000000000080000000000000F0BF144CED7E8FAAADDFBF41ED7E8FAAADDFBF000000000000000006000000000000F03F0A0650C23D0EC26BF4BF0A0658C23D0EC26BF43F110D05706F696E740CFFFFFFFF04FFFFFFFF
310
0CFFFFFFFF13F9FFFFFFFFFFEF3F3433333333B33AC00000000000001C40110E07656C6C697073650D0563757276650CFFFFFFFF04FFFFFFFF0CFFFFFFFF132E3333333333D33F0100000000003AC0CDCCCCCCCCCC1A40140000000000000080000000000000F03F0000000000000080142E3333333333D3BF000000000000
310
0000000000000000000006000000000000F03F0A0600000000000000000A06182D4454FB21F93F110D06636F656467650CFFFFFFFF04FFFFFFFF0CFFFFFFFF0CDE0300000C980400000C290400000C7E0400000A0CB903000004000000000CFFFFFFFF110D05706F696E740CFFFFFFFF04FFFFFFFF0CFFFFFFFF132E333333
310
3333D33F0100000000003AC00000000000001C40110E07656C6C697073650D0563757276650CFFFFFFFF04FFFFFFFF0CFFFFFFFF13F6FFFFFFFFFFEF3FF6FFFFFFFFFFEFBF0000000000001C401400000000000000800000000000000080000000000000F0BF1445ED7E8FAAADDFBF42ED7E8FAAADDF3F0000000000000000
310
06000000000000F03F0A06252D4454FB21E9BF0A06282D4454FB21E93F110E0873747261696768740D0563757276650CFFFFFFFF04FFFFFFFF0CFFFFFFFF1312000000008037400000000000002BC0000000000000084014000000000000F03F000000000000000000000000000000000A06A0C36B80CD54F73F0A06509999
310
9999991940110E0D4154545249425F435553544F4D0D066174747269620CFFFFFFFF04FFFFFFFF0CFFFFFFFF0CFFFFFFFF0CE5030000071667656E657269635F7461675F6174747269625F6465660403000000040300000004FFFFFFFF071767656E657269635F7461675F6174747269625F64656620040100000004010000
310
000701350400000000040100000004500100000400000000110E05706C616E650D07737572666163650CFFFFFFFF04FFFFFFFF0CFFFFFFFF136666666666E63D400000000000002BC00000000000000840140000000000000000000000000000F03F000000000000000014000000000000F0BF000000000000008000000000
310
000000800B0B0B0B0B110E0D4154545249425F435553544F4D0D066174747269620CFFFFFFFF04FFFFFFFF0CFFFFFFFF0CFFFFFFFF0CE80300000711736B657463685F6174747269625F646566040100000004010000000403000000070D32383520302030203020322032110E0D4154545249425F435553544F4D0D066174
310
747269620CFFFFFFFF04FFFFFFFF0CFFFFFFFF0CFFFFFFFF0CEC030000071667656E657269635F7461675F6174747269625F6465660403000000040300000004FFFFFFFF071767656E657269635F7461675F6174747269625F6465662004010000000401000000070132040000000004010000000456010000040000000011
310
0D046C6F6F700CFFFFFFFF04FFFFFFFF0CFFFFFFFF0CFFFFFFFF0C420400000CEC030000110E05706C616E650D07737572666163650CFFFFFFFF04FFFFFFFF0CFFFFFFFF130100000000000A409A999999999905C0343333333333E33F1400000000000000000000000000000000000000000000F03F14000000000000F03F
310
000000000000000000000000000000000B0B0B0B0B110D06636F656467650CFFFFFFFF04FFFFFFFF0CFFFFFFFF0CF00300000CEF0300000C860400000C990400000B0CE402000004000000000CFFFFFFFF110E07656C6C697073650D0563757276650CFFFFFFFF04FFFFFFFF0CFFFFFFFF134CBC06D84CF538400000000000
310
0032C000000000000008401400000000000000000000000000000000000000000000F03F1400000000000012400000000000000000000000000000000006000000000000F03F0A06182D4454FB21F93F0A06D221337F7CD91240110D05706F696E740CFFFFFFFF04FFFFFFFF0CFFFFFFFF134CBC06D84CF538400000000000
310
002BC00000000000000840110D06636F656467650CFFFFFFFF04FFFFFFFF0CFFFFFFFF0C610400000C610400000C9A0400000C9B0400000B0CF903000004000000000CFFFFFFFF110E0D4154545249425F435553544F4D0D066174747269620CFFFFFFFF04FFFFFFFF0CFFFFFFFF0CFFFFFFFF0CFB0300000711736B657463
310
685F6174747269625F646566040100000004010000000403000000070D33363620302031203020312031110E0873747261696768740D0563757276650CFFFFFFFF04FFFFFFFF0CFFFFFFFF1300B054CFBB7D1D4005AB42E075112CC09A99999999991B40140000000000000000000000000000F0BF00000000000000000B0B
310
110D04656467650CFFFFFFFF04FFFFFFFF0CFFFFFFFF0C000400000600000000000000000C0F0400000600000000000008400C0E0400000C9C0400000B0707756E6B6E6F776E110D05706F696E740CFFFFFFFF04FFFFFFFF0CFFFFFFFF1300B054CFBB7D1D4014AC0A81D7451EC09A99999999991B40110D05706F696E740C
310
FFFFFFFF04FFFFFFFF0CFFFFFFFF1300B054CFBB7D1D400A5685C0EB222DC09A99999999991B40110E0873747261696768740D0563757276650CFFFFFFFF04FFFFFFFF0CFFFFFFFF13002CD5F36E5F31400A5685C0EB222DC09A99999999991B401400000000000000000000000000000000000000000000F0BF0B0B110E08
310
73747261696768740D0563757276650CFFFFFFFF04FFFFFFFF0CFFFFFFFF13002CD5F36E5F314014AC0A81D7451EC09A99999999991B401400000000000000000000000000000000000000000000F0BF0B0B110E0873747261696768740D0563757276650CFFFFFFFF04FFFFFFFF0CFFFFFFFF13002CD5F36E5F314014AC0A
310
81D7451EC03433333333330F4014000000000000F03F000000000000000000000000000000000B0B110D05706F696E740CFFFFFFFF04FFFFFFFF0CFFFFFFFF1300B054CFBB7D1D4014AC0A81D7451EC03433333333330F40110D05706F696E740CFFFFFFFF04FFFFFFFF0CFFFFFFFF13002CD5F36E5F314014AC0A81D7451E
310
C03433333333330F40110E0873747261696768740D0563757276650CFFFFFFFF04FFFFFFFF0CFFFFFFFF1300B054CFBB7D1D400A5685C0EB222DC09A99999999991B401400000000000000000000000000000000000000000000F0BF0B0B110E0D4154545249425F435553544F4D0D066174747269620CFFFFFFFF04FFFFFF
310
FF0CFFFFFFFF0CFFFFFFFF0C17040000071667656E657269635F7461675F6174747269625F6465660403000000040300000004FFFFFFFF071767656E657269635F7461675F6174747269625F64656620040100000004010000000701320400000000040100000004540100000400000000110D04666163650C9D04000004FF
310
FFFFFF0CFFFFFFFF0C9E0400000C9F0400000C060000000CFFFFFFFF0CA00400000A0B110D046C6F6F700CFFFFFFFF04FFFFFFFF0CFFFFFFFF0CFFFFFFFF0CA10400000C17040000110E05706C616E650D07737572666163650CFFFFFFFF04FFFFFFFF0CFFFFFFFF13171AF9850E773640B60DD0E0CF4F34C0333333333333
310
0F401400000000000000000000000000000000000000000000F03F14000000000000F03F000000000000000000000000000000000B0B0B0B0B110D046C6F6F700CFFFFFFFF04FFFFFFFF0CFFFFFFFF0CFFFFFFFF0CA20400000C97030000110D06636F656467650CFFFFFFFF04FFFFFFFF0CFFFFFFFF0C720400000C720400
310
000CA30400000CA40400000A0C1804000004000000000CFFFFFFFF110D04656467650CA504000004FFFFFFFF0CFFFFFFFF0CA604000006182D4454FB2109C00CA604000006182D4454FB2109400C1B0400000CA70400000B0707756E6B6E6F776E110D046C6F6F700CFFFFFFFF04FFFFFFFF0CFFFFFFFF0CA80400000C1C04
310
00000CA9040000110D067665727465780CFFFFFFFF04FFFFFFFF0CFFFFFFFF0C1D04000004000000000CAA040000110E07656C6C697073650D0563757276650CFFFFFFFF04FFFFFFFF0CFFFFFFFF1398AE36F77CA5364095BBE45B83032FC0CDCCCCCCCCCC0A401400000000000000000000000000000000000000000000F0
310
3F14809999999999C93F0000000000000000000000000000000006000000000000F03F0B0B110D04656467650CFFFFFFFF04FFFFFFFF0CFFFFFFFF0C2D04000006182D4454FB21E9BF0C2204000006182D4454FB21E93F0C1E0400000CAB0400000B070774616E67656E74110E0D4154545249425F435553544F4D0D066174
310
747269620CFFFFFFFF04FFFFFFFF0CFFFFFFFF0CFFFFFFFF0C1F040000071667656E657269635F7461675F6174747269625F6465660403000000040300000004FFFFFFFF071767656E657269635F7461675F6174747269625F646566200401000000040100000007013704000000000401000000043E010000040000000011
310
0E04636F6E650D07737572666163650CFFFFFFFF04FFFFFFFF0CFFFFFFFF130000000000003D400000000000003AC000000000000000001400000000000000000000000000000000000000000000F03F140000000000000000000000000000F0BF000000000000000006000000000000F03F0B0B0600000000000000000600
310
0000000000F03F06000000000000F03F0B0B0B0B0B110E0873747261696768740D0563757276650CFFFFFFFF04FFFFFFFF0CFFFFFFFF130000000000003E400000000000C033C0CDCCCCCCCCCC1A40140000000000000080000000000000F03F00000000000000000A06D4963AC8EB511AC00A06B5A50EF27A143340110D05
310
706F696E740CFFFFFFFF04FFFFFFFF0CFFFFFFFF130000000000003E400000000000003AC0CDCCCCCCCCCC1A40110D06636F656467650CFFFFFFFF04FFFFFFFF0CFFFFFFFF0C250400000C240400000C980400000CAC0400000B0C2604000004000000000CFFFFFFFF110D04656467650CFFFFFFFF04FFFFFFFF0CFFFFFFFF
310
0CA60300000600000000000000000CAD04000006182D4454FB21F93F0C480400000CAE0400000B070774616E67656E74110D04656467650CFFFFFFFF04FFFFFFFF0CFFFFFFFF0C330400000600000000000035C00C7F040000060000000000001C400C540400000CAF0400000B070774616E67656E74110D06766572746578
310
0CFFFFFFFF04FFFFFFFF0CFFFFFFFF0CAC04000004000000000CB0040000110E07656C6C697073650D0563757276650CFFFFFFFF04FFFFFFFF0CFFFFFFFF130000000000003D40233333333333D3BFCDCCCCCCCCCC1A4014000000000000F03F00000000000000800000000000000080140000000000000000333333333333
310
D33F000000000000000006000000000000F03F0A0600000000000000000A06182D4454FB21F93F110E0D4154545249425F435553544F4D0D066174747269620CFFFFFFFF04FFFFFFFF0CFFFFFFFF0CFFFFFFFF0C2B040000071667656E657269635F7461675F6174747269625F6465660403000000040300000004FFFFFFFF
310
071767656E657269635F7461675F6174747269625F64656620040100000004010000000701370400000000040100000004420100000400000000110E04636F6E650D07737572666163650CFFFFFFFF04FFFFFFFF0CFFFFFFFF130000000000003640303333333333D3BFCDCCCCCCCCCC1A4014000000000000F0BF00000000
310
0000000000000000000000001400000000000000009A14FF7A2427CB3F8514FF7A2427CB3F06000000000000F03F0B0B06000000000000000006000000000000F03F06343333333333D33F0B0B0B0B0B110E0873747261696768740D0563757276650CFFFFFFFF04FFFFFFFF0CFFFFFFFF1300000000000020400000000000
310
003BC0CDCCCCCCCCCC1A4014000000000000F03F000000000000000000000000000000800A06D6963AC8EB511DC00A06B5A50EF27A543540110D05706F696E740CFFFFFFFF04FFFFFFFF0CFFFFFFFF130000000000003D400000000000003BC0CDCCCCCCCCCC1A40110D05706F696E740CFFFFFFFF04FFFFFFFF0CFFFFFFFF
310
13000000000000F03F303333333333D3BF0000000000001C40110D06636F656467650CFFFFFFFF04FFFFFFFF0CFFFFFFFF0C8B0400000C380400000C5E0400000C990400000A0C5C04000004000000000CFFFFFFFF110D067665727465780CFFFFFFFF04FFFFFFFF0CFFFFFFFF0C3D04000004010000000CB1040000110E08
310
73747261696768740D0563757276650CFFFFFFFF04FFFFFFFF0CFFFFFFFF13010000000000014067666666666614C0343333333333E33F14000000000000F03F000000000000000000000000000000800B0B110D05706F696E740CFFFFFFFF04FFFFFFFF0CFFFFFFFF139A9999999999154067666666666614C03433333333
310
33E33F110E0873747261696768740D0563757276650CFFFFFFFF04FFFFFFFF0CFFFFFFFF139C9999999999F13F67666666666614C09A9999999999D93F1400000000000000000000000000000000000000000000F03F0B0B110D06636F656467650CFFFFFFFF04FFFFFFFF0CFFFFFFFF0C420400000C860400000C3F040000
310
0C8C0400000A0C5C04000004000000000CFFFFFFFF110D04656467650CFFFFFFFF04FFFFFFFF0CFFFFFFFF0C440400000600000000000000000C8D0400000633333333333311400C3F0400000CB20400000B0707756E6B6E6F776E110D067665727465780CFFFFFFFF04FFFFFFFF0CFFFFFFFF0C4004000004010000000CB3
310
040000110E0873747261696768740D0563757276650CFFFFFFFF04FFFFFFFF0CFFFFFFFF139C9999999999F13F303333333333D3BF9A9999999999D93F1400000000000000000000000000000000000000000000F03F0B0B110E0873747261696768740D0563757276650CFFFFFFFF04FFFFFFFF0CFFFFFFFF139A99999999
310
99154067666666666614C0343333333333E33F140000000000000000000000000000F03F00000000000000000B0B110D05706F696E740CFFFFFFFF04FFFFFFFF0CFFFFFFFF139A99999999991540303333333333D3BF343333333333E33F110D06636F656467650CFFFFFFFF04FFFFFFFF0CFFFFFFFF0C4B0400000C480400
310
000CB40400000CB50400000B0CD103000004000000000CFFFFFFFF110D06636F656467650CFFFFFFFF04FFFFFFFF0CFFFFFFFF0CB40400000C4D0400000C490400000C930400000A0CB903000004000000000CFFFFFFFF110D04656467650CFFFFFFFF04FFFFFFFF0CFFFFFFFF0C9404000006182D4454FB21E9BF0C4F0400
310
0006182D4454FB21E93F0C920400000CB60400000B070774616E67656E74110D067665727465780CFFFFFFFF04FFFFFFFF0CFFFFFFFF0C9304000004000000000CB7040000110E07656C6C697073650D0563757276650CFFFFFFFF04FFFFFFFF0CFFFFFFFF133433333333B33D400000000000003AC0CDCCCCCCCCCC1A4014
310
0000000000000080000000000000F0BF000000000000008014003333333333D33F0000000000000000000000000000000006000000000000F03F0A0600000000000000000A06182D4454FB21F93F110E0873747261696768740D0563757276650CFFFFFFFF04FFFFFFFF0CFFFFFFFF1300000000000020403333333333B33A
310
C00000000000001C4014000000000000F0BF000000000000008000000000000000000A06B5A50EF27A5435C00A06D6963AC8EB511D40110D05706F696E740CFFFFFFFF04FFFFFFFF0CFFFFFFFF130000000000003D403333333333B33AC00000000000001C40110D06636F656467650CFFFFFFFF04FFFFFFFF0CFFFFFFFF0C
310
540400000CB40400000C7C0400000CAC0400000A0CB903000004000000000CFFFFFFFF110D04656467650CFFFFFFFF04FFFFFFFF0CFFFFFFFF0C8D0400000600000000000000000C870400000634333333333313400C5E0400000CB80400000B0707756E6B6E6F776E110D06636F656467650CB904000004FFFFFFFF0CFFFF
310
FFFF0C9A0400000C9A0400000C610400000C9B0400000A0CBA04000004000000000CFFFFFFFF110D04656467650CBB04000004FFFFFFFF0CFFFFFFFF0CBC04000006182D4454FB2109C00CBC04000006182D4454FB2109400C610400000CBD0400000B0707756E6B6E6F776E110E0873747261696768740D0563757276650C
310
FFFFFFFF04FFFFFFFF0CFFFFFFFF1300B054CFBB7D1D4014AC0A81D7451EC09A99999999991B401400000000000000000000000000000000000000000000F0BF0B0B110E0D4154545249425F435553544F4D0D066174747269620CFFFFFFFF04FFFFFFFF0CFFFFFFFF0CFFFFFFFF0C6E040000071667656E657269635F7461
310
675F6174747269625F6465660403000000040300000004FFFFFFFF071767656E657269635F7461675F6174747269625F64656620040100000004010000000701340400000000040100000004540100000400000000110D04666163650CBE04000004FFFFFFFF0CFFFFFFFF0CBF0400000CC00400000C060000000CFFFFFFFF
310
0CC10400000A0B110D046C6F6F700CFFFFFFFF04FFFFFFFF0CFFFFFFFF0CC20400000CC30400000C6E040000110E04636F6E650D07737572666163650CFFFFFFFF04FFFFFFFF0CFFFFFFFF13825E142A8B733B4098E45F3E60602FC0CDCCCCCCCCCCEC3F1400000000000000000000000000000000000000000000F03F1480
310
9999999999C93F0000000000000000000000000000000006000000000000F03F0B0B06000000000000000006000000000000F03F06809999999999C93F0B0B0B0B0B110D06636F656467650CFFFFFFFF04FFFFFFFF0CFFFFFFFF0CA10400000CA10400000CA20400000CC40400000A0C6F04000004000000000CFFFFFFFF11
310
0D06636F656467650CFFFFFFFF04FFFFFFFF0CFFFFFFFF0CA20400000CA20400000CA10400000CC40400000B0C7104000004000000000CFFFFFFFF110D06636F656467650CFFFFFFFF04FFFFFFFF0CFFFFFFFF0CA30400000CA30400000C720400000CA40400000B0CA804000004000000000CFFFFFFFF110D04656467650C
310
FFFFFFFF04FFFFFFFF0CFFFFFFFF0CC504000006182D4454FB2109C00CC504000006182D4454FB2109400CA30400000CC60400000B0707756E6B6E6F776E110E0D4154545249425F435553544F4D0D066174747269620CFFFFFFFF04FFFFFFFF0CFFFFFFFF0CFFFFFFFF0C73040000071667656E657269635F7461675F6174
310
747269625F6465660403000000040300000004FFFFFFFF071767656E657269635F7461675F6174747269625F646566200401000000040200000007022D310400000000040100000004540100000400000000110D067665727465780CFFFFFFFF04FFFFFFFF0CFFFFFFFF0C7304000004020000000CC7040000110E07656C6C
310
697073650D0563757276650CFFFFFFFF04FFFFFFFF0CFFFFFFFF1398AE36F77CA5364095BBE45B83032FC03333333333330F401400000000000000000000000000000000000000000000F03F14809999999999C93F0000000000000000000000000000000006000000000000F03F0B0B110D046C6F6F700CFFFFFFFF04FFFF
310
FFFF0CFFFFFFFF0CC80400000CA30400000CA9040000110D04666163650CC904000004FFFFFFFF0CFFFFFFFF0C710300000C740400000C060000000CFFFFFFFF0CCA0400000A0B110D05706F696E740CFFFFFFFF04FFFFFFFF0CFFFFFFFF13657B03C44972364095BBE45B83032FC0CDCCCCCCCCCC0A40110E07656C6C6970
310
73650D0563757276650CFFFFFFFF04FFFFFFFF0CFFFFFFFF130000000000003D400000000000003AC0CDCCCCCCCCCC1A401400000000000000000000000000000000000000000000F03F14CC3B7F669EA0E63FCC3B7F669EA0E6BF000000000000000006000000000000F03F0A0639C23D0EC26BF4BF0A0639C23D0EC26BF4
310
3F110D04656467650CFFFFFFFF04FFFFFFFF0CFFFFFFFF0C7F040000060F2D4454FB21E9BF0CAD040000062D2D4454FB21E93F0C980400000CCB0400000B070774616E67656E74110D067665727465780CFFFFFFFF04FFFFFFFF0CFFFFFFFF0CB504000004000000000CCC040000110E07656C6C697073650D056375727665
310
0CFFFFFFFF04FFFFFFFF0CFFFFFFFF133333333333B33D40000000000000F0BFCDCCCCCCCCCC1A401499AAAAAAAAAAEA3C000000000000F0BF000000000000008014403333333333D33F000000000000D03C000000000000000006000000000000F03F0A0600000000000000000A06182D4454FB21F93F110E087374726169
310
6768740D0563757276650CFFFFFFFF04FFFFFFFF0CFFFFFFFF130000000000003640303333333333D3BF0000000000001C4014000000000000F03F000000000000008000000000000000800A06B5A50EF27A5435C00A06D4963AC8EB511D40110D05706F696E740CFFFFFFFF04FFFFFFFF0CFFFFFFFF130000000000003D40
310
233333333333D3BF0000000000001C40110D05706F696E740CFFFFFFFF04FFFFFFFF0CFFFFFFFF139C9999999999F13F67666666666614C0343333333333E33F110E0873747261696768740D0563757276650CFFFFFFFF04FFFFFFFF0CFFFFFFFF139A99999999991540303333333333D3BF343333333333E33F1400000000
310
0000F0BF000000000000000000000000000000000B0B110D05706F696E740CFFFFFFFF04FFFFFFFF0CFFFFFFFF139C9999999999F13F303333333333D3BF343333333333E33F110D06636F656467650CFFFFFFFF04FFFFFFFF0CFFFFFFFF0C980400000C920400000C910400000CB50400000A0CB903000004000000000CFF
310
FFFFFF110D04656467650CFFFFFFFF04FFFFFFFF0CFFFFFFFF0CAD040000060000000000C032C00C940400000600000000000019400CB40400000CCD0400000B070774616E67656E74110E07656C6C697073650D0563757276650CFFFFFFFF04FFFFFFFF0CFFFFFFFF130000000000003D400000000000003AC00000000000
310
001C401400000000000000800000000000000080000000000000F0BF1452ED7E8FAAADDF3F52ED7E8FAAADDFBF000000000000000006000000000000F03F0A0639C23D0EC26BF4BF0A0639C23D0EC26BF43F110D05706F696E740CFFFFFFFF04FFFFFFFF0CFFFFFFFF133433333333B33D400000000000003AC00000000000
310
001C40110E0873747261696768740D0563757276650CFFFFFFFF04FFFFFFFF0CFFFFFFFF139C9999999999F13F303333333333D3BF343333333333E33F140000000000000000000000000000F0BF00000000000000000B0B110E0D4154545249425F435553544F4D0D066174747269620CFFFFFFFF04FFFFFFFF0CFFFFFFFF
310
0CFFFFFFFF0C9A0400000711736B657463685F6174747269625F646566040100000004010000000403000000070D32383320302030203020312031110D046C6F6F700CFFFFFFFF04FFFFFFFF0CFFFFFFFF0CFFFFFFFF0C9A0400000CCE040000110E0D4154545249425F435553544F4D0D066174747269620CFFFFFFFF04FF
310
FFFFFF0CFFFFFFFF0CFFFFFFFF0C9B040000071667656E657269635F7461675F6174747269625F6465660403000000040300000004FFFFFFFF071767656E657269635F7461675F6174747269625F646566200401000000040400000007042D3238330400000000040100000004520100000400000000110D06766572746578
310
0CFFFFFFFF04FFFFFFFF0CFFFFFFFF0C9B04000004000000000CCF040000110E07656C6C697073650D0563757276650CFFFFFFFF04FFFFFFFF0CFFFFFFFF134CBC06D84CF5384000000000000032C000000000000008401400000000000000000000000000000000000000000000F03F140000000000001040000000000000
310
0000000000000000000006000000000000F03F0B0B110E0D4154545249425F435553544F4D0D066174747269620CFFFFFFFF04FFFFFFFF0CFFFFFFFF0CFFFFFFFF0C9E040000071667656E657269635F7461675F6174747269625F6465660403000000040300000004FFFFFFFF071767656E657269635F7461675F61747472
310
69625F64656620040100000004010000000701320400000000040100000004540100000400000000110D04666163650CD004000004FFFFFFFF0CFFFFFFFF0CD10400000CD20400000C060000000CFFFFFFFF0CD30400000A0B110D046C6F6F700CFFFFFFFF04FFFFFFFF0CFFFFFFFF0CFFFFFFFF0CD40400000C9E04000011
310
0E05706C616E650D07737572666163650CFFFFFFFF04FFFFFFFF0CFFFFFFFF13825E142A8B733B4098E45F3E60602FC03333333333330F401400000000000000000000000000000000000000000000F03F14000000000000F03F000000000000000000000000000000000B0B0B0B0B110D046C6F6F700CFFFFFFFF04FFFFFF
310
FF0CFFFFFFFF0CFFFFFFFF0CD50400000C6E040000110D06636F656467650CFFFFFFFF04FFFFFFFF0CFFFFFFFF0CC30400000CC30400000CD60400000CD70400000A0C9F04000004000000000CFFFFFFFF110D04656467650CD804000004FFFFFFFF0CFFFFFFFF0CD904000006182D4454FB2109C00CD904000006182D4454
310
FB2109400CA20400000CDA0400000B0707756E6B6E6F776E110D067665727465780CFFFFFFFF04FFFFFFFF0CFFFFFFFF0CA404000004000000000CDB040000110E07656C6C697073650D0563757276650CFFFFFFFF04FFFFFFFF0CFFFFFFFF13171AF9850E773640B60DD0E0CF4F34C0CDCCCCCCCCCC0A4014000000000000
310
00000000000000000000000000000000F03F14809999999999C93F0000000000000000000000000000000006000000000000F03F0B0B110D05706F696E740CFFFFFFFF04FFFFFFFF0CFFFFFFFF13657B03C44972364095BBE45B83032FC03333333333330F40110D046C6F6F700CFFFFFFFF04FFFFFFFF0CFFFFFFFF0CDC04
310
00000CD60400000CA9040000110E0D4154545249425F435553544F4D0D066174747269620CFFFFFFFF04FFFFFFFF0CFFFFFFFF0CFFFFFFFF0CA9040000071667656E657269635F7461675F6174747269625F6465660403000000040300000004FFFFFFFF071767656E657269635F7461675F6174747269625F646566200401
310
00000004010000000701320400000000040100000004520100000400000000110E05706C616E650D07737572666163650CFFFFFFFF04FFFFFFFF0CFFFFFFFF134CBC06D84CF5384000000000000032C0CDCCCCCCCCCC0A401400000000000000000000000000000000000000000000F03F14000000000000F03F0000000000
310
00000000000000000000000B0B0B0B0B110E07656C6C697073650D0563757276650CFFFFFFFF04FFFFFFFF0CFFFFFFFF130000000000003D40F8FFFFFFFFFFEFBF0000000000001C401400000000000000800000000000000080000000000000F0BF1448ED7E8FAAADDF3F5AED7E8FAAADDF3F000000000000000006000000
310
000000F03F0A0639C23D0EC26BF4BF0A0652C23D0EC26BF43F110D05706F696E740CFFFFFFFF04FFFFFFFF0CFFFFFFFF133333333333B33D40000000000000F0BF0000000000001C40110E0873747261696768740D0563757276650CFFFFFFFF04FFFFFFFF0CFFFFFFFF133333333333B33D400000000000C033C000000000
310
00001C40140000000000000000000000000000F0BF00000000000000800A06B5A50EF27A1433C00A06D4963AC8EB511A40110D04666163650CDD04000004FFFFFFFF0CFFFFFFFF0CA90400000CDE0400000C060000000CFFFFFFFF0CDF0400000A0B110D05706F696E740CFFFFFFFF04FFFFFFFF0CFFFFFFFF134CBC06D84C
310
F5344000000000000032C00000000000000840110E0D4154545249425F435553544F4D0D066174747269620CFFFFFFFF04FFFFFFFF0CFFFFFFFF0CFFFFFFFF0CBF040000071667656E657269635F7461675F6174747269625F6465660403000000040300000004FFFFFFFF071767656E657269635F7461675F617474726962
310
5F64656620040100000004010000000701360400000000040100000004540100000400000000110D04666163650CE004000004FFFFFFFF0CFFFFFFFF0CCE0400000CE10400000C060000000CFFFFFFFF0CE20400000A0B110D046C6F6F700CFFFFFFFF04FFFFFFFF0CFFFFFFFF0CE30400000CE40400000CBF040000110E04
310
636F6E650D07737572666163650CFFFFFFFF04FFFFFFFF0CFFFFFFFF1301CAD6B81C453B4034A20D523E7E34C0CDCCCCCCCCCCEC3F1400000000000000000000000000000000000000000000F03F14809999999999C93F0000000000000000000000000000000006000000000000F03F0B0B06000000000000000006000000
310
000000F03F06809999999999C93F0B0B0B0B0B110D06636F656467650CFFFFFFFF04FFFFFFFF0CFFFFFFFF0CD40400000CD40400000CD50400000CE50400000A0CC004000004000000000CFFFFFFFF110D06636F656467650CFFFFFFFF04FFFFFFFF0CFFFFFFFF0CD50400000CD50400000CD40400000CE50400000B0CC204
310
000004000000000CFFFFFFFF110D06636F656467650CFFFFFFFF04FFFFFFFF0CFFFFFFFF0CD60400000CD60400000CC30400000CD70400000B0CC804000004000000000CFFFFFFFF110D04656467650CFFFFFFFF04FFFFFFFF0CFFFFFFFF0CE604000006182D4454FB2109C00CE604000006182D4454FB2109400CD6040000
310
0CE70400000B0707756E6B6E6F776E110E0D4154545249425F435553544F4D0D066174747269620CFFFFFFFF04FFFFFFFF0CFFFFFFFF0CFFFFFFFF0CC4040000071667656E657269635F7461675F6174747269625F6465660403000000040300000004FFFFFFFF071767656E657269635F7461675F6174747269625F646566
310
200401000000040200000007022D310400000000040100000004540100000400000000110D067665727465780CFFFFFFFF04FFFFFFFF0CFFFFFFFF0CC404000004020000000CE8040000110E07656C6C697073650D0563757276650CFFFFFFFF04FFFFFFFF0CFFFFFFFF13171AF9850E773640B60DD0E0CF4F34C033333333
310
33330F401400000000000000000000000000000000000000000000F03F14809999999999C93F0000000000000000000000000000000006000000000000F03F0B0B110D05706F696E740CFFFFFFFF04FFFFFFFF0CFFFFFFFF13E4E6C552DB433640B60DD0E0CF4F34C0CDCCCCCCCCCC0A40110D046C6F6F700CFFFFFFFF04FF
310
FFFFFF0CFFFFFFFF0CE90400000CEA0400000CA9040000110E0D4154545249425F435553544F4D0D066174747269620CFFFFFFFF04FFFFFFFF0CFFFFFFFF0CFFFFFFFF0CCE040000071667656E657269635F7461675F6174747269625F6465660403000000040300000004FFFFFFFF071767656E657269635F7461675F6174
310
747269625F64656620040100000004010000000701330400000000040100000004520100000400000000110D046C6F6F700CFFFFFFFF04FFFFFFFF0CFFFFFFFF0CBA0400000CEB0400000CCE040000110E04636F6E650D07737572666163650CFFFFFFFF04FFFFFFFF0CFFFFFFFF134CBC06D84CF5384000000000000032C0
310
00000000000008401400000000000000000000000000000000000000000000F03F1400000000000010400000000000000000000000000000000006000000000000F03F0B0B06000000000000000006000000000000F03F0600000000000010400B0B0B0B0B110E0D4154545249425F435553544F4D0D066174747269620CFF
310
FFFFFF04FFFFFFFF0CFFFFFFFF0CFFFFFFFF0CD1040000071667656E657269635F7461675F6174747269625F6465660403000000040300000004FFFFFFFF071767656E657269635F7461675F6174747269625F64656620040100000004010000000701320400000000040100000004540100000400000000110D046C6F6F70
310
0CFFFFFFFF04FFFFFFFF0CFFFFFFFF0CFFFFFFFF0CEC0400000CD1040000110E05706C616E650D07737572666163650CFFFFFFFF04FFFFFFFF0CFFFFFFFF1301CAD6B81C453B4034A20D523E7E34C03333333333330F401400000000000000000000000000000000000000000000F03F14000000000000F03F000000000000
310
000000000000000000000B0B0B0B0B110D046C6F6F700CFFFFFFFF04FFFFFFFF0CFFFFFFFF0CFFFFFFFF0CED0400000CBF040000110D06636F656467650CFFFFFFFF04FFFFFFFF0CFFFFFFFF0CE40400000CE40400000CEA0400000CEE0400000A0CD204000004000000000CFFFFFFFF110D04656467650CEF04000004FFFF
310
FFFF0CFFFFFFFF0CF004000006182D4454FB2109C00CF004000006182D4454FB2109400CD50400000CF10400000B0707756E6B6E6F776E110D067665727465780CFFFFFFFF04FFFFFFFF0CFFFFFFFF0CD704000004000000000CF2040000110E07656C6C697073650D0563757276650CFFFFFFFF04FFFFFFFF0CFFFFFFFF13
310
825E142A8B733B4098E45F3E60602FC0CDCCCCCCCCCC0A401400000000000000000000000000000000000000000000F03F14809999999999C93F0000000000000000000000000000000006000000000000F03F0B0B110D05706F696E740CFFFFFFFF04FFFFFFFF0CFFFFFFFF13E4E6C552DB433640B60DD0E0CF4F34C03333
310
333333330F40110D046C6F6F700CFFFFFFFF04FFFFFFFF0CFFFFFFFF0CFFFFFFFF0CF30400000CA9040000110D06636F656467650CFFFFFFFF04FFFFFFFF0CFFFFFFFF0CEA0400000CEA0400000CE40400000CEE0400000B0CDC04000004000000000CFFFFFFFF110D06636F656467650CFFFFFFFF04FFFFFFFF0CFFFFFFFF
310
0CEB0400000CEB0400000CF30400000CF40400000B0CDE04000004000000000CFFFFFFFF110D06636F656467650CFFFFFFFF04FFFFFFFF0CFFFFFFFF0CEC0400000CEC0400000CED0400000CF50400000A0CE104000004000000000CFFFFFFFF110D06636F656467650CFFFFFFFF04FFFFFFFF0CFFFFFFFF0CED0400000CED
310
0400000CEC0400000CF50400000B0CE304000004000000000CFFFFFFFF110D04656467650CFFFFFFFF04FFFFFFFF0CFFFFFFFF0CF604000006182D4454FB2109C00CF604000006182D4454FB2109400CEA0400000CF70400000B0707756E6B6E6F776E110E0D4154545249425F435553544F4D0D066174747269620CFFFFFF
310
FF04FFFFFFFF0CFFFFFFFF0CFFFFFFFF0CE5040000071667656E657269635F7461675F6174747269625F6465660403000000040300000004FFFFFFFF071767656E657269635F7461675F6174747269625F646566200401000000040200000007022D310400000000040100000004540100000400000000110D067665727465
310
780CFFFFFFFF04FFFFFFFF0CFFFFFFFF0CE504000004020000000CF8040000110E07656C6C697073650D0563757276650CFFFFFFFF04FFFFFFFF0CFFFFFFFF13825E142A8B733B4098E45F3E60602FC03333333333330F401400000000000000000000000000000000000000000000F03F14809999999999C93F0000000000
310
000000000000000000000006000000000000F03F0B0B110D05706F696E740CFFFFFFFF04FFFFFFFF0CFFFFFFFF134F2BE1F657403B4098E45F3E60602FC0CDCCCCCCCCCC0A40110D06636F656467650CFFFFFFFF04FFFFFFFF0CFFFFFFFF0CF30400000CF30400000CEB0400000CF40400000A0CE904000004000000000CFF
310
FFFFFF110D04656467650CF904000004FFFFFFFF0CFFFFFFFF0CFA04000006182D4454FB2109C00CFA04000006182D4454FB2109400CEB0400000CFB0400000B0707756E6B6E6F776E110D04656467650CFC04000004FFFFFFFF0CFFFFFFFF0CFD04000006182D4454FB2109C00CFD04000006182D4454FB2109400CED0400
310
000CFE0400000B0707756E6B6E6F776E110D067665727465780CFFFFFFFF04FFFFFFFF0CFFFFFFFF0CEE04000004000000000CFF040000110E07656C6C697073650D0563757276650CFFFFFFFF04FFFFFFFF0CFFFFFFFF1301CAD6B81C453B4034A20D523E7E34C0CDCCCCCCCCCC0A40140000000000000000000000000000
310
0000000000000000F03F14809999999999C93F0000000000000000000000000000000006000000000000F03F0B0B110D05706F696E740CFFFFFFFF04FFFFFFFF0CFFFFFFFF134F2BE1F657403B4098E45F3E60602FC03333333333330F40110E0D4154545249425F435553544F4D0D066174747269620CFFFFFFFF04FFFFFF
310
FF0CFFFFFFFF0CFFFFFFFF0CF4040000071667656E657269635F7461675F6174747269625F6465660403000000040300000004FFFFFFFF071767656E657269635F7461675F6174747269625F646566200401000000040200000007022D310400000000040100000004520100000400000000110D067665727465780CFFFFFF
310
FF04FFFFFFFF0CFFFFFFFF0CF404000004000000000C00050000110E07656C6C697073650D0563757276650CFFFFFFFF04FFFFFFFF0CFFFFFFFF134CBC06D84CF5384000000000000032C0CDCCCCCCCCCC0A401400000000000000000000000000000000000000000000F03F14000000000000104000000000000000000000
310
00000000000006000000000000F03F0B0B110E0D4154545249425F435553544F4D0D066174747269620CFFFFFFFF04FFFFFFFF0CFFFFFFFF0CFFFFFFFF0CF5040000071667656E657269635F7461675F6174747269625F6465660403000000040300000004FFFFFFFF071767656E657269635F7461675F6174747269625F64
310
6566200401000000040200000007022D310400000000040100000004540100000400000000110D067665727465780CFFFFFFFF04FFFFFFFF0CFFFFFFFF0CF504000004020000000C01050000110E07656C6C697073650D0563757276650CFFFFFFFF04FFFFFFFF0CFFFFFFFF1301CAD6B81C453B4034A20D523E7E34C03333
310
333333330F401400000000000000000000000000000000000000000000F03F14809999999999C93F0000000000000000000000000000000006000000000000F03F0B0B110D05706F696E740CFFFFFFFF04FFFFFFFF0CFFFFFFFF13CE96A385E9113B4034A20D523E7E34C0CDCCCCCCCCCC0A40110D05706F696E740CFFFFFF
310
FF04FFFFFFFF0CFFFFFFFF134CBC06D84CF5344000000000000032C0CDCCCCCCCCCC0A40110D05706F696E740CFFFFFFFF04FFFFFFFF0CFFFFFFFF13CE96A385E9113B4034A20D523E7E34C03333333333330F40110E03456E640E026F660E0341534D0D0464617461
  0
ACDSRECORD
 90
        0
  2
AcDbDs::ID
280
    10
320
85
  2
ASM_Data
280
    15
 94
    18119
310
414349532042696E61727946696C652855000000000000020000000C00000007104175746F6465736B204175746F434144071441534D203233312E302E302E3635353335204E540718536174204D61722032392031353A31333A35372032303235066666666666663940068DEDB5A0F7C6B03E06BBBDD7D9DF7CDB3D0D0961
310
736D6865616465720CFFFFFFFF04FFFFFFFF070D3233312E302E302E3635353335110D04626F64790C0200000004FFFFFFFF0CFFFFFFFF0C030000000CFFFFFFFF0C04000000110E0D4154545249425F435553544F4D0D066174747269620CFFFFFFFF04FFFFFFFF0C050000000CFFFFFFFF0C01000000071454696D657374
310
616D705F6174747269625F646566040100000006A053373BF2C51843110D046C756D700CFFFFFFFF04FFFFFFFF0CFFFFFFFF0CFFFFFFFF0C060000000C01000000110D097472616E73666F726D0CFFFFFFFF04FFFFFFFF14000000000000F03F00000000000000000000000000000000140000000000000000000000000000
310
F03F00000000000000001400000000000000000000000000000000000000000000F03F1400000000000000000000000000000000000000000000000006000000000000F03F0B0B0B110E0D4154545249425F435553544F4D0D066174747269620CFFFFFFFF04FFFFFFFF0CFFFFFFFF0C020000000C01000000071667656E65
310
7269635F7461675F6174747269625F6465660403000000040300000004FFFFFFFF071767656E657269635F7461675F6174747269625F6465662004020000000403000000070333353204070000000400000000040000000004030000000703333535040700000004000000000400000000110D057368656C6C0CFFFFFFFF04
310
FFFFFFFF0CFFFFFFFF0CFFFFFFFF0CFFFFFFFF0C070000000CFFFFFFFF0C03000000110D04666163650C0800000004FFFFFFFF0CFFFFFFFF0C090000000C0A0000000C060000000CFFFFFFFF0C0B0000000A0B110E0D4154545249425F435553544F4D0D066174747269620CFFFFFFFF04FFFFFFFF0CFFFFFFFF0CFFFFFFFF
310
0C07000000071667656E657269635F7461675F6174747269625F6465660403000000040300000004FFFFFFFF071767656E657269635F7461675F6174747269625F64656620040100000004010000000701360400000000040100000004660100000400000000110D04666163650C0C00000004FFFFFFFF0CFFFFFFFF0C0D00
310
00000C0E0000000C060000000CFFFFFFFF0C0F0000000A0B110D046C6F6F700CFFFFFFFF04FFFFFFFF0CFFFFFFFF0C100000000C110000000C07000000110E04636F6E650D07737572666163650CFFFFFFFF04FFFFFFFF0CFFFFFFFF1399999999991930406666666666E638C0000000000000004014000000000000000000
310
00000000000000000000000000F03F14606666666666EE3F0000000000000000000000000000000006000000000000F03F0B0B06000000000000000006000000000000F03F06606666666666EE3F0B0B0B0B0B110E0D4154545249425F435553544F4D0D066174747269620CFFFFFFFF04FFFFFFFF0CFFFFFFFF0CFFFFFFFF
310
0C09000000071667656E657269635F7461675F6174747269625F6465660403000000040300000004FFFFFFFF071767656E657269635F7461675F6174747269625F64656620040100000004010000000701340400000000040100000004660100000400000000110D04666163650C1200000004FFFFFFFF0CFFFFFFFF0C1300
310
00000C140000000C060000000CFFFFFFFF0C150000000A0B110D046C6F6F700CFFFFFFFF04FFFFFFFF0CFFFFFFFF0C160000000C170000000C09000000110E04636F6E650D07737572666163650CFFFFFFFF04FFFFFFFF0CFFFFFFFF136566666666662B406666666666E638C0000000000000004014000000000000000000
310
00000000000000000000000000F03F14606666666666EE3F0000000000000000000000000000000006000000000000F03F0B0B06000000000000000006000000000000F03F06606666666666EE3F0B0B0B0B0B110D046C6F6F700CFFFFFFFF04FFFFFFFF0CFFFFFFFF0CFFFFFFFF0C180000000C07000000110D06636F6564
310
67650CFFFFFFFF04FFFFFFFF0CFFFFFFFF0C110000000C110000000C190000000C1A0000000A0C0A00000004000000000CFFFFFFFF110E0D4154545249425F435553544F4D0D066174747269620CFFFFFFFF04FFFFFFFF0CFFFFFFFF0CFFFFFFFF0C0D000000071667656E657269635F7461675F6174747269625F64656604
310
03000000040300000004FFFFFFFF071767656E657269635F7461675F6174747269625F64656620040100000004010000000701330400000000040100000004660100000400000000110D04666163650C1B00000004FFFFFFFF0CFFFFFFFF0C1C0000000C1D0000000C060000000CFFFFFFFF0C1E0000000A0B110D046C6F6F
310
700CFFFFFFFF04FFFFFFFF0CFFFFFFFF0C1F0000000C200000000C0D000000110E04636F6E650D07737572666163650CFFFFFFFF04FFFFFFFF0CFFFFFFFF1300000000008032406666666666E638C000000000000000401400000000000000000000000000000000000000000000F03F14606666666666EE3F000000000000
310
0000000000000000000006000000000000F03F0B0B06000000000000000006000000000000F03F06606666666666EE3F0B0B0B0B0B110D046C6F6F700CFFFFFFFF04FFFFFFFF0CFFFFFFFF0CFFFFFFFF0C210000000C09000000110D06636F656467650CFFFFFFFF04FFFFFFFF0CFFFFFFFF0C170000000C170000000C2200
310
00000C230000000A0C0E00000004000000000CFFFFFFFF110D06636F656467650C2400000004FFFFFFFF0CFFFFFFFF0C180000000C180000000C250000000C260000000A0C1000000004000000000CFFFFFFFF110D06636F656467650CFFFFFFFF04FFFFFFFF0CFFFFFFFF0C190000000C190000000C110000000C1A000000
310
0B0C2700000004000000000CFFFFFFFF110D04656467650CFFFFFFFF04FFFFFFFF0CFFFFFFFF0C2800000006182D4454FB2109C00C2800000006182D4454FB2109400C190000000C290000000B0707756E6B6E6F776E110E0D4154545249425F435553544F4D0D066174747269620CFFFFFFFF04FFFFFFFF0CFFFFFFFF0CFF
310
FFFFFF0C13000000071667656E657269635F7461675F6174747269625F6465660403000000040300000004FFFFFFFF071767656E657269635F7461675F6174747269625F64656620040100000004010000000701350400000000040100000004660100000400000000110D04666163650C2A00000004FFFFFFFF0CFFFFFFFF
310
0C2B0000000C2C0000000C060000000CFFFFFFFF0C2D0000000A0B110D046C6F6F700CFFFFFFFF04FFFFFFFF0CFFFFFFFF0C2E0000000C2F0000000C13000000110E04636F6E650D07737572666163650CFFFFFFFF04FFFFFFFF0CFFFFFFFF1398999999999926406666666666E638C0000000000000004014000000000000
310
00000000000000000000000000000000F03F14606666666666EE3F0000000000000000000000000000000006000000000000F03F0B0B06000000000000000006000000000000F03F06606666666666EE3F0B0B0B0B0B110D046C6F6F700CFFFFFFFF04FFFFFFFF0CFFFFFFFF0CFFFFFFFF0C300000000C0D000000110D0663
310
6F656467650CFFFFFFFF04FFFFFFFF0CFFFFFFFF0C200000000C200000000C310000000C320000000A0C1400000004000000000CFFFFFFFF110D06636F656467650C3300000004FFFFFFFF0CFFFFFFFF0C210000000C210000000C340000000C350000000A0C1600000004000000000CFFFFFFFF110D06636F656467650CFF
310
FFFFFF04FFFFFFFF0CFFFFFFFF0C220000000C220000000C170000000C230000000B0C3600000004000000000CFFFFFFFF110D04656467650CFFFFFFFF04FFFFFFFF0CFFFFFFFF0C3700000006182D4454FB2109C00C3700000006182D4454FB2109400C220000000C380000000B0707756E6B6E6F776E110E0D4154545249
310
425F435553544F4D0D066174747269620CFFFFFFFF04FFFFFFFF0CFFFFFFFF0CFFFFFFFF0C180000000711736B657463685F6174747269625F646566040100000004010000000403000000070D34323520302030203020312031110D06636F656467650CFFFFFFFF04FFFFFFFF0CFFFFFFFF0C250000000C250000000C1800
310
00000C260000000B0C3900000004000000000CFFFFFFFF110D04656467650C3A00000004FFFFFFFF0CFFFFFFFF0C3B00000006182D4454FB2109C00C3B00000006182D4454FB2109400C250000000C3C0000000B0707756E6B6E6F776E110D046C6F6F700CFFFFFFFF04FFFFFFFF0CFFFFFFFF0C360000000C190000000C2B
310
000000110D067665727465780CFFFFFFFF04FFFFFFFF0CFFFFFFFF0C1A00000004000000000C3D000000110E07656C6C697073650D0563757276650CFFFFFFFF04FFFFFFFF0CFFFFFFFF1399999999991930406666666666E638C000000000000004401400000000000000800000000000000000000000000000F0BF146066
310
66666666EE3F0000000000000000000000000000000006000000000000F03F0B0B110E0D4154545249425F435553544F4D0D066174747269620CFFFFFFFF04FFFFFFFF0CFFFFFFFF0CFFFFFFFF0C1C000000071667656E657269635F7461675F6174747269625F6465660403000000040300000004FFFFFFFF071767656E65
310
7269635F7461675F6174747269625F64656620040100000004010000000701370400000000040100000004660100000400000000110D04666163650C3E00000004FFFFFFFF0CFFFFFFFF0C3F0000000C270000000C060000000CFFFFFFFF0C400000000B0B110D046C6F6F700CFFFFFFFF04FFFFFFFF0CFFFFFFFF0C410000
310
000C420000000C1C000000110E04636F6E650D07737572666163650CFFFFFFFF04FFFFFFFF0CFFFFFFFF136666666666E634406666666666E638C000000000000000401400000000000000000000000000000000000000000000F03F14606666666666EE3F0000000000000000000000000000000006000000000000F03F0B
310
0B06000000000000000006000000000000F03F06606666666666EE3F0B0B0B0B0B110D046C6F6F700CFFFFFFFF04FFFFFFFF0CFFFFFFFF0CFFFFFFFF0C430000000C13000000110D06636F656467650CFFFFFFFF04FFFFFFFF0CFFFFFFFF0C2F0000000C2F0000000C440000000C450000000A0C1D00000004000000000CFF
310
FFFFFF110D06636F656467650C4600000004FFFFFFFF0CFFFFFFFF0C300000000C300000000C470000000C480000000A0C1F00000004000000000CFFFFFFFF110D06636F656467650CFFFFFFFF04FFFFFFFF0CFFFFFFFF0C310000000C310000000C200000000C320000000B0C4900000004000000000CFFFFFFFF110D0465
310
6467650CFFFFFFFF04FFFFFFFF0CFFFFFFFF0C4A00000006182D4454FB2109C00C4A00000006182D4454FB2109400C310000000C4B0000000B0707756E6B6E6F776E110E0D4154545249425F435553544F4D0D066174747269620CFFFFFFFF04FFFFFFFF0CFFFFFFFF0CFFFFFFFF0C210000000711736B657463685F617474
310
7269625F646566040100000004010000000403000000070D34323320302030203020312031110D06636F656467650CFFFFFFFF04FFFFFFFF0CFFFFFFFF0C340000000C340000000C210000000C350000000B0C4C00000004000000000CFFFFFFFF110D04656467650C4D00000004FFFFFFFF0CFFFFFFFF0C4E00000006182D
310
4454FB2109C00C4E00000006182D4454FB2109400C340000000C4F0000000B0707756E6B6E6F776E110D046C6F6F700CFFFFFFFF04FFFFFFFF0CFFFFFFFF0C490000000C220000000C2B000000110D067665727465780CFFFFFFFF04FFFFFFFF0CFFFFFFFF0C2300000004000000000C50000000110E07656C6C697073650D
310
0563757276650CFFFFFFFF04FFFFFFFF0CFFFFFFFF136566666666662B406666666666E638C000000000000004401400000000000000800000000000000000000000000000F0BF14606666666666EE3F0000000000000000000000000000000006000000000000F03F0B0B110D046C6F6F700CFFFFFFFF04FFFFFFFF0CFFFF
310
FFFF0C4C0000000C250000000C51000000110E0D4154545249425F435553544F4D0D066174747269620CFFFFFFFF04FFFFFFFF0CFFFFFFFF0CFFFFFFFF0C26000000071667656E657269635F7461675F6174747269625F6465660403000000040300000004FFFFFFFF071767656E657269635F7461675F6174747269625F64
310
6566200401000000040400000007042D3432350400000000040100000004660100000400000000110D067665727465780CFFFFFFFF04FFFFFFFF0CFFFFFFFF0C2600000004000000000C52000000110E07656C6C697073650D0563757276650CFFFFFFFF04FFFFFFFF0CFFFFFFFF1399999999991930406666666666E638C0
310
00000000000000401400000000000000800000000000000080000000000000F03F14606666666666EE3F0000000000000000000000000000000006000000000000F03F0B0B110D05706F696E740CFFFFFFFF04FFFFFFFF0CFFFFFFFF13CCCCCCCCCC4C2E406666666666E638C00000000000000440110E0D4154545249425F
310
435553544F4D0D066174747269620CFFFFFFFF04FFFFFFFF0CFFFFFFFF0CFFFFFFFF0C2B000000071667656E657269635F7461675F6174747269625F6465660403000000040300000004FFFFFFFF071767656E657269635F7461675F6174747269625F64656620040100000004010000000701330400000000040100000004
310
630100000400000000110D04666163650C5300000004FFFFFFFF0CFFFFFFFF0C540000000C550000000C060000000CFFFFFFFF0C560000000B0B110E05706C616E650D07737572666163650CFFFFFFFF04FFFFFFFF0CFFFFFFFF1332333333333324406666666666663AC00000000000000440140000000000000000000000
310
0000000080000000000000F03F14000000000000F03F000000000000008000000000000000800B0B0B0B0B110D046C6F6F700CFFFFFFFF04FFFFFFFF0CFFFFFFFF0CFFFFFFFF0C570000000C1C000000110D06636F656467650CFFFFFFFF04FFFFFFFF0CFFFFFFFF0C420000000C420000000C580000000C590000000A0C2C
310
00000004000000000CFFFFFFFF110D06636F656467650C5A00000004FFFFFFFF0CFFFFFFFF0C430000000C430000000C5B0000000C5C0000000A0C2E00000004000000000CFFFFFFFF110D06636F656467650CFFFFFFFF04FFFFFFFF0CFFFFFFFF0C440000000C440000000C2F0000000C450000000B0C5D00000004000000
310
000CFFFFFFFF110D04656467650CFFFFFFFF04FFFFFFFF0CFFFFFFFF0C5E00000006182D4454FB2109C00C5E00000006182D4454FB2109400C440000000C5F0000000B0707756E6B6E6F776E110E0D4154545249425F435553544F4D0D066174747269620CFFFFFFFF04FFFFFFFF0CFFFFFFFF0CFFFFFFFF0C300000000711
310
736B657463685F6174747269625F646566040100000004010000000403000000070D34323720302030203020312031110D06636F656467650CFFFFFFFF04FFFFFFFF0CFFFFFFFF0C470000000C470000000C300000000C480000000B0C6000000004000000000CFFFFFFFF110D04656467650C6100000004FFFFFFFF0CFFFF
310
FFFF0C6200000006182D4454FB2109C00C6200000006182D4454FB2109400C470000000C630000000B0707756E6B6E6F776E110D046C6F6F700CFFFFFFFF04FFFFFFFF0CFFFFFFFF0C5D0000000C310000000C2B000000110D067665727465780CFFFFFFFF04FFFFFFFF0CFFFFFFFF0C3200000004000000000C6400000011
310
0E07656C6C697073650D0563757276650CFFFFFFFF04FFFFFFFF0CFFFFFFFF1300000000008032406666666666E638C000000000000004401400000000000000800000000000000000000000000000F0BF14606666666666EE3F0000000000000000000000000000000006000000000000F03F0B0B110D046C6F6F700CFFFF
310
FFFF04FFFFFFFF0CFFFFFFFF0C600000000C340000000C51000000110E0D4154545249425F435553544F4D0D066174747269620CFFFFFFFF04FFFFFFFF0CFFFFFFFF0CFFFFFFFF0C35000000071667656E657269635F7461675F6174747269625F6465660403000000040300000004FFFFFFFF071767656E657269635F7461
310
675F6174747269625F646566200401000000040400000007042D3432330400000000040100000004660100000400000000110D067665727465780CFFFFFFFF04FFFFFFFF0CFFFFFFFF0C3500000004000000000C65000000110E07656C6C697073650D0563757276650CFFFFFFFF04FFFFFFFF0CFFFFFFFF13656666666666
310
2B406666666666E638C000000000000000401400000000000000800000000000000080000000000000F03F14606666666666EE3F0000000000000000000000000000000006000000000000F03F0B0B110D05706F696E740CFFFFFFFF04FFFFFFFF0CFFFFFFFF13FFFFFFFFFF7F29406666666666E638C00000000000000440
310
110D04666163650C6600000004FFFFFFFF0CFFFFFFFF0C670000000C390000000C060000000CFFFFFFFF0C680000000B0B110D05706F696E740CFFFFFFFF04FFFFFFFF0CFFFFFFFF13CCCCCCCCCC4C2E406666666666E638C00000000000000040110E0D4154545249425F435553544F4D0D066174747269620CFFFFFFFF04
310
FFFFFFFF0CFFFFFFFF0CFFFFFFFF0C3F000000071667656E657269635F7461675F6174747269625F6465660403000000040300000004FFFFFFFF071767656E657269635F7461675F6174747269625F64656620040100000004010000000701320400000000040100000004630100000400000000110D04666163650C690000
310
0004FFFFFFFF0CFFFFFFFF0C6A0000000C6B0000000C060000000CFFFFFFFF0C6C0000000B0B110D046C6F6F700CFFFFFFFF04FFFFFFFF0CFFFFFFFF0CFFFFFFFF0C6D0000000C3F000000110E05706C616E650D07737572666163650CFFFFFFFF04FFFFFFFF0CFFFFFFFF13999999999919304066666666666637C0000000
310
0000000240140000000000000000000000000000F03F00000000000000001400000000000000000000000000000000000000000000F03F0B0B0B0B0B110D06636F656467650C6E00000004FFFFFFFF0CFFFFFFFF0C570000000C570000000C6F0000000C700000000A0C4100000004000000000CFFFFFFFF110D06636F6564
310
67650CFFFFFFFF04FFFFFFFF0CFFFFFFFF0C580000000C580000000C420000000C590000000B0C7100000004000000000CFFFFFFFF110D04656467650CFFFFFFFF04FFFFFFFF0CFFFFFFFF0C7200000006182D4454FB2109C00C7200000006182D4454FB2109400C580000000C730000000B0707756E6B6E6F776E110E0D41
310
54545249425F435553544F4D0D066174747269620CFFFFFFFF04FFFFFFFF0CFFFFFFFF0CFFFFFFFF0C430000000711736B657463685F6174747269625F646566040100000004010000000403000000070D34323120302030203020312031110D06636F656467650CFFFFFFFF04FFFFFFFF0CFFFFFFFF0C5B0000000C5B0000
310
000C430000000C5C0000000B0C7400000004000000000CFFFFFFFF110D04656467650C7500000004FFFFFFFF0CFFFFFFFF0C7600000006182D4454FB2109C00C7600000006182D4454FB2109400C5B0000000C770000000B0707756E6B6E6F776E110D046C6F6F700CFFFFFFFF04FFFFFFFF0CFFFFFFFF0C710000000C4400
310
00000C2B000000110D067665727465780CFFFFFFFF04FFFFFFFF0CFFFFFFFF0C4500000004000000000C78000000110E07656C6C697073650D0563757276650CFFFFFFFF04FFFFFFFF0CFFFFFFFF1398999999999926406666666666E638C000000000000004401400000000000000800000000000000000000000000000F0
310
BF14606666666666EE3F0000000000000000000000000000000006000000000000F03F0B0B110D046C6F6F700CFFFFFFFF04FFFFFFFF0CFFFFFFFF0C740000000C470000000C51000000110E0D4154545249425F435553544F4D0D066174747269620CFFFFFFFF04FFFFFFFF0CFFFFFFFF0CFFFFFFFF0C4800000007166765
310
6E657269635F7461675F6174747269625F6465660403000000040300000004FFFFFFFF071767656E657269635F7461675F6174747269625F646566200401000000040400000007042D3432370400000000040100000004660100000400000000110D067665727465780CFFFFFFFF04FFFFFFFF0CFFFFFFFF0C480000000400
310
0000000C79000000110E07656C6C697073650D0563757276650CFFFFFFFF04FFFFFFFF0CFFFFFFFF1300000000008032406666666666E638C000000000000000401400000000000000800000000000000080000000000000F03F14606666666666EE3F0000000000000000000000000000000006000000000000F03F0B0B11
310
0D05706F696E740CFFFFFFFF04FFFFFFFF0CFFFFFFFF13CDCCCCCCCC8C31406666666666E638C00000000000000440110D05706F696E740CFFFFFFFF04FFFFFFFF0CFFFFFFFF13FFFFFFFFFF7F29406666666666E638C00000000000000040110E0D4154545249425F435553544F4D0D066174747269620CFFFFFFFF04FFFF
310
FFFF0CFFFFFFFF0CFFFFFFFF0C51000000071667656E657269635F7461675F6174747269625F6465660403000000040300000004FFFFFFFF071767656E657269635F7461675F6174747269625F6465662004020000000401000000070134040000000004010000000460010000040000000004010000000701350400000000
310
040100000004630100000400000000110D04666163650C7A00000004FFFFFFFF0CFFFFFFFF0C7B0000000C7C0000000C060000000CFFFFFFFF0C7D0000000B0B110E05706C616E650D07737572666163650CFFFFFFFF04FFFFFFFF0CFFFFFFFF1399999999991936406666666666E63AC00000000000000040140000000000
310
0000000000000000000000000000000000F0BF14000000000000F0BF000000000000000000000000000000000B0B0B0B0B110E0D4154545249425F435553544F4D0D066174747269620CFFFFFFFF04FFFFFFFF0CFFFFFFFF0CFFFFFFFF0C54000000071667656E657269635F7461675F6174747269625F6465660403000000
310
040300000004FFFFFFFF071767656E657269635F7461675F6174747269625F64656620040100000004010000000701320400000000040100000004600100000400000000110D04666163650C7E00000004FFFFFFFF0CFFFFFFFF0C7F0000000C800000000C060000000CFFFFFFFF0C810000000B0B110D046C6F6F700CFFFF
310
FFFF04FFFFFFFF0CFFFFFFFF0CFFFFFFFF0C820000000C54000000110E05706C616E650D07737572666163650CFFFFFFFF04FFFFFFFF0CFFFFFFFF1399999999991930406666666666663AC00000000000000840140000000000000000000000000000F03F0000000000000000140000000000000000000000000000000000
310
0000000000F03F0B0B0B0B0B110D06636F656467650CFFFFFFFF04FFFFFFFF0CFFFFFFFF0C830000000C840000000C850000000C860000000B0C5500000004000000000CFFFFFFFF110E0D4154545249425F435553544F4D0D066174747269620CFFFFFFFF04FFFFFFFF0CFFFFFFFF0CFFFFFFFF0C570000000711736B6574
310
63685F6174747269625F646566040100000004010000000403000000070D34323920302030203020312031110D06636F656467650CFFFFFFFF04FFFFFFFF0CFFFFFFFF0C6F0000000C6F0000000C570000000C700000000B0C8700000004000000000CFFFFFFFF110D04656467650C8800000004FFFFFFFF0CFFFFFFFF0C89
310
00000006182D4454FB2109C00C8900000006182D4454FB2109400C6F0000000C8A0000000B0707756E6B6E6F776E110D046C6F6F700CFFFFFFFF04FFFFFFFF0CFFFFFFFF0C8B0000000C580000000C2B000000110D067665727465780CFFFFFFFF04FFFFFFFF0CFFFFFFFF0C5900000004000000000C8C000000110E07656C
310
6C697073650D0563757276650CFFFFFFFF04FFFFFFFF0CFFFFFFFF136666666666E634406666666666E638C000000000000004401400000000000000800000000000000000000000000000F0BF14606666666666EE3F0000000000000000000000000000000006000000000000F03F0B0B110D046C6F6F700CFFFFFFFF04FF
310
FFFFFF0CFFFFFFFF0C870000000C5B0000000C51000000110E0D4154545249425F435553544F4D0D066174747269620CFFFFFFFF04FFFFFFFF0CFFFFFFFF0CFFFFFFFF0C5C000000071667656E657269635F7461675F6174747269625F6465660403000000040300000004FFFFFFFF071767656E657269635F7461675F6174
310
747269625F646566200401000000040400000007042D3432310400000000040100000004660100000400000000110D067665727465780CFFFFFFFF04FFFFFFFF0CFFFFFFFF0C5C00000004000000000C8D000000110E07656C6C697073650D0563757276650CFFFFFFFF04FFFFFFFF0CFFFFFFFF1398999999999926406666
310
666666E638C000000000000000401400000000000000800000000000000080000000000000F03F14606666666666EE3F0000000000000000000000000000000006000000000000F03F0B0B110D05706F696E740CFFFFFFFF04FFFFFFFF0CFFFFFFFF133233333333B324406666666666E638C00000000000000440110D0570
310
6F696E740CFFFFFFFF04FFFFFFFF0CFFFFFFFF13CDCCCCCCCC8C31406666666666E638C00000000000000040110E0D4154545249425F435553544F4D0D066174747269620CFFFFFFFF04FFFFFFFF0CFFFFFFFF0CFFFFFFFF0C67000000071667656E657269635F7461675F6174747269625F64656604030000000403000000
310
04FFFFFFFF071767656E657269635F7461675F6174747269625F6465662004020000000401000000070133040000000004010000000460010000040000000004010000000701340400000000040100000004630100000400000000110D04666163650C8E00000004FFFFFFFF0CFFFFFFFF0CFFFFFFFF0C8F0000000C060000
310
000CFFFFFFFF0C900000000A0B110D046C6F6F700CFFFFFFFF04FFFFFFFF0CFFFFFFFF0CFFFFFFFF0C910000000C67000000110E05706C616E650D07737572666163650CFFFFFFFF04FFFFFFFF0CFFFFFFFF1399999999991936406666666666E63AC0000000000000104014000000000000F03F0000000000000080000000
310
00000000001400000000000000000000000000000000000000000000F0BF0B0B0B0B0B110E0D4154545249425F435553544F4D0D066174747269620CFFFFFFFF04FFFFFFFF0CFFFFFFFF0CFFFFFFFF0C6A000000071667656E657269635F7461675F6174747269625F6465660403000000040300000004FFFFFFFF07176765
310
6E657269635F7461675F6174747269625F64656620040100000004010000000701360400000000040100000004600100000400000000110D04666163650C9200000004FFFFFFFF0CFFFFFFFF0C510000000C930000000C060000000CFFFFFFFF0C940000000B0B110D046C6F6F700CFFFFFFFF04FFFFFFFF0CFFFFFFFF0CFF
310
FFFFFF0C950000000C6A000000110E05706C616E650D07737572666163650CFFFFFFFF04FFFFFFFF0CFFFFFFFF1332333333333324406666666666E63AC000000000000010401400000000000000000000000000000000000000000000F03F14000000000000F03F000000000000000000000000000000000B0B0B0B0B110D
310
06636F656467650CFFFFFFFF04FFFFFFFF0CFFFFFFFF0C960000000C970000000C980000000C990000000B0C6B00000004000000000CFFFFFFFF110D06636F656467650CFFFFFFFF04FFFFFFFF0CFFFFFFFF0C9A0000000C6D0000000C9B0000000C9C0000000B0C5500000004000000000CFFFFFFFF110D06636F65646765
310
0CFFFFFFFF04FFFFFFFF0CFFFFFFFF0C6D0000000C9A0000000C9D0000000C9E0000000B0C5500000004000000000CFFFFFFFF110D06636F656467650CFFFFFFFF04FFFFFFFF0CFFFFFFFF0C9F0000000CA00000000C6D0000000C860000000A0C8B00000004000000000CFFFFFFFF110D04656467650CFFFFFFFF04FFFFFF
310
FF0CFFFFFFFF0CA10000000600000000000028C00CA20000000600000000000000800C850000000CA30000000B0707756E6B6E6F776E110D046C6F6F700CFFFFFFFF04FFFFFFFF0CFFFFFFFF0CA40000000C6F0000000C51000000110E0D4154545249425F435553544F4D0D066174747269620CFFFFFFFF04FFFFFFFF0CFF
310
FFFFFF0CFFFFFFFF0C70000000071667656E657269635F7461675F6174747269625F6465660403000000040300000004FFFFFFFF071767656E657269635F7461675F6174747269625F646566200401000000040400000007042D3432390400000000040100000004660100000400000000110D067665727465780CFFFFFFFF
310
04FFFFFFFF0CFFFFFFFF0C7000000004000000000CA5000000110E07656C6C697073650D0563757276650CFFFFFFFF04FFFFFFFF0CFFFFFFFF136666666666E634406666666666E638C000000000000000401400000000000000800000000000000080000000000000F03F14606666666666EE3F0000000000000000000000
310
000000000006000000000000F03F0B0B110D046C6F6F700CFFFFFFFF04FFFFFFFF0CFFFFFFFF0CFFFFFFFF0C980000000C2B000000110D05706F696E740CFFFFFFFF04FFFFFFFF0CFFFFFFFF133333333333F333406666666666E638C00000000000000440110D05706F696E740CFFFFFFFF04FFFFFFFF0CFFFFFFFF133233
310
333333B324406666666666E638C00000000000000040110E0D4154545249425F435553544F4D0D066174747269620CFFFFFFFF04FFFFFFFF0CFFFFFFFF0CFFFFFFFF0C7B000000071667656E657269635F7461675F6174747269625F6465660403000000040300000004FFFFFFFF071767656E657269635F7461675F617474
310
7269625F64656620040100000004010000000701310400000000040100000004600100000400000000110D046C6F6F700CFFFFFFFF04FFFFFFFF0CFFFFFFFF0CFFFFFFFF0CA60000000C7B000000110E05706C616E650D07737572666163650CFFFFFFFF04FFFFFFFF0CFFFFFFFF1399999999991930406666666666E63AC0
310
0000000000000840140000000000000000000000000000F03F000000000000000014000000000000F0BF000000000000000000000000000000000B0B0B0B0B110D06636F656467650CA700000004FFFFFFFF0CFFFFFFFF0CA80000000CA90000000CA60000000CAA0000000B0C7C00000004000000000CFFFFFFFF110E0D41
310
54545249425F435553544F4D0D066174747269620CFFFFFFFF04FFFFFFFF0CFFFFFFFF0CFFFFFFFF0C7F000000071667656E657269635F7461675F6174747269625F6465660403000000040300000004FFFFFFFF071767656E657269635F7461675F6174747269625F64656620040200000004010000000701350400000000
310
04010000000460010000040000000004010000000701360400000000040100000004630100000400000000110D046C6F6F700CFFFFFFFF04FFFFFFFF0CFFFFFFFF0CFFFFFFFF0CAB0000000C7F000000110E05706C616E650D07737572666163650CFFFFFFFF04FFFFFFFF0CFFFFFFFF1332333333333324406666666666E6
310
3AC0000000000000004014000000000000F0BF000000000000000000000000000000001400000000000000000000000000000000000000000000F03F0B0B0B0B0B110D06636F656467650CAC00000004FFFFFFFF0CFFFFFFFF0CAD0000000CAE0000000CAF0000000CB00000000B0C8000000004000000000CFFFFFFFF110D
310
06636F656467650CFFFFFFFF04FFFFFFFF0CFFFFFFFF0CB10000000C820000000CB20000000CB30000000B0C6B00000004000000000CFFFFFFFF110D06636F656467650CFFFFFFFF04FFFFFFFF0CFFFFFFFF0C820000000CB10000000CB40000000CB50000000B0C6B00000004000000000CFFFFFFFF110D06636F65646765
310
0CB600000004FFFFFFFF0CFFFFFFFF0CA00000000C9F0000000C820000000C990000000A0C8B00000004000000000CFFFFFFFF110D04656467650CFFFFFFFF04FFFFFFFF0CFFFFFFFF0CB70000000600000000000022C00CB80000000600000000000008400C820000000CB90000000B0707756E6B6E6F776E110D06636F65
310
6467650CFFFFFFFF04FFFFFFFF0CFFFFFFFF0C840000000C830000000CBA0000000CBB0000000B0C5500000004000000000CFFFFFFFF110D06636F656467650CFFFFFFFF04FFFFFFFF0CFFFFFFFF0CBC0000000CA80000000C830000000C9C0000000A0C7C00000004000000000CFFFFFFFF110D04656467650CFFFFFFFF04
310
FFFFFFFF0CFFFFFFFF0CA200000006000000000000E0BF0CBD0000000600000000000000800C9B0000000CBE0000000B0707756E6B6E6F776E110D06636F656467650CFFFFFFFF04FFFFFFFF0CFFFFFFFF0CBF0000000CC00000000C840000000C9E0000000A0C9300000004000000000CFFFFFFFF110D04656467650CFFFF
310
FFFF04FFFFFFFF0CFFFFFFFF0CC100000006000000000000E0BF0CA10000000600000000000000800C9D0000000CC20000000B0707756E6B6E6F776E110D06636F656467650CFFFFFFFF04FFFFFFFF0CFFFFFFFF0C980000000C850000000CC00000000CC30000000A0C8B00000004000000000CFFFFFFFF110D06636F6564
310
67650CFFFFFFFF04FFFFFFFF0CFFFFFFFF0C850000000C980000000CBC0000000CC40000000B0C8B00000004000000000CFFFFFFFF110D067665727465780CFFFFFFFF04FFFFFFFF0CFFFFFFFF0CC300000004010000000CC5000000110D067665727465780CFFFFFFFF04FFFFFFFF0CFFFFFFFF0CC400000004010000000C
310
C6000000110E0873747261696768740D0563757276650CFFFFFFFF04FFFFFFFF0CFFFFFFFF13999999999919364066666666666637C0000000000000044014000000000000F03F000000000000000000000000000000000B0B110D046C6F6F700CFFFFFFFF04FFFFFFFF0CFFFFFFFF0CFFFFFFFF0CC70000000C5100000011
310
0D05706F696E740CFFFFFFFF04FFFFFFFF0CFFFFFFFF133333333333F333406666666666E638C00000000000000040110D06636F656467650CC800000004FFFFFFFF0CFFFFFFFF0CAF0000000CC90000000C910000000CAA0000000A0C8F00000004000000000CFFFFFFFF110E0D4154545249425F435553544F4D0D066174
310
747269620CFFFFFFFF04FFFFFFFF0CFFFFFFFF0CFFFFFFFF0C910000000711736B657463685F6174747269625F646566040100000004010000000403000000070D33393320302030203020312031110D06636F656467650CFFFFFFFF04FFFFFFFF0CFFFFFFFF0C9B0000000C910000000CCA0000000CCB0000000B0C7C0000
310
0004000000000CFFFFFFFF110D06636F656467650CFFFFFFFF04FFFFFFFF0CFFFFFFFF0C910000000CB40000000CAD0000000CCC0000000A0C7C00000004000000000CFFFFFFFF110D04656467650CFFFFFFFF04FFFFFFFF0CFFFFFFFF0CCD0000000600000000000000000CCE0000000600000000000000400C910000000C
310
CF0000000B0707756E6B6E6F776E110D06636F656467650CD000000004FFFFFFFF0CFFFFFFFF0CD10000000CBF0000000CD20000000CD30000000B0C9300000004000000000CFFFFFFFF110E0D4154545249425F435553544F4D0D066174747269620CFFFFFFFF04FFFFFFFF0CFFFFFFFF0CFFFFFFFF0C950000000711736B
310
657463685F6174747269625F646566040100000004010000000403000000070D33393220302030203020312031110D06636F656467650CFFFFFFFF04FFFFFFFF0CFFFFFFFF0CD40000000C950000000CA90000000CCC0000000B0C8000000004000000000CFFFFFFFF110D06636F656467650CFFFFFFFF04FFFFFFFF0CFFFF
310
FFFF0C950000000CD40000000CD10000000CD50000000A0C8000000004000000000CFFFFFFFF110D06636F656467650CD600000004FFFFFFFF0CFFFFFFFF0CD20000000CA60000000C950000000CB00000000A0C8F00000004000000000CFFFFFFFF110D04656467650CFFFFFFFF04FFFFFFFF0CFFFFFFFF0CD70000000600
310
000000000000000CCD0000000600000000000028400C950000000CD80000000B0707756E6B6E6F776E110D06636F656467650CFFFFFFFF04FFFFFFFF0CFFFFFFFF0C970000000C960000000CD40000000CD90000000B0C6B00000004000000000CFFFFFFFF110D06636F656467650CFFFFFFFF04FFFFFFFF0CFFFFFFFF0CC0
310
0000000CD10000000C960000000CB30000000A0C9300000004000000000CFFFFFFFF110D04656467650CFFFFFFFF04FFFFFFFF0CFFFFFFFF0CB800000006000000000000E03F0CDA0000000600000000000000400CB20000000CDB0000000B0707756E6B6E6F776E110D06636F656467650CFFFFFFFF04FFFFFFFF0CFFFFFF
310
FF0CA90000000CBC0000000C970000000CB50000000A0C7C00000004000000000CFFFFFFFF110D04656467650CFFFFFFFF04FFFFFFFF0CFFFFFFFF0CDC0000000600000000000000000CB700000006000000000000F83F0CB40000000CDD0000000B0707756E6B6E6F776E110E0D4154545249425F435553544F4D0D066174
310
747269620CFFFFFFFF04FFFFFFFF0CFFFFFFFF0CFFFFFFFF0C980000000711736B657463685F6174747269625F646566040100000004010000000403000000070D34303920302031203020312031110D067665727465780CFFFFFFFF04FFFFFFFF0CFFFFFFFF0CB500000004010000000CDE000000110D067665727465780C
310
FFFFFFFF04FFFFFFFF0CFFFFFFFF0CB300000004000000000CDF000000110E0873747261696768740D0563757276650CFFFFFFFF04FFFFFFFF0CFFFFFFFF133233333333332A406666666666663AC0000000000000044014000000000000F0BF000000000000000000000000000000000B0B110D06636F656467650CFFFFFF
310
FF04FFFFFFFF0CFFFFFFFF0CCA0000000CE00000000C9A0000000CBB0000000A0CA400000004000000000CFFFFFFFF110D04656467650CFFFFFFFF04FFFFFFFF0CFFFFFFFF0CBD0000000600000000000028C00CC10000000600000000000000800CBA0000000CE10000000B0707756E6B6E6F776E110D06636F656467650C
310
FFFFFFFF04FFFFFFFF0CFFFFFFFF0CB40000000C9B0000000CA00000000CC40000000A0C7C00000004000000000CFFFFFFFF110D067665727465780CFFFFFFFF04FFFFFFFF0CFFFFFFFF0CCB00000004010000000CE2000000110E0873747261696768740D0563757276650CFFFFFFFF04FFFFFFFF0CFFFFFFFF1399999999
310
9919364066666666666637C000000000000000401400000000000000800000000000000080000000000000F0BF0B0B110D06636F656467650CFFFFFFFF04FFFFFFFF0CFFFFFFFF0CAB0000000C9D0000000CE00000000CE30000000A0C9300000004000000000CFFFFFFFF110D06636F656467650CFFFFFFFF04FFFFFFFF0C
310
FFFFFFFF0C9D0000000CB20000000C9F0000000CC30000000B0C9300000004000000000CFFFFFFFF110D067665727465780CFFFFFFFF04FFFFFFFF0CFFFFFFFF0CE300000004010000000CE4000000110E0873747261696768740D0563757276650CFFFFFFFF04FFFFFFFF0CFFFFFFFF133233333333332440666666666666
310
37C000000000000004401400000000000000000000000000000000000000000000F03F0B0B110D04656467650CFFFFFFFF04FFFFFFFF0CFFFFFFFF0CB80000000600000000000000000CA10000000600000000000008400C9F0000000CE50000000B0707756E6B6E6F776E110D04656467650CFFFFFFFF04FFFFFFFF0CFFFF
310
FFFF0CB70000000600000000000000000CA20000000600000000000008400CA00000000CE60000000B0707756E6B6E6F776E110D05706F696E740CFFFFFFFF04FFFFFFFF0CFFFFFFFF13323333333333244066666666666637C00000000000000440110D05706F696E740CFFFFFFFF04FFFFFFFF0CFFFFFFFF139999999999
310
19364066666666666637C00000000000000440110D06636F656467650CE700000004FFFFFFFF0CFFFFFFFF0CE00000000CCA0000000CC90000000CE80000000B0CA400000004000000000CFFFFFFFF110E0D4154545249425F435553544F4D0D066174747269620CFFFFFFFF04FFFFFFFF0CFFFFFFFF0CFFFFFFFF0CA60000
310
000711736B657463685F6174747269625F646566040100000004010000000403000000070D33393320302030203020312031110D06636F656467650CE900000004FFFFFFFF0CFFFFFFFF0CA60000000CD20000000CC70000000CE80000000A0C8F00000004000000000CFFFFFFFF110D06636F656467650CFFFFFFFF04FFFF
310
FFFF0CFFFFFFFF0CC70000000CBA0000000CA80000000CCB0000000A0CA400000004000000000CFFFFFFFF110D04656467650CFFFFFFFF04FFFFFFFF0CFFFFFFFF0CCE0000000600000000000000000CBD000000060000000000000C400CA80000000CEA0000000B0707756E6B6E6F776E110D04656467650CFFFFFFFF04FF
310
FFFFFF0CFFFFFFFF0CCD0000000600000000000000000CDC00000006000000000000E03F0CA90000000CEB0000000B0707756E6B6E6F776E110D067665727465780CFFFFFFFF04FFFFFFFF0CFFFFFFFF0CAA00000004000000000CEC000000110D067665727465780CFFFFFFFF04FFFFFFFF0CFFFFFFFF0CAA000000040100
310
00000CED000000110E0873747261696768740D0563757276650CFFFFFFFF04FFFFFFFF0CFFFFFFFF1399999999991936406666666666E63AC000000000000010401400000000000000000000000000000000000000000000F0BF0A0600000000000000000A060000000000000040110E0D4154545249425F435553544F4D0D
310
066174747269620CFFFFFFFF04FFFFFFFF0CFFFFFFFF0CFFFFFFFF0CAB0000000711736B657463685F6174747269625F646566040100000004010000000403000000070D33393120302030203020312031110D06636F656467650CFFFFFFFF04FFFFFFFF0CFFFFFFFF0CB20000000CAB0000000CAE0000000CD50000000B0C
310
9300000004000000000CFFFFFFFF110D06636F656467650CEE00000004FFFFFFFF0CFFFFFFFF0CC90000000CAF0000000CAB0000000CD30000000A0C8F00000004000000000CFFFFFFFF110D04656467650CFFFFFFFF04FFFFFFFF0CFFFFFFFF0CEF0000000600000000000000000CD70000000600000000000000400CAB00
310
00000CF00000000B0707756E6B6E6F776E110D06636F656467650CFFFFFFFF04FFFFFFFF0CFFFFFFFF0CAE0000000CAD0000000CB10000000CD90000000A0C8000000004000000000CFFFFFFFF110D04656467650CFFFFFFFF04FFFFFFFF0CFFFFFFFF0CD70000000600000000000000000CDA00000006000000000000E03F
310
0CD10000000CF10000000B0707756E6B6E6F776E110E0D4154545249425F435553544F4D0D066174747269620CFFFFFFFF04FFFFFFFF0CFFFFFFFF0CFFFFFFFF0CAF0000000711736B657463685F6174747269625F646566040100000004010000000403000000070D33393220302030203020312031110D06766572746578
310
0CFFFFFFFF04FFFFFFFF0CFFFFFFFF0CD300000004010000000CF2000000110E0873747261696768740D0563757276650CFFFFFFFF04FFFFFFFF0CFFFFFFFF1332333333333324406666666666E63AC0000000000000104014000000000000F03F000000000000000000000000000000000A0600000000000000000A060000
310
000000002840110D04656467650CFFFFFFFF04FFFFFFFF0CFFFFFFFF0CDA0000000600000000000000000CDC0000000600000000000028400CD40000000CF30000000B0707756E6B6E6F776E110D067665727465780CFFFFFFFF04FFFFFFFF0CFFFFFFFF0CD500000004010000000CF4000000110E0873747261696768740D
310
0563757276650CFFFFFFFF04FFFFFFFF0CFFFFFFFF1332333333333324406666666666663AC000000000000000401400000000000000000000000000000000000000000000F03F0B0B110D067665727465780CFFFFFFFF04FFFFFFFF0CFFFFFFFF0CCC00000004010000000CF5000000110E0873747261696768740D056375
310
7276650CFFFFFFFF04FFFFFFFF0CFFFFFFFF1399999999991936406666666666663AC000000000000010401400000000000000000000000000000000000000000000F0BF0B0B110D05706F696E740CFFFFFFFF04FFFFFFFF0CFFFFFFFF1399999999991936406666666666663AC00000000000000440110D05706F696E740C
310
FFFFFFFF04FFFFFFFF0CFFFFFFFF1332333333333324406666666666663AC00000000000000440110D06636F656467650CFFFFFFFF04FFFFFFFF0CFFFFFFFF0CBA0000000CC70000000CBF0000000CE30000000B0CA400000004000000000CFFFFFFFF110E0873747261696768740D0563757276650CFFFFFFFF04FFFFFFFF
310
0CFFFFFFFF13323333333333244066666666666637C0000000000000004014000000000000F0BF000000000000008000000000000000800B0B110D05706F696E740CFFFFFFFF04FFFFFFFF0CFFFFFFFF13999999999919364066666666666637C00000000000000040110D04656467650CFFFFFFFF04FFFFFFFF0CFFFFFFFF
310
0CEF0000000600000000000000000CC1000000060000000000000C400CE00000000CF60000000B0707756E6B6E6F776E110D05706F696E740CFFFFFFFF04FFFFFFFF0CFFFFFFFF13323333333333244066666666666637C00000000000000040110E0873747261696768740D0563757276650CFFFFFFFF04FFFFFFFF0CFFFF
310
FFFF1332333333333324406666666666663AC00000000000000440140000000000000000000000000000F03F00000000000000000B0B110E0873747261696768740D0563757276650CFFFFFFFF04FFFFFFFF0CFFFFFFFF1399999999991936406666666666663AC00000000000000440140000000000000000000000000000
310
F03F00000000000000000B0B110E0D4154545249425F435553544F4D0D066174747269620CFFFFFFFF04FFFFFFFF0CFFFFFFFF0CFFFFFFFF0CC70000000711736B657463685F6174747269625F646566040100000004010000000403000000070D33393020302030203020312031110D04656467650CFFFFFFFF04FFFFFFFF
310
0CFFFFFFFF0CCE0000000600000000000000000CEF0000000600000000000028400CC70000000CF70000000B0707756E6B6E6F776E110E0D4154545249425F435553544F4D0D066174747269620CFFFFFFFF04FFFFFFFF0CFFFFFFFF0CFFFFFFFF0CC90000000711736B657463685F6174747269625F646566040100000004
310
010000000403000000070D33393020302030203020312031110E0873747261696768740D0563757276650CFFFFFFFF04FFFFFFFF0CFFFFFFFF1399999999991936406666666666E63AC00000000000000040140000000000000000000000000000F03F00000000000000000B0B110E0873747261696768740D056375727665
310
0CFFFFFFFF04FFFFFFFF0CFFFFFFFF1399999999991936406666666666E63AC00000000000001040140000000000000000000000000000F03F00000000000000000B0B110D05706F696E740CFFFFFFFF04FFFFFFFF0CFFFFFFFF1399999999991936406666666666E63AC00000000000001040110D05706F696E740CFFFFFF
310
FF04FFFFFFFF0CFFFFFFFF1399999999991936406666666666E63AC00000000000000040110E0D4154545249425F435553544F4D0D066174747269620CFFFFFFFF04FFFFFFFF0CFFFFFFFF0CFFFFFFFF0CD20000000711736B657463685F6174747269625F646566040100000004010000000403000000070D333931203020
310
30203020312031110D067665727465780CFFFFFFFF04FFFFFFFF0CFFFFFFFF0CE800000004010000000CF8000000110E0873747261696768740D0563757276650CFFFFFFFF04FFFFFFFF0CFFFFFFFF1332333333333324406666666666E63AC000000000000000401400000000000000000000000000000000000000000000
310
F03F0A0600000000000000000A060000000000000040110E0873747261696768740D0563757276650CFFFFFFFF04FFFFFFFF0CFFFFFFFF1332333333333324406666666666E63AC00000000000001040140000000000000000000000000000F03F00000000000000000B0B110D05706F696E740CFFFFFFFF04FFFFFFFF0CFF
310
FFFFFF1332333333333324406666666666E63AC00000000000001040110E0873747261696768740D0563757276650CFFFFFFFF04FFFFFFFF0CFFFFFFFF1332333333333324406666666666663AC0000000000000104014000000000000F03F000000000000000000000000000000000B0B110D05706F696E740CFFFFFFFF04
310
FFFFFFFF0CFFFFFFFF1332333333333324406666666666663AC00000000000001040110D05706F696E740CFFFFFFFF04FFFFFFFF0CFFFFFFFF1399999999991936406666666666663AC00000000000001040110E0873747261696768740D0563757276650CFFFFFFFF04FFFFFFFF0CFFFFFFFF133233333333332440666666
310
6666E63AC00000000000000040140000000000000000000000000000F03F00000000000000000B0B110E0873747261696768740D0563757276650CFFFFFFFF04FFFFFFFF0CFFFFFFFF1399999999991936406666666666E63AC0000000000000004014000000000000F0BF000000000000000000000000000000000A060000
310
0000000000000A060000000000002840110D05706F696E740CFFFFFFFF04FFFFFFFF0CFFFFFFFF1332333333333324406666666666E63AC00000000000000040110E03456E640E026F660E0341534D0D0464617461
  0
ACDSRECORD
 90
        0
  2
AcDbDs::ID
280
    10
320
86
  2
ASM_Data
280
    15
 94
    63586
310
414349532042696E61727946696C652855000000000000020000000C00000007104175746F6465736B204175746F434144071441534D203233312E302E302E3635353335204E540718536174204D61722032392031353A31333A35372032303235066666666666663940068DEDB5A0F7C6B03E06BBBDD7D9DF7CDB3D0D0961
310
736D6865616465720CFFFFFFFF04FFFFFFFF070D3233312E302E302E3635353335110D04626F64790C0200000004FFFFFFFF0CFFFFFFFF0C030000000CFFFFFFFF0C04000000110E0D4154545249425F435553544F4D0D066174747269620CFFFFFFFF04FFFFFFFF0C050000000CFFFFFFFF0C01000000071454696D657374
310
616D705F6174747269625F6465660401000000067C204466F2C51843110D046C756D700CFFFFFFFF04FFFFFFFF0CFFFFFFFF0CFFFFFFFF0C060000000C01000000110D097472616E73666F726D0CFFFFFFFF04FFFFFFFF14000000000000F03F00000000000000000000000000000000140000000000000000000000000000
310
F03F00000000000000001400000000000000000000000000000000000000000000F03F1400000000000000000000000000000000000000000000000006000000000000F03F0B0B0B110E0D4154545249425F435553544F4D0D066174747269620CFFFFFFFF04FFFFFFFF0CFFFFFFFF0C020000000C01000000071667656E65
310
7269635F7461675F6174747269625F6465660403000000040300000004FFFFFFFF071767656E657269635F7461675F6174747269625F64656620040100000004030000000703333631040700000004000000000400000000110D057368656C6C0CFFFFFFFF04FFFFFFFF0CFFFFFFFF0CFFFFFFFF0CFFFFFFFF0C070000000C
310
FFFFFFFF0C03000000110D04666163650C0800000004FFFFFFFF0CFFFFFFFF0C090000000C0A0000000C060000000CFFFFFFFF0C0B0000000A0B110E0D4154545249425F435553544F4D0D066174747269620CFFFFFFFF04FFFFFFFF0CFFFFFFFF0CFFFFFFFF0C07000000071667656E657269635F7461675F617474726962
310
5F6465660403000000040300000004FFFFFFFF071767656E657269635F7461675F6174747269625F64656620040100000004020000000702313004000000000402000000046C010000046F0100000400000000110D04666163650C0C00000004FFFFFFFF0CFFFFFFFF0C0D0000000C0E0000000C060000000CFFFFFFFF0C0F
310
0000000B0B110D046C6F6F700CFFFFFFFF04FFFFFFFF0CFFFFFFFF0CFFFFFFFF0C100000000C07000000110E05706C616E650D07737572666163650CFFFFFFFF04FFFFFFFF0CFFFFFFFF13F565A4F2141E1840FA3252790A0F2640122CB1F7DAA213C01407B7BFA617CDD2BF11B7BFA617CDD2BF713AA298921BEDBF1443B0
310
03648973EEBF000000000000000089EE25AE43ABD33F0B0B0B0B0B110E0D4154545249425F435553544F4D0D066174747269620CFFFFFFFF04FFFFFFFF0CFFFFFFFF0CFFFFFFFF0C09000000071667656E657269635F7461675F6174747269625F6465660403000000040300000004FFFFFFFF071767656E657269635F7461
310
675F6174747269625F64656620040100000004020000000702313304000000000402000000046D010000046F0100000400000000110D04666163650C1100000004FFFFFFFF0CFFFFFFFF0C120000000C130000000C060000000CFFFFFFFF0C140000000B0B110D046C6F6F700CFFFFFFFF04FFFFFFFF0CFFFFFFFF0CFFFFFF
310
FF0C150000000C09000000110E05706C616E650D07737572666163650CFFFFFFFF04FFFFFFFF0CFFFFFFFF139A99999999193840010000000000264000000000000014C014000000000000F03F00000000000000000000000000000000140000000000000000000000000000F03F00000000000000000B0B0B0B0B110D0663
310
6F656467650CFFFFFFFF04FFFFFFFF0CFFFFFFFF0C160000000C170000000C180000000C190000000B0C0A00000004000000000CFFFFFFFF110E0D4154545249425F435553544F4D0D066174747269620CFFFFFFFF04FFFFFFFF0CFFFFFFFF0CFFFFFFFF0C0D000000071667656E657269635F7461675F6174747269625F64
310
65660403000000040300000004FFFFFFFF071767656E657269635F7461675F6174747269625F64656620040100000004020000000702313404000000000402000000046D010000046F0100000400000000110D04666163650C1A00000004FFFFFFFF0CFFFFFFFF0C1B0000000C1C0000000C060000000CFFFFFFFF0C1D0000
310
000A0B110D046C6F6F700CFFFFFFFF04FFFFFFFF0CFFFFFFFF0CFFFFFFFF0C1E0000000C0D000000110E05706C616E650D07737572666163650CFFFFFFFF04FFFFFFFF0CFFFFFFFF1300000000000038409A99999999193A4000000000000014C0140000000000000000000000000000F03F00000000000000801400000000
310
0000F0BF000000000000000000000000000000000B0B0B0B0B110D06636F656467650CFFFFFFFF04FFFFFFFF0CFFFFFFFF0C1F0000000C200000000C210000000C220000000A0C0E00000004000000000CFFFFFFFF110D06636F656467650CFFFFFFFF04FFFFFFFF0CFFFFFFFF0C230000000C100000000C240000000C2500
310
00000B0C0A00000004000000000CFFFFFFFF110D06636F656467650CFFFFFFFF04FFFFFFFF0CFFFFFFFF0C100000000C260000000C270000000C280000000B0C0A00000004000000000CFFFFFFFF110D06636F656467650CFFFFFFFF04FFFFFFFF0CFFFFFFFF0C290000000C2A0000000C100000000C190000000A0C2B0000
310
0004000000000CFFFFFFFF110D04656467650CFFFFFFFF04FFFFFFFF0CFFFFFFFF0C2C0000000653C11A3DBD60B13F0C2D000000064247E534CE0BC33F0C100000000C2E0000000B0707756E6B6E6F776E110E0D4154545249425F435553544F4D0D066174747269620CFFFFFFFF04FFFFFFFF0CFFFFFFFF0CFFFFFFFF0C12
310
000000071667656E657269635F7461675F6174747269625F6465660403000000040300000004FFFFFFFF071767656E657269635F7461675F6174747269625F64656620040100000004020000000702313204000000000402000000046C010000046F0100000400000000110D04666163650C2F00000004FFFFFFFF0CFFFFFF
310
FF0C300000000C2B0000000C060000000CFFFFFFFF0C310000000B0B110D046C6F6F700CFFFFFFFF04FFFFFFFF0CFFFFFFFF0CFFFFFFFF0C320000000C12000000110E05706C616E650D07737572666163650CFFFFFFFF04FFFFFFFF0CFFFFFFFF13012E09B2DAEB04401AB63DE772EF3A4040BA22BC66F50BC01411B7BFA6
310
17CDD2BF09B7BFA617CDD23F713AA298921BEDBF1442B003648973EEBF000000000000000092EE25AE43ABD33F0B0B0B0B0B110D06636F656467650CFFFFFFFF04FFFFFFFF0CFFFFFFFF0C330000000C340000000C350000000C360000000A0C1300000004000000000CFFFFFFFF110D06636F656467650CFFFFFFFF04FFFF
310
FFFF0CFFFFFFFF0C370000000C150000000C380000000C390000000B0C0E00000004000000000CFFFFFFFF110D06636F656467650CFFFFFFFF04FFFFFFFF0CFFFFFFFF0C150000000C3A0000000C3B0000000C3C0000000A0C0E00000004000000000CFFFFFFFF110D06636F656467650CFFFFFFFF04FFFFFFFF0CFFFFFFFF
310
0C3D0000000C3E0000000C150000000C220000000B0C3F00000004000000000CFFFFFFFF110D04656467650CFFFFFFFF04FFFFFFFF0CFFFFFFFF0C400000000697C21A3DBD60B13F0C41000000065F47E534CE0BC33F0C210000000C420000000B0707756E6B6E6F776E110D06636F656467650CFFFFFFFF04FFFFFFFF0CFF
310
FFFFFF0C430000000C160000000C440000000C450000000B0C0A00000004000000000CFFFFFFFF110D06636F656467650CFFFFFFFF04FFFFFFFF0CFFFFFFFF0C460000000C470000000C160000000C250000000A0C4800000004000000000CFFFFFFFF110D04656467650CFFFFFFFF04FFFFFFFF0CFFFFFFFF0C2D00000006
310
739F6A3FAF241DC00C490000000640E0B7C2D3D11CC00C160000000C4A0000000B0707756E6B6E6F776E110D06636F656467650CFFFFFFFF04FFFFFFFF0CFFFFFFFF0C170000000C4B0000000C4C0000000C4D0000000A0C0A00000004000000000CFFFFFFFF110D06636F656467650CFFFFFFFF04FFFFFFFF0CFFFFFFFF0C
310
4E0000000C4F0000000C170000000C280000000A0C5000000004000000000CFFFFFFFF110D04656467650CFFFFFFFF04FFFFFFFF0CFFFFFFFF0C5100000006063C7F5A560B12C00C2C000000063B8935D4FABDEBBF0C170000000C520000000A0707756E6B6E6F776E110D06636F656467650CFFFFFFFF04FFFFFFFF0CFFFF
310
FFFF0C530000000C180000000C4F0000000C540000000B0C2B00000004000000000CFFFFFFFF110D06636F656467650CFFFFFFFF04FFFFFFFF0CFFFFFFFF0C180000000C550000000C460000000C560000000A0C2B00000004000000000CFFFFFFFF110D046C6F6F700CFFFFFFFF04FFFFFFFF0CFFFFFFFF0CFFFFFFFF0C18
310
0000000C1B000000110D067665727465780CFFFFFFFF04FFFFFFFF0CFFFFFFFF0C2800000004020000000C57000000110D067665727465780CFFFFFFFF04FFFFFFFF0CFFFFFFFF0C1900000004020000000C58000000110E0873747261696768740D0563757276650CFFFFFFFF04FFFFFFFF0CFFFFFFFF133A51BF45982A18
310
40CECCCCCCCCCC25409607DF441C7C13C01443B003648973EEBF000000000000000089EE25AE43ABD33F0B0B110E0D4154545249425F435553544F4D0D066174747269620CFFFFFFFF04FFFFFFFF0CFFFFFFFF0CFFFFFFFF0C1B000000071667656E657269635F7461675F6174747269625F64656604030000000403000000
310
04FFFFFFFF071767656E657269635F7461675F6174747269625F64656620040100000004020000000702313204000000000402000000046D010000046F0100000400000000110D04666163650C5900000004FFFFFFFF0CFFFFFFFF0C5A0000000C480000000C060000000CFFFFFFFF0C5B0000000B0B110E05706C616E650D
310
07737572666163650CFFFFFFFF04FFFFFFFF0CFFFFFFFF130400000000001840CECCCCCCCCCC254000000000000014C0140000000000000000000000000000F0BF000000000000000014000000000000F03F000000000000000000000000000000000B0B0B0B0B110D06636F656467650CFFFFFFFF04FFFFFFFF0CFFFFFFFF
310
0C5C0000000C5D0000000C5E0000000C5F0000000A0C1C00000004000000000CFFFFFFFF110D06636F656467650CFFFFFFFF04FFFFFFFF0CFFFFFFFF0C600000000C1E0000000C610000000C620000000B0C1300000004000000000CFFFFFFFF110D06636F656467650CFFFFFFFF04FFFFFFFF0CFFFFFFFF0C1E0000000C63
310
0000000C640000000C650000000A0C1300000004000000000CFFFFFFFF110D06636F656467650CFFFFFFFF04FFFFFFFF0CFFFFFFFF0C660000000C670000000C1E0000000C360000000B0C6800000004000000000CFFFFFFFF110D04656467650CFFFFFFFF04FFFFFFFF0CFFFFFFFF0C690000000631C21A3DBD60B13F0C6A
310
00000006A747E534CE0BC33F0C350000000C6B0000000B0707756E6B6E6F776E110D06636F656467650CFFFFFFFF04FFFFFFFF0CFFFFFFFF0C640000000C1F0000000C660000000C6C0000000B0C0E00000004000000000CFFFFFFFF110D06636F656467650CFFFFFFFF04FFFFFFFF0CFFFFFFFF0C6D0000000C6E0000000C
310
1F0000000C390000000A0C6F00000004000000000CFFFFFFFF110D04656467650CFFFFFFFF04FFFFFFFF0CFFFFFFFF0C4000000006740BF8788DD715C00C7000000006BA057CBCC62B23400C1F0000000C710000000B0707756E6B6E6F776E110D06636F656467650CFFFFFFFF04FFFFFFFF0CFFFFFFFF0C200000000C6400
310
00000C720000000C730000000A0C0E00000004000000000CFFFFFFFF110D06636F656467650CFFFFFFFF04FFFFFFFF0CFFFFFFFF0C550000000C530000000C200000000C3C0000000B0C2B00000004000000000CFFFFFFFF110D04656467650CFFFFFFFF04FFFFFFFF0CFFFFFFFF0C4100000006C0B4F74AF056C63F0C7400
310
000006303333333333E33F0C200000000C750000000A0707756E6B6E6F776E110D06636F656467650CFFFFFFFF04FFFFFFFF0CFFFFFFFF0C760000000C210000000C530000000C770000000A0C3F00000004000000000CFFFFFFFF110D06636F656467650CFFFFFFFF04FFFFFFFF0CFFFFFFFF0C210000000C780000000C6D
310
0000000C790000000B0C3F00000004000000000CFFFFFFFF110D046C6F6F700CFFFFFFFF04FFFFFFFF0CFFFFFFFF0CFFFFFFFF0C3D0000000C7A000000110D067665727465780CFFFFFFFF04FFFFFFFF0CFFFFFFFF0C7900000004020000000C7B000000110D067665727465780CFFFFFFFF04FFFFFFFF0CFFFFFFFF0C2200
310
000004020000000C7C000000110E0873747261696768740D0563757276650CFFFFFFFF04FFFFFFFF0CFFFFFFFF139A999999991938409DA8DF224C1526409707DF441C7C13C014000000000000000043B003648973EEBF86EE25AE43ABD33F0B0B110D06636F656467650CFFFFFFFF04FFFFFFFF0CFFFFFFFF0C4B0000000C
310
230000000C7D0000000C7E0000000A0C0A00000004000000000CFFFFFFFF110D06636F656467650CFFFFFFFF04FFFFFFFF0CFFFFFFFF0C7F0000000C800000000C230000000C450000000A0C8100000004000000000CFFFFFFFF110D04656467650CFFFFFFFF04FFFFFFFF0CFFFFFFFF0C49000000061418273FBA75CCBF0C
310
82000000063CA4FE5BD25F0B400C230000000C830000000A0707756E6B6E6F776E110D06636F656467650CFFFFFFFF04FFFFFFFF0CFFFFFFFF0C840000000C240000000C2A0000000C560000000B0C4800000004000000000CFFFFFFFF110D06636F656467650CFFFFFFFF04FFFFFFFF0CFFFFFFFF0C240000000C5E000000
310
0C7F0000000C850000000B0C4800000004000000000CFFFFFFFF110D046C6F6F700CFFFFFFFF04FFFFFFFF0CFFFFFFFF0CFFFFFFFF0C240000000C30000000110D067665727465780CFFFFFFFF04FFFFFFFF0CFFFFFFFF0C8500000004020000000C86000000110E0873747261696768740D0563757276650CFFFFFFFF04FF
310
FFFFFF0CFFFFFFFF139D99999999991740596FBFB64DD5314044D36D5A29421CC014000000000000000041B003648973EE3F92EE25AE43ABD3BF0B0B110D06636F656467650CFFFFFFFF04FFFFFFFF0CFFFFFFFF0C260000000C430000000C870000000C880000000B0C0A00000004000000000CFFFFFFFF110D06636F6564
310
67650CFFFFFFFF04FFFFFFFF0CFFFFFFFF0C890000000C8A0000000C260000000C4D0000000B0C8B00000004000000000CFFFFFFFF110D04656467650CFFFFFFFF04FFFFFFFF0CFFFFFFFF0C5100000006A303A9B40DB620400C8C00000006F2267E6504B920400C4C0000000C8D0000000B0707756E6B6E6F776E110D0663
310
6F656467650CFFFFFFFF04FFFFFFFF0CFFFFFFFF0C8E0000000C270000000C8A0000000C8F0000000A0C5000000004000000000CFFFFFFFF110D06636F656467650CFFFFFFFF04FFFFFFFF0CFFFFFFFF0C270000000C8E0000000C290000000C540000000A0C5000000004000000000CFFFFFFFF110D046C6F6F700CFFFFFF
310
FF04FFFFFFFF0CFFFFFFFF0CFFFFFFFF0C4F0000000C90000000110D067665727465780CFFFFFFFF04FFFFFFFF0CFFFFFFFF0C8F00000004020000000C91000000110E0873747261696768740D0563757276650CFFFFFFFF04FFFFFFFF0CFFFFFFFF1310B4B369AEC81840BA58EBA396592740A315513775AF14C01456379F
310
D1642AD0BFC07F3A06029BECBF30B90F1194B2D73F0A06536855C1CCD2C5C00A06E914BB37DCDFC540110D06636F656467650CFFFFFFFF04FFFFFFFF0CFFFFFFFF0C3B0000000C290000000C3D0000000C770000000B0C2B00000004000000000CFFFFFFFF110D04656467650CFFFFFFFF04FFFFFFFF0CFFFFFFFF0C2C0000
310
0006700BF8788D9719C00C9200000006B9057CBCC64B27400C290000000C930000000B0707756E6B6E6F776E110D06636F656467650CFFFFFFFF04FFFFFFFF0CFFFFFFFF0C2A0000000C3B0000000C940000000C950000000A0C2B00000004000000000CFFFFFFFF110D04656467650CFFFFFFFF04FFFFFFFF0CFFFFFFFF0C
310
2D00000006E0B4F74AF056C63F0C9600000006303333333333E33F0C2A0000000C970000000A0707756E6B6E6F776E110D05706F696E740CFFFFFFFF04FFFFFFFF0CFFFFFFFF138DF4078772E81740CECCCCCCCCCC254017BDBD60BF6613C0110D05706F696E740CFFFFFFFF04FFFFFFFF0CFFFFFFFF139D99999999991740
310
CFCCCCCCCCCC25405942A87D484D13C0110E0D4154545249425F435553544F4D0D066174747269620CFFFFFFFF04FFFFFFFF0CFFFFFFFF0CFFFFFFFF0C30000000071667656E657269635F7461675F6174747269625F6465660403000000040300000004FFFFFFFF071767656E657269635F7461675F6174747269625F6465
310
6620040100000004020000000702313104000000000402000000046D010000046F0100000400000000110D04666163650C9800000004FFFFFFFF0CFFFFFFFF0C990000000C9A0000000C060000000CFFFFFFFF0C9B0000000B0B110E05706C616E650D07737572666163650CFFFFFFFF04FFFFFFFF0CFFFFFFFF139D999999
310
999917400000000000003A4000000000000014C014000000000000F0BF00000000000000000000000000000000140000000000000000000000000000F0BF00000000000000000B0B0B0B0B110D06636F656467650CFFFFFFFF04FFFFFFFF0CFFFFFFFF0C9C0000000C320000000C600000000C9D0000000A0C1C0000000400
310
0000000CFFFFFFFF110D06636F656467650CFFFFFFFF04FFFFFFFF0CFFFFFFFF0C320000000C9E0000000C9F0000000CA00000000B0C1C00000004000000000CFFFFFFFF110D06636F656467650CFFFFFFFF04FFFFFFFF0CFFFFFFFF0C470000000CA10000000C320000000C5F0000000B0C4800000004000000000CFFFFFF
310
FF110D04656467650CFFFFFFFF04FFFFFFFF0CFFFFFFFF0CA200000006239660AA8DE1E03F0CA300000006C48FF68F6978E33F0C5E0000000CA40000000B0707756E6B6E6F776E110D06636F656467650CFFFFFFFF04FFFFFFFF0CFFFFFFFF0CA50000000C330000000C5C0000000C9D0000000B0C1300000004000000000C
310
FFFFFFFF110D06636F656467650CFFFFFFFF04FFFFFFFF0CFFFFFFFF0CA60000000CA70000000C330000000C620000000A0CA800000004000000000CFFFFFFFF110D04656467650CFFFFFFFF04FFFFFFFF0CFFFFFFFF0C6900000006780BF8788D9719C00CA900000006BB057CBCC64B27400C330000000CAA0000000B0707
310
756E6B6E6F776E110D06636F656467650CFFFFFFFF04FFFFFFFF0CFFFFFFFF0C340000000CA50000000CAB0000000CAC0000000A0C1300000004000000000CFFFFFFFF110D06636F656467650CFFFFFFFF04FFFFFFFF0CFFFFFFFF0C3A0000000C370000000C340000000C650000000B0C0E00000004000000000CFFFFFFFF
310
110D04656467650CFFFFFFFF04FFFFFFFF0CFFFFFFFF0C6A00000006E0B4F74AF056C63F0CAD00000006303333333333E33F0C340000000CAE0000000A0707756E6B6E6F776E110D06636F656467650CFFFFFFFF04FFFFFFFF0CFFFFFFFF0CAF0000000C350000000C370000000C6C0000000A0C6800000004000000000CFF
310
FFFFFF110D06636F656467650CFFFFFFFF04FFFFFFFF0CFFFFFFFF0C350000000CB00000000CA60000000CB10000000B0C6800000004000000000CFFFFFFFF110D046C6F6F700CFFFFFFFF04FFFFFFFF0CFFFFFFFF0CFFFFFFFF0C660000000CB2000000110D067665727465780CFFFFFFFF04FFFFFFFF0CFFFFFFFF0CB100
310
000004020000000CB3000000110D067665727465780CFFFFFFFF04FFFFFFFF0CFFFFFFFF0C3600000004020000000CB4000000110E0873747261696768740D0563757276650CFFFFFFFF04FFFFFFFF0CFFFFFFFF13B22B90EE59F537409A99999999193A409707DF441C7C13C01441B003648973EE3F000000000000000096
310
EE25AE43ABD33F0B0B110D04656467650CFFFFFFFF04FFFFFFFF0CFFFFFFFF0C700000000642E0B7C2D3D11C400C6A000000067B9F6A3FAF241D400C370000000CB50000000B0707756E6B6E6F776E110D06636F656467650CFFFFFFFF04FFFFFFFF0CFFFFFFFF0CB60000000C380000000C3E0000000C790000000A0C6F00
310
000004000000000CFFFFFFFF110D06636F656467650CFFFFFFFF04FFFFFFFF0CFFFFFFFF0C380000000CB60000000CAF0000000CB70000000A0C6F00000004000000000CFFFFFFFF110D046C6F6F700CFFFFFFFF04FFFFFFFF0CFFFFFFFF0CFFFFFFFF0C380000000CB8000000110D067665727465780CFFFFFFFF04FFFFFF
310
FF0CFFFFFFFF0C3900000004020000000CB9000000110E0873747261696768740D0563757276650CFFFFFFFF04FFFFFFFF0CFFFFFFFF139A99999999193840000000000070304016BDBD60BF6613C0140000000000000080000000000000F03F00000000000000000A067C6308003890C3C00A067C630800C87FC340110D06
310
636F656467650CFFFFFFFF04FFFFFFFF0CFFFFFFFF0CAB0000000C940000000C3A0000000C730000000B0C9A00000004000000000CFFFFFFFF110D04656467650CFFFFFFFF04FFFFFFFF0CFFFFFFFF0C7400000006CCCCCCCCCCCC0EC00CAD000000063433333333B326400C720000000CBA0000000A0707756E6B6E6F776E
310
110D067665727465780CFFFFFFFF04FFFFFFFF0CFFFFFFFF0C3C00000004020000000CBB000000110E0873747261696768740D0563757276650CFFFFFFFF04FFFFFFFF0CFFFFFFFF139A99999999193840CECCCCCCCCCC254000000000000014C01400000000000000000000000000000000000000000000F0BF0A067C6308
310
00808AC3C00A067C6308008085C340110D06636F656467650CFFFFFFFF04FFFFFFFF0CFFFFFFFF0CBC0000000C3D0000000C8E0000000CBD0000000B0C3F00000004000000000CFFFFFFFF110D04656467650CFFFFFFFF04FFFFFFFF0CFFFFFFFF0C9200000006A448BCC2BE4321400C410000000640A815812C6D21400C53
310
0000000CBE0000000B0707756E6B6E6F776E110D06636F656467650CFFFFFFFF04FFFFFFFF0CFFFFFFFF0C3E0000000CBF0000000CC00000000CC10000000A0C3F00000004000000000CFFFFFFFF110D04656467650CFFFFFFFF04FFFFFFFF0CFFFFFFFF0CC200000006C9E73672DA1811C00C40000000065BE7F2911B2AE4
310
BF0C3E0000000CC30000000A0707756E6B6E6F776E110D04666163650CC400000004FFFFFFFF0CFFFFFFFF0C900000000C3F0000000C060000000CFFFFFFFF0CC50000000A0B110D05706F696E740CFFFFFFFF04FFFFFFFF0CFFFFFFFF139A9999999919384044FA834339F4254017BDBD60BF6613C0110D05706F696E740C
310
FFFFFFFF04FFFFFFFF0CFFFFFFFF139A99999999193840CECCCCCCCCCC25405A42A87D484D13C0110D06636F656467650CFFFFFFFF04FFFFFFFF0CFFFFFFFF0CC60000000CC70000000C430000000C7E0000000B0CC800000004000000000CFFFFFFFF110D04656467650CFFFFFFFF04FFFFFFFF0CFFFFFFFF0CC900000006
310
3F84CD07D353FDBF0C8200000006B26924811D3CFDBF0C7D0000000CCA0000000B0707756E6B6E6F776E110D06636F656467650CFFFFFFFF04FFFFFFFF0CFFFFFFFF0C9F0000000C440000000C470000000C850000000A0C8100000004000000000CFFFFFFFF110D06636F656467650CFFFFFFFF04FFFFFFFF0CFFFFFFFF0C
310
440000000C9F0000000CC60000000CCB0000000A0C8100000004000000000CFFFFFFFF110D046C6F6F700CFFFFFFFF04FFFFFFFF0CFFFFFFFF0CFFFFFFFF0C440000000C99000000110D067665727465780CFFFFFFFF04FFFFFFFF0CFFFFFFFF0CCB00000004020000000CCC000000110E0873747261696768740D05637572
310
76650CFFFFFFFF04FFFFFFFF0CFFFFFFFF13DA4A87A112CE16405844E72078D72540E087199F711213C014C17F3A06029BEC3F5E379FD1642AD03F2BB90F1194B2D7BF0A061C87D8D784DCC5C00A061EF6372124D6C540110D06636F656467650CFFFFFFFF04FFFFFFFF0CFFFFFFFF0CA10000000C460000000CCD0000000C
310
CE0000000A0C4800000004000000000CFFFFFFFF110D04656467650CFFFFFFFF04FFFFFFFF0CFFFFFFFF0CA300000006740BF8788DD715C00C4900000006BA057CBCC62B23400C470000000CCF0000000B0707756E6B6E6F776E110D05706F696E740CFFFFFFFF04FFFFFFFF0CFFFFFFFF139C9999999999174046FA834339
310
F4254017BDBD60BF6613C0110D06636F656467650CFFFFFFFF04FFFFFFFF0CFFFFFFFF0CD00000000CD10000000C4B0000000C880000000A0CD200000004000000000CFFFFFFFF110D04656467650CFFFFFFFF04FFFFFFFF0CFFFFFFFF0CC900000006DCBAFA65BA48FBBF0C8C000000069EBAFA65BA48FB3F0C4B0000000C
310
D30000000A0707756E6B6E6F776E110D06636F656467650CFFFFFFFF04FFFFFFFF0CFFFFFFFF0CD40000000C4C0000000CD10000000CD50000000B0C8B00000004000000000CFFFFFFFF110D06636F656467650CFFFFFFFF04FFFFFFFF0CFFFFFFFF0C4C0000000CD60000000C4E0000000C8F0000000B0C8B000000040000
310
00000CFFFFFFFF110D046C6F6F700CFFFFFFFF04FFFFFFFF0CFFFFFFFF0CFFFFFFFF0CD40000000CD7000000110D067665727465780CFFFFFFFF04FFFFFFFF0CFFFFFFFF0CD500000004020000000CD8000000110E0873747261696768740D0563757276650CFFFFFFFF04FFFFFFFF0CFFFFFFFF13A1AA222377F72740EB86
310
7E9AA9E42540BD126D7282381BC0142BD439CC3087EABFACC19200FB4ED9BFACC19200FB4ED93F0A06A303A9B40DB620400A06F2267E6504B92040110D06636F656467650CFFFFFFFF04FFFFFFFF0CFFFFFFFF0C4F0000000C4E0000000C760000000CBD0000000A0C5000000004000000000CFFFFFFFF110D04656467650C
310
FFFFFFFF04FFFFFFFF0CFFFFFFFF0CD900000006A455680A1B4611C00C5100000006CE2A34850D232F400C8A0000000CDA0000000B0707756E6B6E6F776E110D04666163650CDB00000004FFFFFFFF0CFFFFFFFF0CB80000000C500000000C060000000CFFFFFFFF0CDC0000000A0B110D05706F696E740CFFFFFFFF04FFFF
310
FFFF0CFFFFFFFF1364AA97F5E4391440358228AAD9911E40390E31CF11020CC0110D067665727465780CFFFFFFFF04FFFFFFFF0CFFFFFFFF0C5400000004020000000CDD000000110E0873747261696768740D0563757276650CFFFFFFFF04FFFFFFFF0CFFFFFFFF130100000000C02840CECCCCCCCCCC254017BDBD60BF66
310
13C014000000000000F03F000000000000000000000000000000000A067C630800308EC3C00A067C630800D081C340110D06636F656467650CFFFFFFFF04FFFFFFFF0CFFFFFFFF0C720000000CCD0000000C550000000C950000000B0C9A00000004000000000CFFFFFFFF110D04656467650CFFFFFFFF04FFFFFFFF0CFFFF
310
FFFF0C960000000666666666666612C00C74000000063333333333332B400C940000000CDE0000000A0707756E6B6E6F776E110D067665727465780CFFFFFFFF04FFFFFFFF0CFFFFFFFF0C5600000004020000000CDF000000110E0873747261696768740D0563757276650CFFFFFFFF04FFFFFFFF0CFFFFFFFF139D999999
310
99991740CFCCCCCCCCCC254000000000000014C01400000000000000800000000000000080000000000000F0BF0A067C630800808AC3C00A067C6308008085C340110E0D4154545249425F435553544F4D0D066174747269620CFFFFFFFF04FFFFFFFF0CFFFFFFFF0CFFFFFFFF0C5A000000071667656E657269635F746167
310
5F6174747269625F6465660403000000040300000004FFFFFFFF071767656E657269635F7461675F6174747269625F646566200401000000040100000007013204000000000402000000046D010000046F0100000400000000110D04666163650CE000000004FFFFFFFF0CFFFFFFFF0CB20000000C810000000C060000000C
310
FFFFFFFF0CE10000000A0B110D046C6F6F700CFFFFFFFF04FFFFFFFF0CFFFFFFFF0CFFFFFFFF0CCD0000000C5A000000110E05706C616E650D07737572666163650CFFFFFFFF04FFFFFFFF0CFFFFFFFF130000000000002E4000000000008032409A999999999911C014000000000000000000000000000000000000000000
310
00F03F14000000000000F03F000000000000000000000000000000000B0B0B0B0B110D06636F656467650CFFFFFFFF04FFFFFFFF0CFFFFFFFF0CE20000000C5C0000000CA70000000CE30000000B0C1C00000004000000000CFFFFFFFF110D04656467650CFFFFFFFF04FFFFFFFF0CFFFFFFFF0CA900000006545F95F97B29
310
1B400CA200000006841E4876577C1B400C600000000CE40000000B0707756E6B6E6F776E110D06636F656467650CFFFFFFFF04FFFFFFFF0CFFFFFFFF0C5D0000000CE50000000CE60000000CE70000000A0C1C00000004000000000CFFFFFFFF110D06636F656467650CFFFFFFFF04FFFFFFFF0CFFFFFFFF0C800000000C7F
310
0000000C5D0000000CA00000000A0C8100000004000000000CFFFFFFFF110D04656467650CFFFFFFFF04FFFFFFFF0CFFFFFFFF0CE800000006E2FED85DADEA02C00CA300000006B42D30440179F43F0C5D0000000CE90000000A0707756E6B6E6F776E110D06636F656467650CFFFFFFFF04FFFFFFFF0CFFFFFFFF0C5E0000
310
000C840000000CA50000000CEA0000000A0C4800000004000000000CFFFFFFFF110D067665727465780CFFFFFFFF04FFFFFFFF0CFFFFFFFF0CEA00000004020000000CEB000000110D067665727465780CFFFFFFFF04FFFFFFFF0CFFFFFFFF0CA000000004020000000CEC000000110E0873747261696768740D0563757276
310
650CFFFFFFFF04FFFFFFFF0CFFFFFFFF139D99999999991740CB9A93D81C9A3A406B54C32B44A712C014000000000000008043B003648973EEBF8AEE25AE43ABD3BF0B0B110D06636F656467650CFFFFFFFF04FFFFFFFF0CFFFFFFFF0C630000000C600000000CA10000000CEA0000000B0C1300000004000000000CFFFFFF
310
FF110D06636F656467650CFFFFFFFF04FFFFFFFF0CFFFFFFFF0CED0000000C610000000C670000000CB10000000A0CA800000004000000000CFFFFFFFF110D06636F656467650CFFFFFFFF04FFFFFFFF0CFFFFFFFF0C610000000CED0000000C9C0000000CE30000000A0CA800000004000000000CFFFFFFFF110D046C6F6F
310
700CFFFFFFFF04FFFFFFFF0CFFFFFFFF0CFFFFFFFF0C610000000CEE000000110D067665727465780CFFFFFFFF04FFFFFFFF0CFFFFFFFF0C6200000004020000000CEF000000110E0873747261696768740D0563757276650CFFFFFFFF04FFFFFFFF0CFFFFFFFF130000000000A031409A99999999193A4016BDBD60BF6613
310
C014000000000000F0BF000000000000000000000000000000000A067C630800307FC3C00A067C630800D090C340110D06636F656467650CFFFFFFFF04FFFFFFFF0CFFFFFFFF0CCD0000000C720000000C630000000CAC0000000B0C9A00000004000000000CFFFFFFFF110D04656467650CFFFFFFFF04FFFFFFFF0CFFFFFF
310
FF0CAD0000000668666666666612C00CF0000000063233333333332B400CAB0000000CF10000000A0707756E6B6E6F776E110D067665727465780CFFFFFFFF04FFFFFFFF0CFFFFFFFF0C6500000004020000000CF2000000110E0873747261696768740D0563757276650CFFFFFFFF04FFFFFFFF0CFFFFFFFF139A99999999
310
1938409A99999999193A4000000000000014C01400000000000000000000000000000080000000000000F0BF0A067C630800808AC3C00A067C6308008085C340110D06636F656467650CFFFFFFFF04FFFFFFFF0CFFFFFFFF0CF30000000C660000000C6E0000000CB70000000B0C6800000004000000000CFFFFFFFF110D06
310
636F656467650CFFFFFFFF04FFFFFFFF0CFFFFFFFF0C670000000CF40000000CF50000000CF60000000A0C6800000004000000000CFFFFFFFF110D04656467650CFFFFFFFF04FFFFFFFF0CFFFFFFFF0CF700000006023C7F5A560B12C00C6900000006398935D4FABDEBBF0C670000000CF80000000A0707756E6B6E6F776E
310
110D04666163650CF900000004FFFFFFFF0CFFFFFFFF0C7A0000000C680000000C060000000CFFFFFFFF0CFA0000000A0B110D05706F696E740CFFFFFFFF04FFFFFFFF0CFFFFFFFF13DE023E5EE30538409A99999999193A4016BDBD60BF6613C0110D05706F696E740CFFFFFFFF04FFFFFFFF0CFFFFFFFF139A9999999919
310
38409A99999999193A405942A87D484D13C0110E0873747261696768740D0563757276650CFFFFFFFF04FFFFFFFF0CFFFFFFFF139A99999999193840A7904049B22A334046D36D5A29421CC014000000000000008041B003648973EE3F99EE25AE43ABD33F0B0B110D06636F656467650CFFFFFFFF04FFFFFFFF0CFFFFFFFF
310
0C6E0000000C6D0000000CFB0000000CFC0000000A0C6F00000004000000000CFFFFFFFF110D04656467650CFFFFFFFF04FFFFFFFF0CFFFFFFFF0C7000000006DE17273FBA75CCBF0CFD0000000640A4FE5BD25F0B400CAF0000000CFE0000000A0707756E6B6E6F776E110D04666163650CFF00000004FFFFFFFF0CFFFFFF
310
FF0C000100000C6F0000000C060000000CFFFFFFFF0C010100000A0B110D05706F696E740CFFFFFFFF04FFFFFFFF0CFFFFFFFF139A99999999193840DD023E5EE3053A4016BDBD60BF6613C0110E0873747261696768740D0563757276650CFFFFFFFF04FFFFFFFF0CFFFFFFFF139A999999991938400000000000802D409A
310
999999999911C0140000000000000000000000000000F0BF00000000000000000A067C630800A080C3C00A067C630800608FC340110D05706F696E740CFFFFFFFF04FFFFFFFF0CFFFFFFFF139A99999999193840CDCCCCCCCCCC25409A999999999911C0110D06636F656467650CFFFFFFFF04FFFFFFFF0CFFFFFFFF0CBF00
310
00000C760000000CD60000000C020100000A0C3F00000004000000000CFFFFFFFF110D04656467650CFFFFFFFF04FFFFFFFF0CFFFFFFFF0C920000000675F2A7A6118CB4BF0CD9000000062CD6BB72CD820C400C760000000C030100000A0707756E6B6E6F776E110E0873747261696768740D0563757276650CFFFFFFFF04
310
FFFFFFFF0CFFFFFFFF13B3496150EE9D2F40CECCCCCCCCCC25406B628A2B5F031EC01440B003648973EE3F00000000000000009CEE25AE43ABD33F0B0B110D06636F656467650CFFFFFFFF04FFFFFFFF0CFFFFFFFF0C780000000CBC0000000C040100000C050100000B0C3F00000004000000000CFFFFFFFF110D06636F65
310
6467650CFFFFFFFF04FFFFFFFF0CFFFFFFFF0C060100000CFB0000000C780000000CC10000000B0C0701000004000000000CFFFFFFFF110D04656467650CFFFFFFFF04FFFFFFFF0CFFFFFFFF0CC2000000066FE5998C18B11D400C08010000060F2C44EE05B71D400CC00000000C090100000B0707756E6B6E6F776E110D06
310
7665727465780CFFFFFFFF04FFFFFFFF0CFFFFFFFF0CFC00000004020000000C0A010000110E0873747261696768740D0563757276650CFFFFFFFF04FFFFFFFF0CFFFFFFFF13E929BB6E658937405AAE2A68B745264090E03916AC5514C014C07F3A06029BEC3F56379FD1642AD0BF38B90F1194B2D73F0A0602627DB07EE6
310
C5C00A063A1B93482ACCC540110E0D4154545249425F435553544F4D0D066174747269620CFFFFFFFF04FFFFFFFF0CFFFFFFFF0CFFFFFFFF0C7A000000071667656E657269635F7461675F6174747269625F6465660403000000040300000004FFFFFFFF071767656E657269635F7461675F6174747269625F646566200401
310
000000040100000007013404000000000402000000046C010000046F0100000400000000110E05706C616E650D07737572666163650CFFFFFFFF04FFFFFFFF0CFFFFFFFF1384E656C37AF83740FA3252790A0F2640122CB1F7DAA213C0141BB7BFA617CDD23F04B7BFA617CDD2BF713AA298921BEDBF1440B003648973EEBF
310
00000000000000009CEE25AE43ABD3BF0B0B0B0B0B110D06636F656467650CFFFFFFFF04FFFFFFFF0CFFFFFFFF0CE60000000C7D0000000C800000000CCB0000000B0CC800000004000000000CFFFFFFFF110D06636F656467650CFFFFFFFF04FFFFFFFF0CFFFFFFFF0C7D0000000C0B0100000CD00000000C0C0100000B0C
310
C800000004000000000CFFFFFFFF110D046C6F6F700CFFFFFFFF04FFFFFFFF0CFFFFFFFF0CFFFFFFFF0C0B0100000C0D010000110D067665727465780CFFFFFFFF04FFFFFFFF0CFFFFFFFF0C0C01000004020000000C0E010000110E0873747261696768740D0563757276650CFFFFFFFF04FFFFFFFF0CFFFFFFFF134C3388
310
0D7BEB0A4078AC10C07D2427408E1E34C4ECE410C014B2C19200FB4ED93F2AD439CC3087EA3FB2C19200FB4ED9BF0A063F84CD07D353FDBF0A06B26924811D3CFDBF110D04656467650CFFFFFFFF04FFFFFFFF0CFFFFFFFF0C82000000063CABD014360C0BC00CE800000006CE2A34850D032B400CC60000000C0F0100000B
310
0707756E6B6E6F776E110D05706F696E740CFFFFFFFF04FFFFFFFF0CFFFFFFFF136C045154B323054031D5CB7AF21C24403C0E31CF11020CC0110D06636F656467650CFFFFFFFF04FFFFFFFF0CFFFFFFFF0C940000000CAB0000000C840000000CCE0000000B0C9A00000004000000000CFFFFFFFF110D04656467650CFFFF
310
FFFF04FFFFFFFF0CFFFFFFFF0CF000000006D0CCCCCCCCCC0EC00C96000000063333333333B326400CCD0000000C100100000A0707756E6B6E6F776E110E0873747261696768740D0563757276650CFFFFFFFF04FFFFFFFF0CFFFFFFFF139C99999999991740000000000090344017BDBD60BF6613C0140000000000000000
310
000000000000F0BF00000000000000000A067C630800B87DC3C00A067C6308004892C340110D06636F656467650CFFFFFFFF04FFFFFFFF0CFFFFFFFF0C110100000C870000000CC70000000C0C0100000A0CD200000004000000000CFFFFFFFF110D06636F656467650CFFFFFFFF04FFFFFFFF0CFFFFFFFF0C870000000C12
310
0100000C890000000CD50000000A0CD200000004000000000CFFFFFFFF110D046C6F6F700CFFFFFFFF04FFFFFFFF0CFFFFFFFF0CFFFFFFFF0C110100000C13010000110E0873747261696768740D0563757276650CFFFFFFFF04FFFFFFFF0CFFFFFFFF13A95233AB7CC40E40A4D4CC2A1FB12140C2E6C7B961FD0BC014D73B
310
7F669EA0E6BFC23B7F669EA0E63F8E920348C482B53C0A0684F59B2B599CCBC00A06BCF1DB12D098CB40110D06636F656467650CFFFFFFFF04FFFFFFFF0CFFFFFFFF0C140100000C890000000C150100000C160100000A0C8B00000004000000000CFFFFFFFF110D04656467650CFFFFFFFF04FFFFFFFF0CFFFFFFFF0C8C00
310
000006F5D8460E59921C400C1701000006852C9950CC1527400C890000000C180100000B0707756E6B6E6F776E110D06636F656467650CFFFFFFFF04FFFFFFFF0CFFFFFFFF0C8A0000000C140100000CBC0000000C020100000B0C8B00000004000000000CFFFFFFFF110D04666163650C1901000004FFFFFFFF0CFFFFFFFF
310
0C1A0100000C8B0000000C060000000CFFFFFFFF0C1B0100000A0B110D05706F696E740CFFFFFFFF04FFFFFFFF0CFFFFFFFF132664BF0BFB3414407BEE739F818F1E40C3E6C7B961FD0BC0110D067665727465780CFFFFFFFF04FFFFFFFF0CFFFFFFFF0C8F00000004020000000C1C010000110E0873747261696768740D05
310
63757276650CFFFFFFFF04FFFFFFFF0CFFFFFFFF130000000000A03440358228AAD9911E40390E31CF11020CC014000000000000F0BF000000000000000000000000000000000A067C630800B07DC3C00A067C6308005092C340110E0D4154545249425F435553544F4D0D066174747269620CFFFFFFFF04FFFFFFFF0CFFFF
310
FFFF0CFFFFFFFF0C90000000071667656E657269635F7461675F6174747269625F6465660403000000040300000004FFFFFFFF071767656E657269635F7461675F6174747269625F646566200401000000040100000007013204000000000402000000046C010000046F0100000400000000110E05706C616E650D07737572
310
666163650CFFFFFFFF04FFFFFFFF0CFFFFFFFF130000000000C03240CC641D028EA922405C10994051CD10C014000000000000000062A9AEA6E27DD8BF478D32CF6B90EDBF14000000000000F0BF000000000000000000000000000000800B0B0B0B0B110D05706F696E740CFFFFFFFF04FFFFFFFF0CFFFFFFFF13DD023E5E
310
E3053840CECCCCCCCCCC254017BDBD60BF6613C0110E0873747261696768740D0563757276650CFFFFFFFF04FFFFFFFF0CFFFFFFFF130100000000002540CECCCCCCCCCC25409A999999999911C014000000000000F0BF000000000000000000000000000000000A067C630800C082C3C00A067C630800408DC340110D0570
310
6F696E740CFFFFFFFF04FFFFFFFF0CFFFFFFFF139C99999999991740CDCCCCCCCCCC25409A999999999911C0110E0D4154545249425F435553544F4D0D066174747269620CFFFFFFFF04FFFFFFFF0CFFFFFFFF0CFFFFFFFF0C99000000071667656E657269635F7461675F6174747269625F64656604030000000403000000
310
04FFFFFFFF071767656E657269635F7461675F6174747269625F646566200401000000040100000007013804000000000402000000046C010000046F0100000400000000110E05706C616E650D07737572666163650CFFFFFFFF04FFFFFFFF0CFFFFFFFF1398C93A041C5311400000000000402E405C10994051CD10C0145D
310
A9AEA6E27DD8BF0000000000000080478D32CF6B90EDBF14478D32CF6B90EDBF00000000000000005DA9AEA6E27DD83F0B0B0B0B0B110D06636F656467650CFFFFFFFF04FFFFFFFF0CFFFFFFFF0CE50000000C9C0000000C1D0100000C1E0100000A0C1C00000004000000000CFFFFFFFF110D04656467650CFFFFFFFF04FF
310
FFFFFF0CFFFFFFFF0CA90000000609264E298645F3BF0C1F01000006B7024AEB6A8403400C9C0000000C200100000A0707756E6B6E6F776E110E0873747261696768740D0563757276650CFFFFFFFF04FFFFFFFF0CFFFFFFFF13153C863AB4E028409A99999999193A40109C6BBFBFBF1BC01442B003648973EEBF00000000
310
0000000092EE25AE43ABD33F0B0B110D06636F656467650CFFFFFFFF04FFFFFFFF0CFFFFFFFF0C9E0000000CE20000000C210100000C220100000B0C1C00000004000000000CFFFFFFFF110D06636F656467650CFFFFFFFF04FFFFFFFF0CFFFFFFFF0C230100000CC60000000C9E0000000CE70000000B0CC8000000040000
310
00000CFFFFFFFF110D04656467650CFFFFFFFF04FFFFFFFF0CFFFFFFFF0CE8000000069609844B044618400C240100000627502EADF14B18400CE60000000C250100000B0707756E6B6E6F776E110D067665727465780CFFFFFFFF04FFFFFFFF0CFFFFFFFF0CCB00000004020000000C26010000110E087374726169676874
310
0D0563757276650CFFFFFFFF04FFFFFFFF0CFFFFFFFF13E2704378560613409E10DE5DA0583A4014F96949988111C014C47F3A06029BECBF49379FD1642AD03F2EB90F1194B2D73F0A0676D88773ABD6C5C00A06C0A48885FDDBC540110D04656467650CFFFFFFFF04FFFFFFFF0CFFFFFFFF0CA200000006C0B4F74AF056C6
310
3F0CF000000006303333333333E33F0CA10000000C270100000B0707756E6B6E6F776E110D05706F696E740CFFFFFFFF04FFFFFFFF0CFFFFFFFF139E999999999917409A99999999193A405A42A87D484D13C0110D05706F696E740CFFFFFFFF04FFFFFFFF0CFFFFFFFF139D99999999991740DE023E5EE3053A4016BDBD60
310
BF6613C0110D06636F656467650CFFFFFFFF04FFFFFFFF0CFFFFFFFF0CA70000000CA60000000C280100000C290100000A0CA800000004000000000CFFFFFFFF110D04666163650C2A01000004FFFFFFFF0CFFFFFFFF0C2B0100000CA80000000C060000000CFFFFFFFF0C2C0100000A0B110D05706F696E740CFFFFFFFF04
310
FFFFFFFF0CFFFFFFFF138AF4078772E817409A99999999193A4016BDBD60BF6613C0110D067665727465780CFFFFFFFF04FFFFFFFF0CFFFFFFFF0CEA00000004020000000C2D010000110E0873747261696768740D0563757276650CFFFFFFFF04FFFFFFFF0CFFFFFFFF1300000000008033409A99999999193A409A999999
310
999911C014000000000000F03F000000000000008000000000000000000A067C630800C091C3C00A067C630800407EC340110D05706F696E740CFFFFFFFF04FFFFFFFF0CFFFFFFFF139A999999991938409A99999999193A409A999999999911C0110D06636F656467650CFFFFFFFF04FFFFFFFF0CFFFFFFFF0CF40000000C
310
AF0000000C2E0100000C2F0100000A0C6800000004000000000CFFFFFFFF110D06636F656467650CFFFFFFFF04FFFFFFFF0CFFFFFFFF0CB00000000CF30000000C300100000C310100000B0C6800000004000000000CFFFFFFFF110D06636F656467650CFFFFFFFF04FFFFFFFF0CFFFFFFFF0C320100000C280100000CB000
310
00000CF60000000B0C3301000004000000000CFFFFFFFF110D04656467650CFFFFFFFF04FFFFFFFF0CFFFFFFFF0CF7000000069F03A9B40DB620400C3401000006EF267E6504B920400CF50000000C350100000B0707756E6B6E6F776E110D067665727465780CFFFFFFFF04FFFFFFFF0CFFFFFFFF0C290100000402000000
310
0C36010000110E0873747261696768740D0563757276650CFFFFFFFF04FFFFFFFF0CFFFFFFFF13FD129365D4CD3740A4530AAE34533940A215513775AF14C01446379FD1642AD03FC17F3A06029BEC3F35B90F1194B2D73F0A06498BE5C17EE7C5C00A06F1F12A372ACBC540110E0D4154545249425F435553544F4D0D0661
310
74747269620CFFFFFFFF04FFFFFFFF0CFFFFFFFF0CFFFFFFFF0CB2000000071667656E657269635F7461675F6174747269625F6465660403000000040300000004FFFFFFFF071767656E657269635F7461675F6174747269625F646566200401000000040100000007013704000000000402000000046C010000046F010000
310
0400000000110E05706C616E650D07737572666163650CFFFFFFFF04FFFFFFFF0CFFFFFFFF1384E656C37AF8374084E656C37AF83940122CB1F7DAA213C01414B7BFA617CDD23F17B7BFA617CDD23F6F3AA298921BEDBF1441B003648973EEBF000000000000000096EE25AE43ABD3BF0B0B0B0B0B110D06636F656467650C
310
FFFFFFFF04FFFFFFFF0CFFFFFFFF0CC00000000C2E0100000CB60000000CFC0000000B0C0701000004000000000CFFFFFFFF110D04656467650CFFFFFFFF04FFFFFFFF0CFFFFFFFF0CFD0000000640ABD014360C0BC00CC200000006D02A34850D032B400CB60000000C370100000B0707756E6B6E6F776E110D0676657274
310
65780CFFFFFFFF04FFFFFFFF0CFFFFFFFF0CFC00000004020000000C38010000110E0873747261696768740D0563757276650CFFFFFFFF04FFFFFFFF0CFFFFFFFF134A2D9E577B4C3840D55D8CEF43143A40E087199F711213C014C07F3A06029BECBF56379FD1642AD0BF37B90F1194B2D7BF0A0647946A2ABDCBC5C00A06
310
F5E8A5CEEBE6C540110E0D4154545249425F435553544F4D0D066174747269620CFFFFFFFF04FFFFFFFF0CFFFFFFFF0CFFFFFFFF0CB8000000071667656E657269635F7461675F6174747269625F6465660403000000040300000004FFFFFFFF071767656E657269635F7461675F6174747269625F64656620040100000004
310
0100000007013104000000000402000000046C010000046F0100000400000000110D04666163650C3901000004FFFFFFFF0CFFFFFFFF0CEE0000000C3A0100000C060000000CFFFFFFFF0C3B0100000A0B110E05706C616E650D07737572666163650CFFFFFFFF04FFFFFFFF0CFFFFFFFF139A4DF1FE38AB39400000000000
310
E035405C10994051CD10C01469A9AEA6E27DD83F0000000000000000458D32CF6B90EDBF14458D32CF6B90EDBF000000000000000069A9AEA6E27DD8BF0B0B0B0B0B110D04656467650CFFFFFFFF04FFFFFFFF0CFFFFFFFF0C3C01000006EF2D0C17962601C00CD900000006C3A0B753BB1A01C00CD60000000C3D0100000B
310
0707756E6B6E6F776E110E0873747261696768740D0563757276650CFFFFFFFF04FFFFFFFF0CFFFFFFFF13546AF1FE130B38408FA6649E10A825405441F4B2504813C0146B379FD1642AD0BFBE7F3A06029BEC3F2DB90F1194B2D7BF0A06C1F0C6F962DFC5C00A067E8C49FF45D3C540110D06636F656467650CFFFFFFFF04
310
FFFFFFFF0CFFFFFFFF0C3E0100000C3F0100000CBF0000000C050100000A0C3A01000004000000000CFFFFFFFF110D04656467650CFFFFFFFF04FFFFFFFF0CFFFFFFFF0C3C0100000694BAFA65BA48FBBF0C0801000006F0BAFA65BA48FB3F0CBF0000000C400100000A0707756E6B6E6F776E110D06636F656467650CFFFF
310
FFFF04FFFFFFFF0CFFFFFFFF0C410100000CC00000000C3F0100000C420100000B0C0701000004000000000CFFFFFFFF110D046C6F6F700CFFFFFFFF04FFFFFFFF0CFFFFFFFF0CFFFFFFFF0C060100000C43010000110D067665727465780CFFFFFFFF04FFFFFFFF0CFFFFFFFF0C4201000004020000000C44010000110E08
310
73747261696768740D0563757276650CFFFFFFFF04FFFFFFFF0CFFFFFFFF13D6E98B1D156C38407155A253CE353040905D40C7DABE19C014AEC19200FB4ED93F2BD439CC3087EABFAEC19200FB4ED93F0A066FE5998C18B11D400A060F2C44EE05B71D40110D05706F696E740CFFFFFFFF04FFFFFFFF0CFFFFFFFF1373DF75
310
95895B3B4030D5CB7AF21C2440360E31CF11020CC0110D06636F656467650CFFFFFFFF04FFFFFFFF0CFFFFFFFF0CC70000000C230100000C450100000C460100000A0CC800000004000000000CFFFFFFFF110D04656467650CFFFFFFFF04FFFFFFFF0CFFFFFFFF0C4701000006BE66B8F8D7FB1BC00CC90000000655CD99CB
310
30C504C00CD00000000C480100000B0707756E6B6E6F776E110D04666163650C4901000004FFFFFFFF0CFFFFFFFF0CD70000000CC80000000C060000000CFFFFFFFF0C4A0100000A0B110D05706F696E740CFFFFFFFF04FFFFFFFF0CFFFFFFFF13F0DCE73E031F054010B2DF857D1A2440C1E6C7B961FD0BC0110E08737472
310
61696768740D0563757276650CFFFFFFFF04FFFFFFFF0CFFFFFFFF136C045154B32305400000000000E02A403C0E31CF11020CC0140000000000000000000000000000F03F00000000000000800A067C630800B88EC3C00A067C6308004881C340110E0873747261696768740D0563757276650CFFFFFFFF04FFFFFFFF0CFF
310
FFFFFF139C9999999999174000000000004036409A999999999911C0140000000000000000000000000000F03F00000000000000800A067C6308002093C3C00A067C630800E07CC340110D06636F656467650CFFFFFFFF04FFFFFFFF0CFFFFFFFF0C4B0100000CD00000000C4C0100000C4D0100000A0CD200000004000000
310
000CFFFFFFFF110D06636F656467650CFFFFFFFF04FFFFFFFF0CFFFFFFFF0CD10000000C4B0100000C4E0100000C4F0100000A0CD200000004000000000CFFFFFFFF110D04666163650C5001000004FFFFFFFF0CFFFFFFFF0C510100000CD20000000C060000000CFFFFFFFF0C520100000A0B110D06636F656467650CFFFF
310
FFFF04FFFFFFFF0CFFFFFFFF0CD60000000CD40000000C3E0100000C530100000B0C8B00000004000000000CFFFFFFFF110D06636F656467650CFFFFFFFF04FFFFFFFF0CFFFFFFFF0C4E0100000C540100000CD40000000C160100000B0C5501000004000000000CFFFFFFFF110D04656467650CFFFFFFFF04FFFFFFFF0CFF
310
FFFFFF0C5601000006C08F38B580D0F3BF0C1701000006FB88530B08BD37400C150100000C570100000A0707756E6B6E6F776E110D067665727465780CFFFFFFFF04FFFFFFFF0CFFFFFFFF0C4F01000004000000000C58010000110E0873747261696768740D0563757276650CFFFFFFFF04FFFFFFFF0CFFFFFFFF13692631
310
EFF5592240926B0B39398727400CDC86AFA17D1EC0141E339045A779E2BF1B339045A779E2BF1B339045A779E23F0A06312B687308E5D0C00A06032A59806DEDD040110E0D4154545249425F435553544F4D0D066174747269620CFFFFFFFF04FFFFFFFF0CFFFFFFFF0CFFFFFFFF0CD7000000071667656E657269635F7461
310
675F6174747269625F6465660403000000040300000004FFFFFFFF071767656E657269635F7461675F6174747269625F646566200401000000040100000007013304000000000402000000046B010000046F0100000400000000110D04666163650C5901000004FFFFFFFF0CFFFFFFFF0C5A0100000C5B0100000C06000000
310
0CFFFFFFFF0C5C0100000A0B110E05706C616E650D07737572666163650CFFFFFFFF04FFFFFFFF0CFFFFFFFF1300000000008036408CFD476168481C40E804703D2F6F07C0140000000000000000CD3B7F669EA0E6BFCD3B7F669EA0E6BF14000000000000F0BF000000000000000000000000000000800B0B0B0B0B110D05
310
706F696E740CFFFFFFFF04FFFFFFFF0CFFFFFFFF1369159AC286F13840358228AAD9911E40390E31CF11020CC0110D06636F656467650CFFFFFFFF04FFFFFFFF0CFFFFFFFF0C280100000C5D0100000CE20000000C1E0100000B0C3301000004000000000CFFFFFFFF110D04656467650CFFFFFFFF04FFFFFFFF0CFFFFFFFF
310
0C5E01000006232E981E9287D0BF0C1F01000006DBC4F303BC28D0BF0C1D0100000C5F0100000B0707756E6B6E6F776E110D067665727465780CFFFFFFFF04FFFFFFFF0CFFFFFFFF0C2901000004020000000C60010000110E0873747261696768740D0563757276650CFFFFFFFF04FFFFFFFF0CFFFFFFFF1356248025E9B0
310
164042EB7A8F3C2D3B4086A244D60E9E11C01474379FD1642AD03FBC7F3A06029BECBF32B90F1194B2D7BF0A06AD560E1321CAC5C00A06952602E687E8C540110D06636F656467650CFFFFFFFF04FFFFFFFF0CFFFFFFFF0C610100000C620100000CE50000000C220100000A0C6301000004000000000CFFFFFFFF110D0465
310
6467650CFFFFFFFF04FFFFFFFF0CFFFFFFFF0C5E010000068E7013EDFB9104C00C2401000006CE289DE3F9DAEA3F0CE50000000C640100000A0707756E6B6E6F776E110D06636F656467650CFFFFFFFF04FFFFFFFF0CFFFFFFFF0C0B0100000CE60000000C620100000C650100000B0CC800000004000000000CFFFFFFFF11
310
0D067665727465780CFFFFFFFF04FFFFFFFF0CFFFFFFFF0C6501000004020000000C66010000110E0873747261696768740D0563757276650CFFFFFFFF04FFFFFFFF0CFFFFFFFF1338A0B4DF272B14409E73BFC9AAE9354020A5241D579A17C014ADC19200FB4ED9BF2AD439CC3087EA3FADC19200FB4ED93F0A069609844B
310
044618400A0627502EADF14B1840110D05706F696E740CFFFFFFFF04FFFFFFFF0CFFFFFFFF136C045154B323054067159AC286F13A403C0E31CF11020CC0110E0873747261696768740D0563757276650CFFFFFFFF04FFFFFFFF0CFFFFFFFF139E999999999917409A99999999193A4000000000000014C014000000000000
310
00000000000000000000000000000000F03F0B0B110D06636F656467650CFFFFFFFF04FFFFFFFF0CFFFFFFFF0CF50000000C1D0100000CED0000000C290100000B0C3301000004000000000CFFFFFFFF110D04656467650CFFFFFFFF04FFFFFFFF0CFFFFFFFF0C1F01000006A155680A1B4611C00CF700000006CE2A34850D
310
232F400CED0000000C670100000B0707756E6B6E6F776E110E0D4154545249425F435553544F4D0D066174747269620CFFFFFFFF04FFFFFFFF0CFFFFFFFF0CFFFFFFFF0CEE000000071667656E657269635F7461675F6174747269625F6465660403000000040300000004FFFFFFFF071767656E657269635F7461675F6174
310
747269625F646566200401000000040100000007013604000000000402000000046C010000046F0100000400000000110D04666163650C6801000004FFFFFFFF0CFFFFFFFF0C130100000C690100000C060000000CFFFFFFFF0C6A0100000A0B110E05706C616E650D07737572666163650CFFFFFFFF04FFFFFFFF0CFFFFFF
310
FF1300000000008026409A4DF1FE38AB3B405C10994051CD10C014000000000000000067A9AEA6E27DD83F468D32CF6B90EDBF14000000000000F0BF000000000000000000000000000000000B0B0B0B0B110D05706F696E740CFFFFFFFF04FFFFFFFF0CFFFFFFFF139C999999999917409A99999999193A409A9999999999
310
11C0110D06636F656467650CFFFFFFFF04FFFFFFFF0CFFFFFFFF0CFB0000000C6B0100000CF30000000C2F0100000B0C0701000004000000000CFFFFFFFF110D04656467650CFFFFFFFF04FFFFFFFF0CFFFFFFFF0C6C010000062884CD07D353FDBF0CFD00000006BC6924811D3CFDBF0C2E0100000C6D0100000B0707756E
310
6B6E6F776E110D06636F656467650CFFFFFFFF04FFFFFFFF0CFFFFFFFF0C6E0100000C6F0100000CF40000000C310100000A0C6901000004000000000CFFFFFFFF110D04656467650CFFFFFFFF04FFFFFFFF0CFFFFFFFF0C6C01000006D0BAFA65BA48FBBF0C3401000006F2BAFA65BA48FB3F0CF40000000C700100000A07
310
07756E6B6E6F776E110D06636F656467650CFFFFFFFF04FFFFFFFF0CFFFFFFFF0C710100000CF50000000C6F0100000C720100000B0C3301000004000000000CFFFFFFFF110D046C6F6F700CFFFFFFFF04FFFFFFFF0CFFFFFFFF0CFFFFFFFF0C320100000C73010000110D067665727465780CFFFFFFFF04FFFFFFFF0CFFFF
310
FFFF0C7201000004020000000C74010000110E0873747261696768740D0563757276650CFFFFFFFF04FFFFFFFF0CFFFFFFFF13B3AA6E6E440432408ABCC032AB0D3A40C0126D7282381BC01423D439CC3087EA3FBCC19200FB4ED93FBCC19200FB4ED93F0A069F03A9B40DB620400A06EF267E6504B92040110D05706F696E
310
740CFFFFFFFF04FFFFFFFF0CFFFFFFFF1367159AC286F1384073DF7595895B3D40380E31CF11020CC0110E0873747261696768740D0563757276650CFFFFFFFF04FFFFFFFF0CFFFFFFFF1373DF7595895B3B400000000000903740360E31CF11020CC0140000000000000000000000000000F0BF00000000000000000A067C
310
630800387CC3C00A067C630800C893C340110D05706F696E740CFFFFFFFF04FFFFFFFF0CFFFFFFFF1373DF7595895B3B4068159AC286F13A40360E31CF11020CC0110E0D4154545249425F435553544F4D0D066174747269620CFFFFFFFF04FFFFFFFF0CFFFFFFFF0CFFFFFFFF0C00010000071667656E657269635F746167
310
5F6174747269625F6465660403000000040300000004FFFFFFFF071767656E657269635F7461675F6174747269625F646566200401000000040100000007013304000000000402000000046C010000046F0100000400000000110D046C6F6F700CFFFFFFFF04FFFFFFFF0CFFFFFFFF0CFFFFFFFF0C750100000C0001000011
310
0E05706C616E650D07737572666163650CFFFFFFFF04FFFFFFFF0CFFFFFFFF1382DBF035B4973740FE481E9497D026400CDC86AFA13D18C014442C0C70BD20DA3F382C0C70BD20DABF3E2C0C70BD20EABF14D8EDBFC5259FECBF0000000000000000DEEDBFC5259FDCBF0B0B0B0B0B110D067665727465780CFFFFFFFF04FF
310
FFFFFF0CFFFFFFFF0C5301000004020000000C76010000110E0873747261696768740D0563757276650CFFFFFFFF04FFFFFFFF0CFFFFFFFF1326FFA760C72B3740062B940AD0F92040F45A9852CF6211C01425D439CC3087EABFB9C19200FB4ED93FB9C19200FB4ED9BF0A06EF2D0C17962601C00A06C3A0B753BB1A01C011
310
0D06636F656467650CFFFFFFFF04FFFFFFFF0CFFFFFFFF0C750100000C040100000C140100000C530100000A0C3A01000004000000000CFFFFFFFF110D06636F656467650CFFFFFFFF04FFFFFFFF0CFFFFFFFF0C040100000C770100000C060100000C420100000A0C3A01000004000000000CFFFFFFFF110E087374726169
310
6768740D0563757276650CFFFFFFFF04FFFFFFFF0CFFFFFFFF13AB95996A70273A40A4D4CC2A1FB12140C2E6C7B961FD0BC014D73B7F669EA0E6BFC13B7F669EA0E6BFF0AD02361322E0BC0A061A4E38F8928CCBC00A065E6978A552A5CB40110D06636F656467650CFFFFFFFF04FFFFFFFF0CFFFFFFFF0C6B0100000C0601
310
00000C780100000C790100000A0C0701000004000000000CFFFFFFFF110D04656467650CFFFFFFFF04FFFFFFFF0CFFFFFFFF0C08010000066ACF3BB1891B19400C7A01000006B8A713A2645A25400C060100000C7B0100000B0707756E6B6E6F776E110D04666163650C7C01000004FFFFFFFF0CFFFFFFFF0C7D0100000C07
310
0100000C060000000CFFFFFFFF0C7E0100000A0B110D05706F696E740CFFFFFFFF04FFFFFFFF0CFFFFFFFF13630423981F5C3B4012B2DF857D1A2440BBE6C7B961FD0BC0110D06636F656467650CFFFFFFFF04FFFFFFFF0CFFFFFFFF0C7F0100000C4C0100000C0B0100000C460100000B0C5B01000004000000000CFFFFFF
310
FF110D04656467650CFFFFFFFF04FFFFFFFF0CFFFFFFFF0C4701000006981F716A01A1EBBF0C8001000006FA88530B081D35400C450100000C810100000B0707756E6B6E6F776E110D067665727465780CFFFFFFFF04FFFFFFFF0CFFFFFFFF0C4601000004000000000C82010000110E0873747261696768740D0563757276
310
650CFFFFFFFF04FFFFFFFF0CFFFFFFFF1325D71672728E1040672631EFF51927400DDC86AFA1FD13C0141B339045A779E23F1E339045A779E23F1B339045A779E2BF0A067077A157EBEBD0C00A06B2565E1B20E5D040110E0D4154545249425F435553544F4D0D066174747269620CFFFFFFFF04FFFFFFFF0CFFFFFFFF0CFF
310
FFFFFF0C0D010000071667656E657269635F7461675F6174747269625F6465660403000000040300000004FFFFFFFF071767656E657269635F7461675F6174747269625F646566200401000000040100000007013404000000000402000000046B010000046F0100000400000000110E05706C616E650D0773757266616365
310
0CFFFFFFFF04FFFFFFFF0CFFFFFFFF1318FB8FC2D09000400000000000802740E804703D2F6F07C014CD3B7F669EA0E6BF0000000000000000CD3B7F669EA0E6BF14CD3B7F669EA0E6BF0000000000000000CD3B7F669EA0E63F0B0B0B0B0B110D06636F656467650CFFFFFFFF04FFFFFFFF0CFFFFFFFF0C120100000C1101
310
00000C830100000C840100000A0CD200000004000000000CFFFFFFFF110D06636F656467650CFFFFFFFF04FFFFFFFF0CFFFFFFFF0C450100000C850100000C110100000C4D0100000B0C5B01000004000000000CFFFFFFFF110D04656467650CFFFFFFFF04FFFFFFFF0CFFFFFFFF0C86010000061D681AC251DA0EC00C4701
310
0000067EFBDE6C1469FBBF0C4C0100000C870100000B0707756E6B6E6F776E110D06636F656467650CFFFFFFFF04FFFFFFFF0CFFFFFFFF0C880100000C150100000C120100000C4F0100000B0C5501000004000000000CFFFFFFFF110D04656467650CFFFFFFFF04FFFFFFFF0CFFFFFFFF0C17010000066ACEFFF655422E40
310
0C89010000068244F5ECE34531400C4E0100000C8A0100000B0707756E6B6E6F776E110E0D4154545249425F435553544F4D0D066174747269620CFFFFFFFF04FFFFFFFF0CFFFFFFFF0CFFFFFFFF0C13010000071667656E657269635F7461675F6174747269625F6465660403000000040300000004FFFFFFFF071767656E
310
657269635F7461675F6174747269625F646566200401000000040100000007013904000000000402000000046C010000046F0100000400000000110D04666163650C8B01000004FFFFFFFF0CFFFFFFFF0C8C0100000C630100000C060000000CFFFFFFFF0C8D0100000A0B110E05706C616E650D07737572666163650CFFFF
310
FFFF04FFFFFFFF0CFFFFFFFF13FC913C282FA11A40FC481E94975027400CDC86AFA13D19C014352C0C70BD20DABF472C0C70BD20DABF3F2C0C70BD20EABF14DBEDBFC5259FECBF0000000000000000D0EDBFC5259FDC3F0B0B0B0B0B110D04656467650CFFFFFFFF04FFFFFFFF0CFFFFFFFF0C5601000006BC66B8F8D7FB1B
310
C00C3C0100000646CD99CB30C504C00C3E0100000C8E0100000B0707756E6B6E6F776E110D06636F656467650CFFFFFFFF04FFFFFFFF0CFFFFFFFF0C150100000C880100000C750100000C8F0100000B0C5501000004000000000CFFFFFFFF110D046C6F6F700CFFFFFFFF04FFFFFFFF0CFFFFFFFF0CFFFFFFFF0C54010000
310
0C8C010000110D067665727465780CFFFFFFFF04FFFFFFFF0CFFFFFFFF0C1601000004000000000C90010000110E0873747261696768740D0563757276650CFFFFFFFF04FFFFFFFF0CFFFFFFFF130000000000403A406666666666661440705AB31EADACEEBF14000000000000F03F00000000000000000000000000000000
310
0A067C6308002095C3C00A067C630800E07AC340110D05706F696E740CFFFFFFFF04FFFFFFFF0CFFFFFFFF1328B863A5BF1704406666666666661440725AB31EADACEEBF110E0D4154545249425F435553544F4D0D066174747269620CFFFFFFFF04FFFFFFFF0CFFFFFFFF0CFFFFFFFF0C1A010000071667656E657269635F
310
7461675F6174747269625F6465660403000000040300000004FFFFFFFF071767656E657269635F7461675F6174747269625F6465662004010000000401000000070133040000000004020000000469010000046F0100000400000000110D04666163650C9101000004FFFFFFFF0CFFFFFFFF0C920100000C930100000C0600
310
00000CFFFFFFFF0C940100000A0B110D046C6F6F700CFFFFFFFF04FFFFFFFF0CFFFFFFFF0CFFFFFFFF0C4C0100000C1A010000110E05706C616E650D07737572666163650CFFFFFFFF04FFFFFFFF0CFFFFFFFF139A9999999999B93F0000000000001440000000000000000014000000000000F0BF00000000000000800000
310
000000000080140000000000000080000000000000F03F00000000000000800B0B0B0B0B110D06636F656467650CFFFFFFFF04FFFFFFFF0CFFFFFFFF0C1D0100000C710100000C610100000C950100000B0C3301000004000000000CFFFFFFFF110D067665727465780CFFFFFFFF04FFFFFFFF0CFFFFFFFF0C950100000402
310
0000000C96010000110E0873747261696768740D0563757276650CFFFFFFFF04FFFFFFFF0CFFFFFFFF13A6C4A1C93A10154095859B2BFA413D4025DD031E8DCE0CC0142AD439CC3087EA3FB2C19200FB4ED9BFB2C19200FB4ED9BF0A06232E981E9287D0BF0A06DBC4F303BC28D0BF110D05706F696E740CFFFFFFFF04FFFF
310
FFFF0CFFFFFFFF135FAA97F5E439144073DF7595895B3D40380E31CF11020CC0110D06636F656467650CFFFFFFFF04FFFFFFFF0CFFFFFFFF0C970100000C210100000C5D0100000C950100000A0C6301000004000000000CFFFFFFFF110D06636F656467650CFFFFFFFF04FFFFFFFF0CFFFFFFFF0C210100000C980100000C
310
230100000C650100000A0C6301000004000000000CFFFFFFFF110D046C6F6F700CFFFFFFFF04FFFFFFFF0CFFFFFFFF0CFFFFFFFF0C970100000C51010000110E0873747261696768740D0563757276650CFFFFFFFF04FFFFFFFF0CFFFFFFFF135B0A312659DE0940A04CF9F9AB8A3B40D0E6C7B961FD0BC014C03B7F669EA0
310
E63FDA3B7F669EA0E63F91920348C482C53C0A061DC4CCB25AA1CBC00A0684873DC8978BCB40110D04656467650CFFFFFFFF04FFFFFFFF0CFFFFFFFF0C240100000654CF3BB1891B19400C8001000006B9A713A2645A25400C230100000C990100000B0707756E6B6E6F776E110D05706F696E740CFFFFFFFF04FFFFFFFF0C
310
FFFFFFFF1300DDE73E031F0540F426103DC1F23A40D1E6C7B961FD0BC0110E0873747261696768740D0563757276650CFFFFFFFF04FFFFFFFF0CFFFFFFFF130000000000C0224073DF7595895B3D40380E31CF11020CC014000000000000F03F000000000000000000000000000000000A067C630800B08CC3C00A067C6308
310
005083C340110E0D4154545249425F435553544F4D0D066174747269620CFFFFFFFF04FFFFFFFF0CFFFFFFFF0CFFFFFFFF0C2B010000071667656E657269635F7461675F6174747269625F6465660403000000040300000004FFFFFFFF071767656E657269635F7461675F6174747269625F64656620040100000004010000
310
0007013504000000000402000000046C010000046F0100000400000000110D046C6F6F700CFFFFFFFF04FFFFFFFF0CFFFFFFFF0CFFFFFFFF0C9A0100000C2B010000110E05706C616E650D07737572666163650CFFFFFFFF04FFFFFFFF0CFFFFFFFF1381DBF035B457374081DBF035B45739400DDC86AFA13D19C0143E2C0C
310
70BD20DA3F3E2C0C70BD20DA3F3E2C0C70BD20EABF14DAEDBFC5259FECBF0000000000000000DAEDBFC5259FDCBF0B0B0B0B0B110D06636F656467650CFFFFFFFF04FFFFFFFF0CFFFFFFFF0C2E0100000C410100000C6E0100000C9B0100000B0C0701000004000000000CFFFFFFFF110D067665727465780CFFFFFFFF04FF
310
FFFFFF0CFFFFFFFF0C9B01000004020000000C9C010000110E0873747261696768740D0563757276650CFFFFFFFF04FFFFFFFF0CFFFFFFFF1397F94E9E90A23A40C4A9F71FC16D39408D1E34C4ECE410C014BFC19200FB4ED9BF23D439CC3087EABFBFC19200FB4ED9BF0A062884CD07D353FDBF0A06BC6924811D3CFDBF11
310
0D06636F656467650CFFFFFFFF04FFFFFFFF0CFFFFFFFF0C9A0100000C300100000C6B0100000C9B0100000A0C6901000004000000000CFFFFFFFF110D06636F656467650CFFFFFFFF04FFFFFFFF0CFFFFFFFF0C300100000C9D0100000C320100000C720100000A0C6901000004000000000CFFFFFFFF110E087374726169
310
6768740D0563757276650CFFFFFFFF04FFFFFFFF0CFFFFFFFF13AD95996A70273A40AC95996A70273C40BEE6C7B961FD0BC014C93B7F669EA0E63FD03B7F669EA0E6BF4E77045A75E3BABC0A062FE651EE288BCBC00A062B4E38F8928CCB40110D06636F656467650CFFFFFFFF04FFFFFFFF0CFFFFFFFF0C5D0100000C3201
310
00000C9E0100000C9F0100000A0C3301000004000000000CFFFFFFFF110D04656467650CFFFFFFFF04FFFFFFFF0CFFFFFFFF0C3401000006FED8460E59921C400CA001000006822C9950CC1527400C320100000CA10100000B0707756E6B6E6F776E110D04666163650CA201000004FFFFFFFF0CFFFFFFFF0C0D0100000C33
310
0100000C060000000CFFFFFFFF0CA30100000A0B110D05706F696E740CFFFFFFFF04FFFFFFFF0CFFFFFFFF13F626103DC1F23840640423981F5C3D40BDE6C7B961FD0BC0110D06636F656467650CFFFFFFFF04FFFFFFFF0CFFFFFFFF0CA40100000C3E0100000C540100000C8F0100000A0C3A01000004000000000CFFFFFF
310
FF110D05706F696E740CFFFFFFFF04FFFFFFFF0CFFFFFFFF13F726103DC1F238407DEE739F818F1E40C9E6C7B961FD0BC0110D06636F656467650CFFFFFFFF04FFFFFFFF0CFFFFFFFF0C3F0100000CA40100000CA50100000CA60100000A0C3A01000004000000000CFFFFFFFF110D06636F656467650CFFFFFFFF04FFFFFF
310
FF0CFFFFFFFF0CA50100000CA70100000C410100000C790100000B0CA801000004000000000CFFFFFFFF110D04656467650CFFFFFFFF04FFFFFFFF0CFFFFFFFF0CA901000006401F716A01A1EBBF0C7A01000006FA88530B081D35400C780100000CAA0100000B0707756E6B6E6F776E110D067665727465780CFFFFFFFF04
310
FFFFFFFF0CFFFFFFFF0C4201000004010000000CAB010000110E0873747261696768740D0563757276650CFFFFFFFF04FFFFFFFF0CFFFFFFFF13374A7A6363BC3740692631EFF5592B400CDC86AFA17D1CC0141D339045A779E23F1D339045A779E2BF1D339045A779E23F0A06C59F498C34E4D0C00A06F944195DD9DFD040
310
110E0D4154545249425F435553544F4D0D066174747269620CFFFFFFFF04FFFFFFFF0CFFFFFFFF0CFFFFFFFF0C43010000071667656E657269635F7461675F6174747269625F6465660403000000040300000004FFFFFFFF071767656E657269635F7461675F6174747269625F646566200401000000040100000007013104
310
000000000402000000046B010000046F0100000400000000110D04666163650CAC01000004FFFFFFFF0CFFFFFFFF0CAD0100000CA80100000C060000000CFFFFFFFF0CAE0100000A0B110E05706C616E650D07737572666163650CFFFFFFFF04FFFFFFFF0CFFFFFFFF139D00AEE7E5ED3B400000000000403940E804703D2F
310
6F07C014CD3B7F669EA0E63F0000000000000000CD3B7F669EA0E6BF14CD3B7F669EA0E6BF0000000000000000CD3B7F669EA0E6BF0B0B0B0B0B110D06636F656467650CFFFFFFFF04FFFFFFFF0CFFFFFFFF0C850100000C450100000C980100000CAF0100000B0C5B01000004000000000CFFFFFFFF110D06766572746578
310
0CFFFFFFFF04FFFFFFFF0CFFFFFFFF0CAF01000004000000000CB0010000110E0873747261696768740D0563757276650CFFFFFFFF04FFFFFFFF0CFFFFFFFF13989999999999B93F0000000000C02040745AB31EADACEEBF140000000000000080000000000000F03F00000000000000000A067C630800308CC3C00A067C63
310
0800D083C340110D05706F696E740CFFFFFFFF04FFFFFFFF0CFFFFFFFF139D9999999999B93F0DDCB1D2DF0B1E40725AB31EADACEEBF110D06636F656467650CFFFFFFFF04FFFFFFFF0CFFFFFFFF0CB10100000CB20100000C4B0100000C840100000B0CB301000004000000000CFFFFFFFF110D04656467650CFFFFFFFF04
310
FFFFFFFF0CFFFFFFFF0C8901000006E98707F07921C73F0C860100000602F9BC1D8F28EC3F0C830100000CB40100000B0707756E6B6E6F776E110D06636F656467650CB501000004FFFFFFFF0CFFFFFFFF0C4C0100000C7F0100000CB10100000CB60100000A0C5B01000004000000000CFFFFFFFF110D067665727465780C
310
FFFFFFFF04FFFFFFFF0CFFFFFFFF0C8401000004010000000CB7010000110E0873747261696768740D0563757276650CFFFFFFFF04FFFFFFFF0CFFFFFFFF13809999999999B93F574D4D7478162240822A2BBB7898FBBF140000000000000000D7EDBFC5259FEC3FE0EDBFC5259FDCBF0A067F41F8C239DBC5C00A06BE7CF8
310
3F1DD1C540110D06636F656467650CB801000004FFFFFFFF0CFFFFFFFF0C540100000C4E0100000CB20100000CB90100000A0C5501000004000000000CFFFFFFFF110D067665727465780CFFFFFFFF04FFFFFFFF0CFFFFFFFF0C8401000004000000000CBA010000110E0873747261696768740D0563757276650CFFFFFFFF
310
04FFFFFFFF0CFFFFFFFF13AFA6263A3C0B3040666666666666144097CACA2E1EE61EC014DBEDBFC5259FECBF0000000000000000D0EDBFC5259FDC3F0A067D73CE7D33CDC5C00A06B94A228523DFC540110E0D4154545249425F435553544F4D0D066174747269620CFFFFFFFF04FFFFFFFF0CFFFFFFFF0CFFFFFFFF0C5101
310
0000071667656E657269635F7461675F6174747269625F6465660403000000040300000004FFFFFFFF071767656E657269635F7461675F6174747269625F64656620040100000004020000000702313104000000000402000000046C010000046F0100000400000000110D04666163650CBB01000004FFFFFFFF0CFFFFFFFF
310
0C430100000C550100000C060000000CFFFFFFFF0CBC0100000A0B110E05706C616E650D07737572666163650CFFFFFFFF04FFFFFFFF0CFFFFFFFF13F9913C282FA1194081DBF035B49739400CDC86AFA13D18C014472C0C70BD20DABF352C0C70BD20DA3F3F2C0C70BD20EABF14D7EDBFC5259FECBF0000000000000000E0
310
EDBFC5259FDC3F0B0B0B0B0B110E0873747261696768740D0563757276650CFFFFFFFF04FFFFFFFF0CFFFFFFFF13CD6C670805733740936B0B39394722400DDC86AFA1FD13C0141D339045A779E2BF1D339045A779E23F1D339045A779E2BF0A0625EA1822F9DFD0C00A06CEB2726F2BE6D040110D04656467650CFFFFFFFF
310
04FFFFFFFF0CFFFFFFFF0CBD01000006ED68D5FCDB820DC00C560100000621FD54E228BAF8BF0C540100000CBE0100000B0707756E6B6E6F776E110D05706F696E740CFFFFFFFF04FFFFFFFF0CFFFFFFFF13FC88530B087D3B406666666666661440725AB31EADACEEBF110E0D4154545249425F435553544F4D0D06617474
310
7269620CFFFFFFFF04FFFFFFFF0CFFFFFFFF0CFFFFFFFF0C5A010000071667656E657269635F7461675F6174747269625F6465660403000000040300000004FFFFFFFF071767656E657269635F7461675F6174747269625F64656620040100000004020000000702313404000000000401000000046D010000040000000011
310
0D04666163650CBF01000004FFFFFFFF0CFFFFFFFF0CC00100000CC10100000C060000000CFFFFFFFF0CC20100000A0B110D046C6F6F700CFFFFFFFF04FFFFFFFF0CFFFFFFFF0CFFFFFFFF0CC30100000C5A010000110E05706C616E650D07737572666163650CFFFFFFFF04FFFFFFFF0CFFFFFFFF13000000000000384000
310
00000000003A4000000000000014C0140000000000000000000000000000F03F000000000000008014000000000000F0BF000000000000000000000000000000000B0B0B0B0B110D04656467650CFFFFFFFF04FFFFFFFF0CFFFFFFFF0CC401000006B466B8F8D7FB1BC00C5E010000063ACD99CB30C504C00C610100000CC5
310
0100000B0707756E6B6E6F776E110D05706F696E740CFFFFFFFF04FFFFFFFF0CFFFFFFFF132664BF0BFB341440600423981F5C3D40CDE6C7B961FD0BC0110D06636F656467650CFFFFFFFF04FFFFFFFF0CFFFFFFFF0CC60100000C610100000CC70100000CC80100000A0C6301000004000000000CFFFFFFFF110D06636F65
310
6467650CFFFFFFFF04FFFFFFFF0CFFFFFFFF0C620100000CC60100000C7F0100000CAF0100000A0C6301000004000000000CFFFFFFFF110E0873747261696768740D0563757276650CFFFFFFFF04FFFFFFFF0CFFFFFFFF1323D71672720E1940CB6C6708055337400CDC86AFA17D1CC0141B339045A779E2BF1E339045A779
310
E23F1B339045A779E23F0A06D3F74AF50AE7D0C00A06505E56FD06E0D040110D06636F656467650CFFFFFFFF04FFFFFFFF0CFFFFFFFF0CC90100000C6E0100000CA70100000CCA0100000A0C6901000004000000000CFFFFFFFF110D04656467650CFFFFFFFF04FFFFFFFF0CFFFFFFFF0CA901000006B666B8F8D7FB1BC00C
310
6C010000065BCD99CB30C504C00C6E0100000CCB0100000B0707756E6B6E6F776E110D05706F696E740CFFFFFFFF04FFFFFFFF0CFFFFFFFF13630423981F5C3B40F626103DC1F23A40BFE6C7B961FD0BC0110D06636F656467650CFFFFFFFF04FFFFFFFF0CFFFFFFFF0C6F0100000CC90100000CCC0100000CCD0100000A0C
310
6901000004000000000CFFFFFFFF110D06636F656467650CFFFFFFFF04FFFFFFFF0CFFFFFFFF0CCC0100000CC70100000C710100000C9F0100000B0CCE01000004000000000CFFFFFFFF110D04656467650CFFFFFFFF04FFFFFFFF0CFFFFFFFF0CC401000006B88F38B580D0F3BF0CA001000006FA88530B08BD37400C9E01
310
00000CCF0100000A0707756E6B6E6F776E110D067665727465780CFFFFFFFF04FFFFFFFF0CFFFFFFFF0C7201000004010000000CD0010000110E0873747261696768740D0563757276650CFFFFFFFF04FFFFFFFF0CFFFFFFFF13CA6C670805D33440384A7A63633C39400CDC86AFA17D1EC0141C339045A779E23F1C339045
310
A779E23F1C339045A779E23F0A0622275588D3E6D0C00A06E8D2371633DFD040110E0D4154545249425F435553544F4D0D066174747269620CFFFFFFFF04FFFFFFFF0CFFFFFFFF0CFFFFFFFF0C73010000071667656E657269635F7461675F6174747269625F6465660403000000040300000004FFFFFFFF071767656E6572
310
69635F7461675F6174747269625F646566200401000000040100000007013204000000000402000000046B010000046F0100000400000000110E05706C616E650D07737572666163650CFFFFFFFF04FFFFFFFF0CFFFFFFFF130000000000001E409D00AEE7E5ED3D40E804703D2F6F07C0140000000000000000CD3B7F669E
310
A0E63FCD3B7F669EA0E6BF14000000000000F0BF000000000000000000000000000000000B0B0B0B0B110D06636F656467650CFFFFFFFF04FFFFFFFF0CFFFFFFFF0C770100000C750100000CD10100000CD20100000A0C3A01000004000000000CFFFFFFFF110D06636F656467650CFFFFFFFF04FFFFFFFF0CFFFFFFFF0CD3
310
0100000C780100000C770100000CA60100000B0CA801000004000000000CFFFFFFFF110D04656467650CFFFFFFFF04FFFFFFFF0CFFFFFFFF0C7A01000006529024FB8C3D2B400CD401000006F04A0FDEFE862F400CA50100000CD50100000B0707756E6B6E6F776E110D06636F656467650CFFFFFFFF04FFFFFFFF0CFFFFFF
310
FF0C780100000CD30100000C9A0100000CCA0100000B0CA801000004000000000CFFFFFFFF110D046C6F6F700CFFFFFFFF04FFFFFFFF0CFFFFFFFF0CFFFFFFFF0CA50100000C7D010000110D067665727465780CFFFFFFFF04FFFFFFFF0CFFFFFFFF0C7901000004000000000CD6010000110E0873747261696768740D0563
310
757276650CFFFFFFFF04FFFFFFFF0CFFFFFFFF136666666666E63D400000000000A03C40905AB31EADACEEBF140000000000000000000000000000F0BF00000000000000800A067C630800B079C3C00A067C6308005096C340110D05706F696E740CFFFFFFFF04FFFFFFFF0CFFFFFFFF136566666666E63D4018DCB1D2DF0B
310
1E40805AB31EADACEEBF110E0D4154545249425F435553544F4D0D066174747269620CFFFFFFFF04FFFFFFFF0CFFFFFFFF0CFFFFFFFF0C7D010000071667656E657269635F7461675F6174747269625F6465660403000000040300000004FFFFFFFF071767656E657269635F7461675F6174747269625F6465662004010000
310
000401000000070135040000000004020000000469010000046F0100000400000000110D04666163650CD701000004FFFFFFFF0CFFFFFFFF0C730100000CCE0100000C060000000CFFFFFFFF0CD80100000A0B110E05706C616E650D07737572666163650CFFFFFFFF04FFFFFFFF0CFFFFFFFF136666666666E63D40000000
310
0000004040000000000000000014000000000000F03F00000000000000800000000000000000140000000000000080000000000000F0BF00000000000000800B0B0B0B0B110D04656467650CFFFFFFFF04FFFFFFFF0CFFFFFFFF0C8001000006529024FB8C3D2B400CD901000006EC4A0FDEFE862F400C7F0100000CDA0100
310
000B0707756E6B6E6F776E110D05706F696E740CFFFFFFFF04FFFFFFFF0CFFFFFFFF13A09999999999B93FFA88530B087D3D40745AB31EADACEEBF110D06636F656467650CFFFFFFFF04FFFFFFFF0CFFFFFFFF0CDB0100000C830100000C850100000CB60100000B0CB301000004000000000CFFFFFFFF110D06636F656467
310
650CFFFFFFFF04FFFFFFFF0CFFFFFFFF0C830100000CD10100000C880100000CB90100000B0CB301000004000000000CFFFFFFFF110D046C6F6F700CFFFFFFFF04FFFFFFFF0CFFFFFFFF0CDC0100000CDB0100000CDD010000110E0873747261696768740D0563757276650CFFFFFFFF04FFFFFFFF0CFFFFFFFF13D8AFADC5
310
6B1CE73FDDB5B5788DE31340000000000000E0BC14D43B7F669EA0E6BFC43B7F669EA0E63F00000000000000000A06CB8707F07921C73F0A0602F9BC1D8F28EC3F110E0D4154545249425F435553544F4D0D066174747269620CFFFFFFFF04FFFFFFFF0CFFFFFFFF0CFFFFFFFF0C850100000711736B657463685F61747472
310
69625F646566040100000004010000000403000000070D34333820302030203020312031110D04656467650CFFFFFFFF04FFFFFFFF0CFFFFFFFF0C86010000068CFAFA744B9F18C00CD901000006A2BE3EDDD2A733400CB10100000CDE0100000B0707756E6B6E6F776E110D05706F696E740CFFFFFFFF04FFFFFFFF0CFFFF
310
FFFF13929999999999B93F7405058BB46016400000000000000000110E0D4154545249425F435553544F4D0D066174747269620CFFFFFFFF04FFFFFFFF0CFFFFFFFF0CFFFFFFFF0C880100000711736B657463685F6174747269625F646566040100000004010000000403000000070D34333520302030203020312031110D
310
04656467650CFFFFFFFF04FFFFFFFF0CFFFFFFFF0CBD0100000688FAFA744B9F1BC00C8901000006A3BE3EDDD2E735400CB20100000CDF0100000B0707756E6B6E6F776E110D05706F696E740CFFFFFFFF04FFFFFFFF0CFFFFFFFF13A02B2858A405E33F6666666666661440555555555555A5BC110E0D4154545249425F43
310
5553544F4D0D066174747269620CFFFFFFFF04FFFFFFFF0CFFFFFFFF0CFFFFFFFF0C8C010000071667656E657269635F7461675F6174747269625F6465660403000000040300000004FFFFFFFF071767656E657269635F7461675F6174747269625F6465662004010000000401000000070136040000000004020000000469
310
010000046F0100000400000000110E05706C616E650D07737572666163650CFFFFFFFF04FFFFFFFF0CFFFFFFFF130000000000003E4066666666666614400000000000000000140000000000000000000000000000F0BF000000000000000014000000000000F0BF000000000000008000000000000000800B0B0B0B0B110D
310
067665727465780CFFFFFFFF04FFFFFFFF0CFFFFFFFF0CD201000004010000000CE0010000110E0873747261696768740D0563757276650CFFFFFFFF04FFFFFFFF0CFFFFFFFF13BABF3F2C2A1B3A40666666666666144049F7F7874565FABF14D8EDBFC5259FECBF0000000000000080DEEDBFC5259FDCBF0A06FBBEC98093
310
C7C5C00A0640FF2682C3E4C540110E0D4154545249425F435553544F4D0D066174747269620CFFFFFFFF04FFFFFFFF0CFFFFFFFF0CFFFFFFFF0C92010000071667656E657269635F7461675F6174747269625F6465660403000000040300000004FFFFFFFF071767656E657269635F7461675F6174747269625F6465662004
310
0100000004020000000702313304000000000401000000046D0100000400000000110D04666163650CE101000004FFFFFFFF0CFFFFFFFF0CE20100000CE30100000C060000000CFFFFFFFF0CE40100000A0B110D046C6F6F700CFFFFFFFF04FFFFFFFF0CFFFFFFFF0CFFFFFFFF0CE50100000C92010000110E05706C616E65
310
0D07737572666163650CFFFFFFFF04FFFFFFFF0CFFFFFFFF130000000000003840010000000000264000000000000014C014000000000000F03F00000000000000000000000000000000140000000000000000000000000000F03F00000000000000000B0B0B0B0B110D06636F656467650CFFFFFFFF04FFFFFFFF0CFFFFFF
310
FF0CE60100000CE70100000CE80100000CE90100000A0C9301000004000000000CFFFFFFFF110D067665727465780CFFFFFFFF04FFFFFFFF0CFFFFFFFF0C9F01000004000000000CEA010000110E0873747261696768740D0563757276650CFFFFFFFF04FFFFFFFF0CFFFFFFFF13CC4C62DEEB331A40374A7A6363DC3B400D
310
DC86AFA1FD13C0141E339045A779E23F1B339045A779E2BF1B339045A779E2BF0A064A4B2D1A10DED0C00A06987DF85C4AE7D040110D06636F656467650CFFFFFFFF04FFFFFFFF0CFFFFFFFF0C980100000C970100000CDB0100000CEB0100000A0C6301000004000000000CFFFFFFFF110D06636F656467650CFFFFFFFF04
310
FFFFFFFF0CFFFFFFFF0C9E0100000CEC0100000C970100000CC80100000B0CCE01000004000000000CFFFFFFFF110D04656467650CFFFFFFFF04FFFFFFFF0CFFFFFFFF0CED01000006F668D5FCDB820DC00CC4010000061BFD54E228BAF8BF0CC70100000CEE0100000B0707756E6B6E6F776E110D06636F656467650CFFFF
310
FFFF04FFFFFFFF0CFFFFFFFF0C9D0100000C9A0100000CEF0100000CF00100000A0C6901000004000000000CFFFFFFFF110D04656467650CFFFFFFFF04FFFFFFFF0CFFFFFFFF0CF1010000061E681AC251DA0EC00CA90100000663FBDE6C1469FBBF0CA70100000CF20100000B0707756E6B6E6F776E110E08737472616967
310
68740D0563757276650CFFFFFFFF04FFFFFFFF0CFFFFFFFF13374A7A6363DC3940CA6C6708057339400CDC86AFA1FD13C0141C339045A779E2BF1C339045A779E2BF1C339045A779E2BF0A060B8E04CEEDDED0C00A06C1AE5F84F6E7D040110D06636F656467650CFFFFFFFF04FFFFFFFF0CFFFFFFFF0CEC0100000C9E0100
310
000C9D0100000CCD0100000B0CCE01000004000000000CFFFFFFFF110D04656467650CFFFFFFFF04FFFFFFFF0CFFFFFFFF0CA00100000668CEFFF655422E400CF3010000068244F5ECE34531400CCC0100000CF40100000B0707756E6B6E6F776E110D046C6F6F700CFFFFFFFF04FFFFFFFF0CFFFFFFFF0CFFFFFFFF0CCC01
310
00000CAD010000110E0873747261696768740D0563757276650CFFFFFFFF04FFFFFFFF0CFFFFFFFF130000000000000E406666666666E63F40815AB31EADACEEBF14000000000000F0BF000000000000000000000000000000000A067C6308002086C3C00A067C630800E089C340110D05706F696E740CFFFFFFFF04FFFFFF
310
FF0CFFFFFFFF13FA88530B087D3B406566666666E63F40825AB31EADACEEBF110D06636F656467650CFFFFFFFF04FFFFFFFF0CFFFFFFFF0CB20100000CF50100000CA40100000CD20100000B0CB301000004000000000CFFFFFFFF110D04656467650CFFFFFFFF04FFFFFFFF0CFFFFFFFF0CD401000006B2F7BC1D8F28ECBF
310
0CBD01000006118307F07921C7BF0CD10100000CF60100000B0707756E6B6E6F776E110D06636F656467650CF701000004FFFFFFFF0CFFFFFFFF0CA70100000CA50100000CF50100000CF80100000A0CA801000004000000000CFFFFFFFF110D067665727465780CFFFFFFFF04FFFFFFFF0CFFFFFFFF0CD201000004000000
310
000CF9010000110E0873747261696768740D0563757276650CFFFFFFFF04FFFFFFFF0CFFFFFFFF136666666666E63D40150D8DA0A2B13340679797FBEA321CC0140000000000000080DBEDBFC5259FECBFD4EDBFC5259FDC3F0A068E1A5D2529CBC5C00A06A9A393DD2DE1C540110D05706F696E740CFFFFFFFF04FFFFFFFF
310
0CFFFFFFFF136566666666E63D40FA88530B087D3D40805AB31EADACEEBF110E0D4154545249425F435553544F4D0D066174747269620CFFFFFFFF04FFFFFFFF0CFFFFFFFF0CFFFFFFFF0CAD010000071667656E657269635F7461675F6174747269625F6465660403000000040300000004FFFFFFFF071767656E65726963
310
5F7461675F6174747269625F6465662004010000000401000000070134040000000004020000000469010000046F0100000400000000110E05706C616E650D07737572666163650CFFFFFFFF04FFFFFFFF0CFFFFFFFF1300000000000000006666666666E63F400000000000000000140000000000000000000000000000F0
310
3F000000000000000014000000000000F03F000000000000008000000000000000800B0B0B0B0B110D067665727465780CFFFFFFFF04FFFFFFFF0CFFFFFFFF0CEB01000004000000000CFA010000110E0873747261696768740D0563757276650CFFFFFFFF04FFFFFFFF0CFFFFFFFF13A09999999999B93FEBF2725F5D4E31
310
40669797FBEA321CC0140000000000000080DBEDBFC5259FEC3FD0EDBFC5259FDC3F0A064102A927D8DFC5C00A06F6BB47DB7ECCC540110D06636F656467650CFFFFFFFF04FFFFFFFF0CFFFFFFFF0CFB0100000CB10100000CC60100000CEB0100000B0CB301000004000000000CFFFFFFFF110D046C6F6F700CFFFFFFFF04
310
FFFFFFFF0CFFFFFFFF0CFFFFFFFF0CFC0100000CDD010000110D04666163650CFD01000004FFFFFFFF0CFFFFFFFF0CFE0100000CB30100000C060000000CFFFFFFFF0CFF0100000B0B110E0873747261696768740D0563757276650CFFFFFFFF04FFFFFFFF0CFFFFFFFF13809999999999B93F000000000080274000000000
310
00000000140000000000000000000000000000F03F00000000000000000A068CFAFA744B9F18C00A06A2BE3EDDD2A73340110E0873747261696768740D0563757276650CFFFFFFFF04FFFFFFFF0CFFFFFFFF1300000000008036406766666666661440000000000000000014000000000000F0BF0000000000000000000000
310
00000000000A0688FAFA744B9F1BC00A06A3BE3EDDD2E73540110D05706F696E740CFFFFFFFF04FFFFFFFF0CFFFFFFFF13A2BE3EDDD2673D4065666666666614400000000000000000110E0D4154545249425F435553544F4D0D066174747269620CFFFFFFFF04FFFFFFFF0CFFFFFFFF0CFFFFFFFF0CC0010000071667656E
310
657269635F7461675F6174747269625F6465660403000000040300000004FFFFFFFF071767656E657269635F7461675F6174747269625F64656620040100000004020000000702313204000000000401000000046D0100000400000000110D04666163650C0002000004FFFFFFFF0CFFFFFFFF0C010200000C020200000C06
310
0000000CFFFFFFFF0C030200000A0B110D046C6F6F700CFFFFFFFF04FFFFFFFF0CFFFFFFFF0CFFFFFFFF0C040200000CC0010000110E05706C616E650D07737572666163650CFFFFFFFF04FFFFFFFF0CFFFFFFFF130400000000001840010000000000264000000000000014C0140000000000000000000000000000F0BF00
310
0000000000000014000000000000F03F000000000000000000000000000000000B0B0B0B0B110D06636F656467650CFFFFFFFF04FFFFFFFF0CFFFFFFFF0C050200000C060200000C070200000C080200000A0CC101000004000000000CFFFFFFFF110D06636F656467650CFFFFFFFF04FFFFFFFF0CFFFFFFFF0C090200000C
310
C30100000C060200000C0A0200000B0C9301000004000000000CFFFFFFFF110D06636F656467650CFFFFFFFF04FFFFFFFF0CFFFFFFFF0CC30100000C090200000C0B0200000C0C0200000A0C9301000004000000000CFFFFFFFF110D06636F656467650CFFFFFFFF04FFFFFFFF0CFFFFFFFF0C0D0200000C0E0200000CC301
310
00000CE90100000B0C0F02000004000000000CFFFFFFFF110D04656467650CFFFFFFFF04FFFFFFFF0CFFFFFFFF0C100200000600000000008029C00C1102000006FDFFFFFFFFFF14400CE80100000C120200000B0707756E6B6E6F776E110D05706F696E740CFFFFFFFF04FFFFFFFF0CFFFFFFFF1324B863A5BF1704406566
310
666666E63F40845AB31EADACEEBF110D04656467650CFFFFFFFF04FFFFFFFF0CFFFFFFFF0CD901000006B7F7BC1D8F28ECBF0CED01000006D68207F07921C7BF0CDB0100000C130200000B0707756E6B6E6F776E110D06636F656467650C1402000004FFFFFFFF0CFFFFFFFF0CC70100000CCC0100000CFB0100000C150200
310
000A0CCE01000004000000000CFFFFFFFF110D067665727465780CFFFFFFFF04FFFFFFFF0CFFFFFFFF0CEB01000004010000000C16020000110E0873747261696768740D0563757276650CFFFFFFFF04FFFFFFFF0CFFFFFFFF132C02029EAE260F406666666666E63F4051F7F7874565FABF14D7EDBFC5259FEC3F00000000
310
00000000E0EDBFC5259FDCBF0A06719DEBC058D8C5C00A06CC200542FED3C540110D06636F656467650CFFFFFFFF04FFFFFFFF0CFFFFFFFF0CF50100000CFB0100000CC90100000CF00100000B0CB301000004000000000CFFFFFFFF110D04656467650CFFFFFFFF04FFFFFFFF0CFFFFFFFF0CF301000006708507F07921C7
310
3F0CF10100000658F8BC1D8F28EC3F0CEF0100000C170200000B0707756E6B6E6F776E110D067665727465780CFFFFFFFF04FFFFFFFF0CFFFFFFFF0CF001000004010000000C18020000110E0873747261696768740D0563757276650CFFFFFFFF04FFFFFFFF0CFFFFFFFF136666666666E63D405359D9C5C3F43B407B2A2B
310
BB7898FBBF140000000000000000DAEDBFC5259FECBFDAEDBFC5259FDCBF0A06CA59ACC08AC6C5C00A066E644442CCE5C540110D067665727465780CFFFFFFFF04FFFFFFFF0CFFFFFFFF0CF001000004000000000C19020000110E0873747261696768740D0563757276650CFFFFFFFF04FFFFFFFF0CFFFFFFFF13A7B2B28B
310
87E92B406666666666E63F409ECACA2E1EE61EC014DAEDBFC5259FEC3F0000000000000080DAEDBFC5259FDC3F0A06F351F0BDF8DDC5C00A06456C00455ECEC540110D06636F656467650CFFFFFFFF04FFFFFFFF0CFFFFFFFF0CD10100000CEF0100000CD30100000CF80100000B0CB301000004000000000CFFFFFFFF110E
310
0873747261696768740D0563757276650CFFFFFFFF04FFFFFFFF0CFFFFFFFF138892D2A11C473D40F9B5B5788DE31340000000000000E0BC14C73B7F669EA0E6BFD13B7F669EA0E6BF00000000000000000A06D0F7BC1D8F28ECBF0A06118307F07921C7BF110E0D4154545249425F435553544F4D0D066174747269620CFF
310
FFFFFF04FFFFFFFF0CFFFFFFFF0CFFFFFFFF0CD30100000711736B657463685F6174747269625F646566040100000004010000000403000000070D34333620302030203020312031110D04656467650CFFFFFFFF04FFFFFFFF0CFFFFFFFF0CF10100000688FAFA744B9F18C00CD401000006A3BE3EDDD2A733400CF5010000
310
0C1A0200000B0707756E6B6E6F776E110D05706F696E740CFFFFFFFF04FFFFFFFF0CFFFFFFFF136566666666E63D407405058BB4601640555555555555A5BC110D05706F696E740CFFFFFFFF04FFFFFFFF0CFFFFFFFF13889999999999B93FA2BE3EDDD2673F40555555555555A53C110D06636F656467650CFFFFFFFF04FF
310
FFFFFF0CFFFFFFFF0CEF0100000CDB0100000CEC0100000C150200000B0CB301000004000000000CFFFFFFFF110D06636F656467650CFFFFFFFF04FFFFFFFF0CFFFFFFFF0C1B0200000C1C0200000C1D0200000C1E0200000A0CDC01000004000000000CFFFFFFFF110E0D4154545249425F435553544F4D0D066174747269
310
620CFFFFFFFF04FFFFFFFF0C1F0200000CFFFFFFFF0CDD010000071646504D5F747261636B65645F6174747269625F64656604010000000462140000110D04666163650C2002000004FFFFFFFF0CFFFFFFFF0C210200000C220200000C060000000CFFFFFFFF0C230200000B0B110E05706C616E650D07737572666163650C
310
FFFFFFFF04FFFFFFFF0CFFFFFFFF130000000000002E40000000000080324000000000000000001400000000000000000000000000000000000000000000F03F14000000000000F03F000000000000000000000000000000000B0B0B0B0B110E0D4154545249425F435553544F4D0D066174747269620CFFFFFFFF04FFFFFF
310
FF0CFFFFFFFF0CFFFFFFFF0CE2010000071667656E657269635F7461675F6174747269625F6465660403000000040300000004FFFFFFFF071767656E657269635F7461675F6174747269625F64656620040100000004020000000702313104000000000401000000046D0100000400000000110D04666163650C2402000004
310
FFFFFFFF0CFFFFFFFF0C250200000C260200000C060000000CFFFFFFFF0C270200000A0B110D046C6F6F700CFFFFFFFF04FFFFFFFF0CFFFFFFFF0CFFFFFFFF0C280200000CE2010000110E05706C616E650D07737572666163650CFFFFFFFF04FFFFFFFF0CFFFFFFFF1303000000000018400000000000003A400000000000
310
0014C014000000000000F0BF00000000000000000000000000000000140000000000000000000000000000F0BF00000000000000000B0B0B0B0B110D06636F656467650CFFFFFFFF04FFFFFFFF0CFFFFFFFF0C290200000C2A0200000C2B0200000C2C0200000A0CE301000004000000000CFFFFFFFF110D06636F65646765
310
0CFFFFFFFF04FFFFFFFF0CFFFFFFFF0C2D0200000CE50100000C2A0200000C2E0200000B0CC101000004000000000CFFFFFFFF110D06636F656467650CFFFFFFFF04FFFFFFFF0CFFFFFFFF0CE50100000C2D0200000CE60100000C0A0200000A0CC101000004000000000CFFFFFFFF110D06636F656467650CFFFFFFFF04FF
310
FFFFFF0CFFFFFFFF0C2F0200000C300200000CE50100000C080200000B0C3102000004000000000CFFFFFFFF110D04656467650CFFFFFFFF04FFFFFFFF0CFFFFFFFF0C3202000006FFFFFFFFFFBF25C00C100200000600000000008010400C070200000C330200000B0707756E6B6E6F776E110D06636F656467650CFFFFFF
310
FF04FFFFFFFF0CFFFFFFFF0CE70100000CE60100000C340200000C350200000B0C9301000004000000000CFFFFFFFF110D04656467650CFFFFFFFF04FFFFFFFF0CFFFFFFFF0C100200000600000000000000000C3602000006000000000000E03F0C060200000C370200000B0707756E6B6E6F776E110D06636F656467650C
310
FFFFFFFF04FFFFFFFF0CFFFFFFFF0C380200000C280200000CE70100000C0C0200000B0C0202000004000000000CFFFFFFFF110D04656467650CFFFFFFFF04FFFFFFFF0CFFFFFFFF0C110200000600000000000000000C3902000006000000000000E03F0C0B0200000C3A0200000B0707756E6B6E6F776E110D06636F6564
310
67650CFFFFFFFF04FFFFFFFF0CFFFFFFFF0C3B0200000CE80100000C3C0200000C3D0200000B0C0F02000004000000000CFFFFFFFF110D06636F656467650CFFFFFFFF04FFFFFFFF0CFFFFFFFF0CE80100000C3B0200000C3E0200000C3F0200000B0C0F02000004000000000CFFFFFFFF110D046C6F6F700CFFFFFFFF04FF
310
FFFFFF0CFFFFFFFF0CFFFFFFFF0C0D0200000C40020000110D067665727465780CFFFFFFFF04FFFFFFFF0CFFFFFFFF0C0802000004010000000C41020000110D067665727465780CFFFFFFFF04FFFFFFFF0CFFFFFFFF0C4202000004000000000C43020000110E0873747261696768740D0563757276650CFFFFFFFF04FFFF
310
FFFF0CFFFFFFFF1300000000008026400000000000003A4000000000000014C014000000000000F0BF000000000000000000000000000000000A06DA0F1272AF0F38C00A06DA0F1272AF8F3040110E0873747261696768740D0563757276650CFFFFFFFF04FFFFFFFF0CFFFFFFFF13F0AEADC56B1CE73F4049E9508E034040
310
000000000000E0BC14C43B7F669EA0E63FD43B7F669EA0E63F00000000000000800A06B8F7BC1D8F28ECBF0A06D68207F07921C7BF110E0D4154545249425F435553544F4D0D066174747269620CFFFFFFFF04FFFFFFFF0CFFFFFFFF0CFFFFFFFF0CEC0100000711736B657463685F6174747269625F646566040100000004
310
010000000403000000070D34333720302030203020312031110D04656467650CFFFFFFFF04FFFFFFFF0CFFFFFFFF0CED010000068CFAFA744B9F1BC00CF301000006A2BE3EDDD2E735400CFB0100000C440200000B0707756E6B6E6F776E110D05706F696E740CFFFFFFFF04FFFFFFFF0CFFFFFFFF139E2B2858A405E33F65
310
66666666E63F40555555555555A53C110E0873747261696768740D0563757276650CFFFFFFFF04FFFFFFFF0CFFFFFFFF138492D2A11C473D404249E9508E034040000000000000000014CD3B7F669EA0E63FCD3B7F669EA0E6BF00000000000000000A06708507F07921C73F0A0658F8BC1D8F28EC3F110D05706F696E740C
310
FFFFFFFF04FFFFFFFF0CFFFFFFFF136566666666E63D40A2BE3EDDD2673F400000000000000000110D05706F696E740CFFFFFFFF04FFFFFFFF0CFFFFFFFF13A2BE3EDDD2673D406566666666E63F400000000000000000110E0873747261696768740D0563757276650CFFFFFFFF04FFFFFFFF0CFFFFFFFF136666666666E6
310
3D4000000000004039400000000000000000140000000000000080000000000000F0BF00000000000000000A0688FAFA744B9F18C00A06A3BE3EDDD2A73340110D06636F656467650C4502000004FFFFFFFF0CFFFFFFFF0C460200000CFC0100000C470200000C480200000B0CDC01000004000000000CFFFFFFFF110D0663
310
6F656467650C4902000004FFFFFFFF0CFFFFFFFF0CFC0100000C4A0200000C4B0200000C4C0200000B0CDC01000004000000000CFFFFFFFF110D06636F656467650CFFFFFFFF04FFFFFFFF0CFFFFFFFF0C4D0200000C4E0200000CFC0100000C1E0200000B0C4F02000004000000000CFFFFFFFF110D04656467650CFFFFFF
310
FF04FFFFFFFF0CFFFFFFFF0C50020000063E8E91D02F24EBBF0C5102000006EC29B524F732CBBF0CFC0100000C520200000B0707756E6B6E6F776E110E0D4154545249425F435553544F4D0D066174747269620CFFFFFFFF04FFFFFFFF0CFFFFFFFF0CFD0100000CDD010000071667656E657269635F7461675F6174747269
310
625F6465660403000000040300000004FFFFFFFF071767656E657269635F7461675F6174747269625F64656620040100000004010000000701310400000000040100000004690100000400000000110E0D4154545249425F435553544F4D0D066174747269620CFFFFFFFF04FFFFFFFF0CFFFFFFFF0CFFFFFFFF0CFE010000
310
071667656E657269635F7461675F6174747269625F6465660403000000040300000004FFFFFFFF071767656E657269635F7461675F6174747269625F64656620040100000004010000000701340400000000040100000004690100000400000000110D04666163650C5302000004FFFFFFFF0CFFFFFFFF0C540200000C5502
310
00000C060000000CFFFFFFFF0C560200000B0B110D046C6F6F700CFFFFFFFF04FFFFFFFF0CFFFFFFFF0CFFFFFFFF0C570200000CFE010000110E05706C616E650D07737572666163650CFFFFFFFF04FFFFFFFF0CFFFFFFFF130000000000000000000000000000404000000000000000001400000000000000000000000000
310
00F03F000000000000000014000000000000F03F000000000000008000000000000000800B0B0B0B0B110E0D4154545249425F435553544F4D0D066174747269620CFFFFFFFF04FFFFFFFF0CFFFFFFFF0CFFFFFFFF0C01020000071667656E657269635F7461675F6174747269625F6465660403000000040300000004FFFF
310
FFFF071767656E657269635F7461675F6174747269625F646566200401000000040100000007013204000000000401000000046D0100000400000000110D04666163650C5802000004FFFFFFFF0CFFFFFFFF0C590200000C5A0200000C060000000CFFFFFFFF0C5B0200000B0B110D046C6F6F700CFFFFFFFF04FFFFFFFF0C
310
FFFFFFFF0CFFFFFFFF0C5C0200000C01020000110E05706C616E650D07737572666163650CFFFFFFFF04FFFFFFFF0CFFFFFFFF130000000000002E40000000000080324000000000000012C01400000000000000000000000000000000000000000000F03F14000000000000F03F000000000000000000000000000000000B
310
0B0B0B0B110D06636F656467650CFFFFFFFF04FFFFFFFF0CFFFFFFFF0C0B0200000C5D0200000C5E0200000C420200000A0C0202000004000000000CFFFFFFFF110D06636F656467650CFFFFFFFF04FFFFFFFF0CFFFFFFFF0C5F0200000C040200000C5D0200000C600200000B0CE301000004000000000CFFFFFFFF110D06
310
636F656467650CFFFFFFFF04FFFFFFFF0CFFFFFFFF0C040200000C5F0200000C050200000C2E0200000A0CE301000004000000000CFFFFFFFF110D06636F656467650CFFFFFFFF04FFFFFFFF0CFFFFFFFF0C610200000C620200000C040200000C2C0200000B0C6302000004000000000CFFFFFFFF110D04656467650CFFFF
310
FFFF04FFFFFFFF0CFFFFFFFF0C6402000006FEFFFFFFFF7F29C00C320200000600000000000015400C2B0200000C650200000B0707756E6B6E6F776E110D06636F656467650CFFFFFFFF04FFFFFFFF0CFFFFFFFF0C060200000C050200000C660200000C670200000B0CC101000004000000000CFFFFFFFF110D0465646765
310
0CFFFFFFFF04FFFFFFFF0CFFFFFFFF0C320200000600000000000000000C6802000006000000000000E03F0C2A0200000C690200000B0707756E6B6E6F776E110D06636F656467650CFFFFFFFF04FFFFFFFF0CFFFFFFFF0C6A0200000C070200000C6B0200000C6C0200000B0C3102000004000000000CFFFFFFFF110D0663
310
6F656467650CFFFFFFFF04FFFFFFFF0CFFFFFFFF0C070200000C6A0200000C6D0200000C6E0200000B0C3102000004000000000CFFFFFFFF110D046C6F6F700CFFFFFFFF04FFFFFFFF0CFFFFFFFF0CFFFFFFFF0C2F0200000C6F020000110D067665727465780CFFFFFFFF04FFFFFFFF0CFFFFFFFF0C2C0200000401000000
310
0C70020000110E0873747261696768740D0563757276650CFFFFFFFF04FFFFFFFF0CFFFFFFFF1300000000000038400000000000E0354000000000000014C0140000000000000000000000000000F03F00000000000000000A06DA0F1272AF2F36C00A06B41F24E45EDF2E40110D06636F656467650CFFFFFFFF04FFFFFFFF
310
0CFFFFFFFF0C660200000C5C0200000C090200000C350200000A0C2602000004000000000CFFFFFFFF110D04656467650CFFFFFFFF04FFFFFFFF0CFFFFFFFF0C360200000600000000008029C00C3902000006FDFFFFFFFFFF14400C090200000C710200000B0707756E6B6E6F776E110D067665727465780CFFFFFFFF04FF
310
FFFFFF0CFFFFFFFF0C0A02000004010000000C72020000110E0873747261696768740D0563757276650CFFFFFFFF04FFFFFFFF0CFFFFFFFF1300000000000038400000000000003A4000000000000014C01400000000000000000000000000000000000000000000F03F0B0B110D06636F656467650CFFFFFFFF04FFFFFFFF
310
0CFFFFFFFF0C5D0200000C0B0200000C5C0200000C730200000B0C0202000004000000000CFFFFFFFF110D067665727465780CFFFFFFFF04FFFFFFFF0CFFFFFFFF0C0C02000004010000000C74020000110E0873747261696768740D0563757276650CFFFFFFFF04FFFFFFFF0CFFFFFFFF1303000000000018400000000000
310
003A4000000000000014C01400000000000000000000000000000000000000000000F03F0B0B110D06636F656467650CFFFFFFFF04FFFFFFFF0CFFFFFFFF0C0E0200000C0D0200000C750200000C760200000B0C0F02000004000000000CFFFFFFFF110D06636F656467650CFFFFFFFF04FFFFFFFF0CFFFFFFFF0C77020000
310
0C780200000C0D0200000C3D0200000A0C5A02000004000000000CFFFFFFFF110D04656467650CFFFFFFFF04FFFFFFFF0CFFFFFFFF0C110200000600000000000000000C790200000655A1290D0F8E0E400C0D0200000C7A0200000B0707756E6B6E6F776E110D06636F656467650CFFFFFFFF04FFFFFFFF0CFFFFFFFF0C7B
310
0200000C6B0200000C0E0200000C3F0200000A0C7C02000004000000000CFFFFFFFF110D04656467650CFFFFFFFF04FFFFFFFF0CFFFFFFFF0C7D02000006547B4B472B16EE3C0C10020000064FA1290D0F8E0E400C0E0200000C7E0200000B0707756E6B6E6F776E110D04666163650C7F02000004FFFFFFFF0CFFFFFFFF0C
310
800200000C0F0200000C060000000CFFFFFFFF0C810200000B0B110D05706F696E740CFFFFFFFF04FFFFFFFF0CFFFFFFFF1300000000000038400000000000003A4000000000000014C0110D04656467650CFFFFFFFF04FFFFFFFF0CFFFFFFFF0C11020000060000000000C025C00C6402000006FEFFFFFFFF7F10400C5E02
310
00000C820200000B0707756E6B6E6F776E110D05706F696E740CFFFFFFFF04FFFFFFFF0CFFFFFFFF1303000000000018400000000000003A4000000000000014C0110E0873747261696768740D0563757276650CFFFFFFFF04FFFFFFFF0CFFFFFFFF130000000000001E406666666666E63F40000000000000000014000000
310
000000F03F000000000000000000000000000000000A068CFAFA744B9F1BC00A06A2BE3EDDD2E73540110E0D4154545249425F435553544F4D0D066174747269620CFFFFFFFF04FFFFFFFF0CFFFFFFFF0CFFFFFFFF0C1B0200000711736B657463685F6174747269625F646566040100000004010000000403000000070D34
310
333620302030203020312031110D06636F656467650CFFFFFFFF04FFFFFFFF0CFFFFFFFF0C830200000C1B0200000C840200000C850200000A0CDC01000004000000000CFFFFFFFF110D06636F656467650C8602000004FFFFFFFF0CFFFFFFFF0C870200000C880200000C1B0200000C480200000A0C890200000400000000
310
0CFFFFFFFF110D04656467650CFFFFFFFF04FFFFFFFF0CFFFFFFFF0C5002000006C00949A070C4DC3F0C8A02000006DADB7E3DEE8C3A400C1B0200000C8B0200000B0707756E6B6E6F776E110E0D4154545249425F435553544F4D0D066174747269620CFFFFFFFF04FFFFFFFF0CFFFFFFFF0CFFFFFFFF0C1C020000071173
310
6B657463685F6174747269625F646566040100000004010000000403000000070D34333520302030203020312031110D06636F656467650CFFFFFFFF04FFFFFFFF0CFFFFFFFF0C1C0200000C8C0200000C8D0200000C8E0200000A0CDC01000004000000000CFFFFFFFF110D06636F656467650C8F02000004FFFFFFFF0CFF
310
FFFFFF0C900200000C910200000C1C0200000C4C0200000A0C9202000004000000000CFFFFFFFF110D04656467650CFFFFFFFF04FFFFFFFF0CFFFFFFFF0C93020000069B0949A070C4DC3F0C5102000006D8DB7E3DEE8C3D400C1C0200000C940200000B0707756E6B6E6F776E110D06636F656467650CFFFFFFFF04FFFFFF
310
FF0CFFFFFFFF0C950200000C1D0200000C910200000C960200000B0C4F02000004000000000CFFFFFFFF110D06636F656467650CFFFFFFFF04FFFFFFFF0CFFFFFFFF0C1D0200000C970200000C870200000C980200000B0C4F02000004000000000CFFFFFFFF110D046C6F6F700CFFFFFFFF04FFFFFFFF0CFFFFFFFF0CFFFF
310
FFFF0C4D0200000C99020000110D067665727465780CFFFFFFFF04FFFFFFFF0CFFFFFFFF0C4802000004000000000C9A020000110D067665727465780CFFFFFFFF04FFFFFFFF0CFFFFFFFF0C1E02000004010000000C9B020000110E0873747261696768740D0563757276650CFFFFFFFF04FFFFFFFF0CFFFFFFFF13EF6DBF
310
1E77663D405848028523661340000000000000E0BC14C73B7F669EA0E6BFD13B7F669EA0E6BF00000000000000000B0B110E0D4154545249425F435553544F4D0D066174747269620CFFFFFFFF04FFFFFFFF0CFFFFFFFF0CFFFFFFFF0C21020000071667656E657269635F7461675F6174747269625F646566040300000004
310
0300000004FFFFFFFF071767656E657269635F7461675F6174747269625F646566200401000000040100000007013204000000000401000000046B0100000400000000110D04666163650C9C02000004FFFFFFFF0CFFFFFFFF0C9D0200000C9E0200000C060000000CFFFFFFFF0C9F0200000B0B110D046C6F6F700CFFFFFF
310
FF04FFFFFFFF0CFFFFFFFF0CFFFFFFFF0CA00200000C21020000110E05706C616E650D07737572666163650CFFFFFFFF04FFFFFFFF0CFFFFFFFF130000000000001E400000000000003E4000000000000008C0140000000000000000CD3B7F669EA0E63FCD3B7F669EA0E6BF14000000000000F0BF00000000000000000000
310
0000000000000B0B0B0B0B110D06636F656467650CFFFFFFFF04FFFFFFFF0CFFFFFFFF0CA10200000CA20200000CA30200000CA40200000A0C2202000004000000000CFFFFFFFF110E0D4154545249425F435553544F4D0D066174747269620CFFFFFFFF04FFFFFFFF0CFFFFFFFF0CFFFFFFFF0C25020000071667656E6572
310
69635F7461675F6174747269625F6465660403000000040300000004FFFFFFFF071767656E657269635F7461675F6174747269625F64656620040100000004020000000702313204000000000401000000046C0100000400000000110D04666163650CA502000004FFFFFFFF0CFFFFFFFF0CA60200000CA70200000C060000
310
000CFFFFFFFF0CA80200000B0B110D046C6F6F700CFFFFFFFF04FFFFFFFF0CFFFFFFFF0CFFFFFFFF0C3C0200000C25020000110E05706C616E650D07737572666163650CFFFFFFFF04FFFFFFFF0CFFFFFFFF131E62C0CCB0AF044096CFE623F8F63A401C62C0CCB0AF0CC01411B7BFA617CDD2BF09B7BFA617CDD23F713AA2
310
98921BEDBF1442B003648973EEBF000000000000000092EE25AE43ABD33F0B0B0B0B0B110D06636F656467650CFFFFFFFF04FFFFFFFF0CFFFFFFFF0C340200000CA90200000C380200000C730200000A0C2602000004000000000CFFFFFFFF110D06636F656467650CFFFFFFFF04FFFFFFFF0CFFFFFFFF0C280200000C3802
310
00000C290200000C600200000A0C0202000004000000000CFFFFFFFF110D06636F656467650CFFFFFFFF04FFFFFFFF0CFFFFFFFF0CAA0200000CAB0200000C280200000C420200000B0CAC02000004000000000CFFFFFFFF110D06636F656467650CFFFFFFFF04FFFFFFFF0CFFFFFFFF0C2A0200000C290200000CA9020000
310
0CAD0200000B0CE301000004000000000CFFFFFFFF110D04656467650CFFFFFFFF04FFFFFFFF0CFFFFFFFF0C640200000600000000000000000CAE02000006000000000000E03F0C5D0200000CAF0200000B0707756E6B6E6F776E110D06636F656467650CFFFFFFFF04FFFFFFFF0CFFFFFFFF0CB00200000C2B0200000CB1
310
0200000CB20200000B0C6302000004000000000CFFFFFFFF110D06636F656467650CFFFFFFFF04FFFFFFFF0CFFFFFFFF0C2B0200000CB00200000CB30200000CB40200000B0C6302000004000000000CFFFFFFFF110D046C6F6F700CFFFFFFFF04FFFFFFFF0CFFFFFFFF0CFFFFFFFF0C610200000CB5020000110D06766572
310
7465780CFFFFFFFF04FFFFFFFF0CFFFFFFFF0C4202000004010000000CB6020000110E0873747261696768740D0563757276650CFFFFFFFF04FFFFFFFF0CFFFFFFFF130000000000C03240010000000000264000000000000014C014000000000000F03F000000000000000000000000000000000A06DA0F1272AF0F38C00A
310
06DA0F1272AF8F3040110D06636F656467650CFFFFFFFF04FFFFFFFF0CFFFFFFFF0CA90200000C340200000C2D0200000C670200000A0C2602000004000000000CFFFFFFFF110D04656467650CFFFFFFFF04FFFFFFFF0CFFFFFFFF0C6802000006FFFFFFFFFFBF25C00C360200000600000000008010400C2D0200000CB702
310
00000B0707756E6B6E6F776E110D067665727465780CFFFFFFFF04FFFFFFFF0CFFFFFFFF0C2E02000004010000000CB8020000110E0873747261696768740D0563757276650CFFFFFFFF04FFFFFFFF0CFFFFFFFF130000000000003840010000000000264000000000000014C0140000000000000000000000000000000000
310
0000000000F03F0B0B110D06636F656467650CFFFFFFFF04FFFFFFFF0CFFFFFFFF0C300200000C2F0200000CB90200000CBA0200000B0C3102000004000000000CFFFFFFFF110D06636F656467650CFFFFFFFF04FFFFFFFF0CFFFFFFFF0C3E0200000C7B0200000C2F0200000C6C0200000A0C7C02000004000000000CFFFF
310
FFFF110D04656467650CFFFFFFFF04FFFFFFFF0CFFFFFFFF0C100200000600000000000000000CBB0200000651A1290D0F8E0E400C2F0200000CBC0200000B0707756E6B6E6F776E110D06636F656467650CFFFFFFFF04FFFFFFFF0CFFFFFFFF0CBD0200000CB10200000C300200000C6E0200000A0CBE0200000400000000
310
0CFFFFFFFF110D04656467650CFFFFFFFF04FFFFFFFF0CFFFFFFFF0CBF0200000636B90F1194B2B73C0C320200000650A1290D0F8E0E400C300200000CC00200000B0707756E6B6E6F776E110D04666163650CC102000004FFFFFFFF0CFFFFFFFF0C990200000C310200000C060000000CFFFFFFFF0CC20200000B0B110D05
310
706F696E740CFFFFFFFF04FFFFFFFF0CFFFFFFFF130000000000003840010000000000264000000000000014C0110E0873747261696768740D0563757276650CFFFFFFFF04FFFFFFFF0CFFFFFFFF1300000000008026400000000000003A4000000000000012C014000000000000F0BF000000000000000000000000000000
310
000B0B110D05706F696E740CFFFFFFFF04FFFFFFFF0CFFFFFFFF1300000000000038400000000000003A4000000000000012C0110D04656467650CFFFFFFFF04FFFFFFFF0CFFFFFFFF0C39020000060000000000C025C00CAE02000006FEFFFFFFFF7F10400C380200000CC30200000B0707756E6B6E6F776E110D05706F69
310
6E740CFFFFFFFF04FFFFFFFF0CFFFFFFFF1303000000000018400000000000003A4000000000000012C0110D06636F656467650CFFFFFFFF04FFFFFFFF0CFFFFFFFF0CC40200000CA00200000C3B0200000C760200000A0C5502000004000000000CFFFFFFFF110D04656467650CFFFFFFFF04FFFFFFFF0CFFFFFFFF0C7902
310
0000065F3E9B8FE0DB18C00C7D020000062C9FCD47F06D2B400C750200000CC50200000B0707756E6B6E6F776E110D06636F656467650CFFFFFFFF04FFFFFFFF0CFFFFFFFF0C780200000C3C0200000CAB0200000CC60200000A0C5A02000004000000000CFFFFFFFF110D06636F656467650CFFFFFFFF04FFFFFFFF0CFFFF
310
FFFF0C3C0200000C770200000CC70200000CC80200000A0C5A02000004000000000CFFFFFFFF110D067665727465780CFFFFFFFF04FFFFFFFF0CFFFFFFFF0C7602000004000000000CC9020000110E0873747261696768740D0563757276650CFFFFFFFF04FFFFFFFF0CFFFFFFFF1303000000000018400000000000003A40
310
00000000000014C01470379FD1642AD0BFBD7F3A06029BEC3F32B90F1194B2D73F0A0600000000000000000A0655A1290D0F8E0E40110D06636F656467650CFFFFFFFF04FFFFFFFF0CFFFFFFFF0C6B0200000C3E0200000CCA0200000CCB0200000A0C7C02000004000000000CFFFFFFFF110D046C6F6F700CFFFFFFFF04FF
310
FFFFFF0CFFFFFFFF0CFFFFFFFF0C7B0200000CCC020000110D067665727465780CFFFFFFFF04FFFFFFFF0CFFFFFFFF0C7602000004010000000CCD020000110E0873747261696768740D0563757276650CFFFFFFFF04FFFFFFFF0CFFFFFFFF1396CFE623F8F63840BDF367E6096A3D401762C0CCB0AF0CC01449379FD1642A
310
D0BFC17F3A06029BECBF36B90F1194B2D7BF0A0600000000000000800A064FA1290D0F8E0E40110E0D4154545249425F435553544F4D0D066174747269620CFFFFFFFF04FFFFFFFF0CFFFFFFFF0CFFFFFFFF0C40020000071667656E657269635F7461675F6174747269625F6465660403000000040300000004FFFFFFFF07
310
1767656E657269635F7461675F6174747269625F646566200401000000040100000007013604000000000401000000046C0100000400000000110D04666163650CCE02000004FFFFFFFF0CFFFFFFFF0CCF0200000CD00200000C060000000CFFFFFFFF0CD10200000B0B110E05706C616E650D07737572666163650CFFFFFF
310
FF04FFFFFFFF0CFFFFFFFF130000000000802640DEF933F304B53B4086183033EC2B11C014000000000000000067A9AEA6E27DD83F468D32CF6B90EDBF14000000000000F0BF000000000000000000000000000000000B0B0B0B0B110E0873747261696768740D0563757276650CFFFFFFFF04FFFFFFFF0CFFFFFFFF130300
310
0000000018400000000000402E4000000000000014C0140000000000000000000000000000F0BF00000000000000000A06DA0F1272AF2F36C00A06B41F24E45EDF2E40110D06636F656467650CD202000004FFFFFFFF0CFFFFFFFF0CD30200000C460200000CA20200000CD40200000B0CDC01000004000000000CFFFFFFFF
310
110D06636F656467650CFFFFFFFF04FFFFFFFF0CFFFFFFFF0CD50200000CA30200000C460200000C850200000B0CD002000004000000000CFFFFFFFF110D04656467650CFFFFFFFF04FFFFFFFF0CFFFFFFFF0CD6020000060C2CB524F732CB3F0C8A020000069A8E91D02F24EB3F0C460200000CD70200000B0707756E6B6E
310
6F776E110E0D4154545249425F435553544F4D0D066174747269620CFFFFFFFF04FFFFFFFF0CFFFFFFFF0CFFFFFFFF0C470200000711736B657463685F6174747269625F646566040100000004010000000403000000070D34333620302030203020312031110D06636F656467650CFFFFFFFF04FFFFFFFF0CFFFFFFFF0CD8
310
0200000C470200000C4E0200000C980200000A0C8902000004000000000CFFFFFFFF110D06636F656467650CFFFFFFFF04FFFFFFFF0CFFFFFFFF0C470200000CD80200000CD50200000CD90200000A0C8902000004000000000CFFFFFFFF110D046C6F6F700CFFFFFFFF04FFFFFFFF0CFFFFFFFF0CFFFFFFFF0C870200000C
310
DA020000110D067665727465780CFFFFFFFF04FFFFFFFF0CFFFFFFFF0C8502000004010000000CDB020000110E0873747261696768740D0563757276650CFFFFFFFF04FFFFFFFF0CFFFFFFFF130000000000003E4000000000000014400000000000000000140000000000000000000000000000F03F00000000000000000A
310
0600000000000000000A060000000000003B40110D06636F656467650CDC02000004FFFFFFFF0CFFFFFFFF0C4A0200000CD30200000CDD0200000CDE0200000B0CDC01000004000000000CFFFFFFFF110D06636F656467650CFFFFFFFF04FFFFFFFF0CFFFFFFFF0CDF0200000CE00200000C4A0200000C8E0200000B0CE102
310
000004000000000CFFFFFFFF110D04656467650CFFFFFFFF04FFFFFFFF0CFFFFFFFF0C9302000006CF2EB524F732CB3F0CE202000006548F91D02F24EB3F0C4A0200000CE30200000B0707756E6B6E6F776E110E0D4154545249425F435553544F4D0D066174747269620CFFFFFFFF04FFFFFFFF0CFFFFFFFF0CFFFFFFFF0C
310
4B0200000711736B657463685F6174747269625F646566040100000004010000000403000000070D34333520302030203020312031110D06636F656467650CFFFFFFFF04FFFFFFFF0CFFFFFFFF0CE40200000C4B0200000CE00200000CE50200000A0C9202000004000000000CFFFFFFFF110D06636F656467650CFFFFFFFF
310
04FFFFFFFF0CFFFFFFFF0C4B0200000CE40200000C4D0200000C960200000A0C9202000004000000000CFFFFFFFF110D046C6F6F700CFFFFFFFF04FFFFFFFF0CFFFFFFFF0CFFFFFFFF0C910200000CE6020000110D067665727465780CFFFFFFFF04FFFFFFFF0CFFFFFFFF0C4C02000004000000000CE7020000110E087374
310
7261696768740D0563757276650CFFFFFFFF04FFFFFFFF0CFFFFFFFF1300000000000000000000000000001440000000000000000014000000000000F03F000000000000000000000000000000000A0600000000000000000A060000000000003E40110D06636F656467650CFFFFFFFF04FFFFFFFF0CFFFFFFFF0CE8020000
310
0C4D0200000CE90200000CEA0200000B0C4F02000004000000000CFFFFFFFF110D04656467650CFFFFFFFF04FFFFFFFF0CFFFFFFFF0C5102000006FFDC2FFD5F8C0EC00CEB02000006D9D02FC3D051F9BF0C910200000CEC0200000B0707756E6B6E6F776E110D06636F656467650CFFFFFFFF04FFFFFFFF0CFFFFFFFF0C4E
310
0200000CE80200000CED0200000CEE0200000B0C4F02000004000000000CFFFFFFFF110D04656467650CFFFFFFFF04FFFFFFFF0CFFFFFFFF0CEF02000006CAEA3FF781502B400C5002000006F4E725DE5FC92F400C870200000CF00200000B0707756E6B6E6F776E110D04666163650CF102000004FFFFFFFF0CFFFFFFFF0C
310
400200000C4F0200000C060000000CFFFFFFFF0CF20200000B0B110D05706F696E740CFFFFFFFF04FFFFFFFF0CFFFFFFFF130000000000003E409C90040A47CC15400000000000000000110D05706F696E740CFFFFFFFF04FFFFFFFF0CFFFFFFFF13D8DB7E3DEE8C3D4000000000000014400000000000000000110E0D4154
310
545249425F435553544F4D0D066174747269620CFFFFFFFF04FFFFFFFF0CFFFFFFFF0CFFFFFFFF0C54020000071667656E657269635F7461675F6174747269625F6465660403000000040300000004FFFFFFFF071767656E657269635F7461675F6174747269625F6465662004010000000401000000070134040000000004
310
01000000046B0100000400000000110D04666163650CF302000004FFFFFFFF0CFFFFFFFF0CF40200000CF50200000C060000000CFFFFFFFF0CF60200000B0B110D046C6F6F700CFFFFFFFF04FFFFFFFF0CFFFFFFFF0CFFFFFFFF0CF70200000C54020000110E05706C616E650D07737572666163650CFFFFFFFF04FFFFFFFF
310
0CFFFFFFFF130000000000000040000000000080274000000000000008C014CD3B7F669EA0E6BF0000000000000000CD3B7F669EA0E6BF14CD3B7F669EA0E6BF0000000000000000CD3B7F669EA0E63F0B0B0B0B0B110D06636F656467650CFFFFFFFF04FFFFFFFF0CFFFFFFFF0C750200000CF80200000CF90200000CFA02
310
00000A0C5502000004000000000CFFFFFFFF110D06636F656467650CFFFFFFFF04FFFFFFFF0CFFFFFFFF0CFB0200000C570200000CF80200000CFC0200000A0C2202000004000000000CFFFFFFFF110D06636F656467650CFD02000004FFFFFFFF0CFFFFFFFF0C570200000CFB0200000C830200000CD40200000A0C220200
310
0004000000000CFFFFFFFF110D06636F656467650CFFFFFFFF04FFFFFFFF0CFFFFFFFF0C840200000CF90200000C570200000CA40200000B0CD002000004000000000CFFFFFFFF110D04656467650CFFFFFFFF04FFFFFFFF0CFFFFFFFF0CFE02000006DF281BF34A552E400CD6020000060493006D146731400C570200000C
310
FF0200000B0707756E6B6E6F776E110E0D4154545249425F435553544F4D0D066174747269620CFFFFFFFF04FFFFFFFF0CFFFFFFFF0CFFFFFFFF0C59020000071667656E657269635F7461675F6174747269625F6465660403000000040300000004FFFFFFFF071767656E657269635F7461675F6174747269625F64656620
310
040100000004020000000702313004000000000401000000046C0100000400000000110D04666163650C0003000004FFFFFFFF0CFFFFFFFF0CCC0200000CAC0200000C060000000CFFFFFFFF0C010300000B0B110D046C6F6F700CFFFFFFFF04FFFFFFFF0CFFFFFFFF0CFFFFFFFF0C020300000C59020000110E05706C616E
310
650D07737572666163650CFFFFFFFF04FFFFFFFF0CFFFFFFFF130300000000001840010000000000264000000000000014C01407B7BFA617CDD2BF11B7BFA617CDD2BF713AA298921BEDBF1443B003648973EEBF000000000000000089EE25AE43ABD33F0B0B0B0B0B110D06636F656467650CFFFFFFFF04FFFFFFFF0CFFFF
310
FFFF0C5C0200000C660200000C5F0200000CAD0200000A0C2602000004000000000CFFFFFFFF110D06636F656467650CFFFFFFFF04FFFFFFFF0CFFFFFFFF0C030300000C5E0200000C040300000C050300000B0CAC02000004000000000CFFFFFFFF110D06636F656467650CFFFFFFFF04FFFFFFFF0CFFFFFFFF0C5E020000
310
0C030300000C770200000CC60200000B0CAC02000004000000000CFFFFFFFF110D046C6F6F700CFFFFFFFF04FFFFFFFF0CFFFFFFFF0CFFFFFFFF0CAA0200000CA6020000110D04656467650CFFFFFFFF04FFFFFFFF0CFFFFFFFF0CAE02000006FEFFFFFFFF7F29C00C680200000600000000000015400C5F0200000C060300
310
000B0707756E6B6E6F776E110D067665727465780CFFFFFFFF04FFFFFFFF0CFFFFFFFF0C6002000004010000000C07030000110E0873747261696768740D0563757276650CFFFFFFFF04FFFFFFFF0CFFFFFFFF130400000000001840010000000000264000000000000014C014000000000000000000000000000000000000
310
00000000F03F0B0B110D06636F656467650CFFFFFFFF04FFFFFFFF0CFFFFFFFF0C620200000C610200000C080300000C090300000B0C6302000004000000000CFFFFFFFF110D06636F656467650CFFFFFFFF04FFFFFFFF0CFFFFFFFF0C6D0200000CBD0200000C610200000CB20200000A0CBE02000004000000000CFFFFFF
310
FF110D04656467650CFFFFFFFF04FFFFFFFF0CFFFFFFFF0C320200000600000000000000000C0A0300000652A1290D0F8E0E400C610200000C0B0300000B0707756E6B6E6F776E110D06636F656467650CFFFFFFFF04FFFFFFFF0CFFFFFFFF0C020300000C040300000C620200000CB40200000A0CA702000004000000000C
310
FFFFFFFF110D04656467650CFFFFFFFF04FFFFFFFF0CFFFFFFFF0C0C0300000600000000000000000C640200000650A1290D0F8E0E400C620200000C0D0300000B0707756E6B6E6F776E110D04666163650C0E03000004FFFFFFFF0CFFFFFFFF0C6F0200000C630200000C060000000CFFFFFFFF0C0F0300000B0B110D0570
310
6F696E740CFFFFFFFF04FFFFFFFF0CFFFFFFFF130400000000001840010000000000264000000000000014C0110E0873747261696768740D0563757276650CFFFFFFFF04FFFFFFFF0CFFFFFFFF1300000000000038400000000000E0354000000000000012C0140000000000000000000000000000F03F0000000000000000
310
0B0B110D05706F696E740CFFFFFFFF04FFFFFFFF0CFFFFFFFF130000000000003840010000000000264000000000000012C0110D06636F656467650CFFFFFFFF04FFFFFFFF0CFFFFFFFF0C100300000CED0200000C6A0200000CBA0200000A0C1103000004000000000CFFFFFFFF110D04656467650CFFFFFFFF04FFFFFFFF
310
0CFFFFFFFF0CBB020000065C3E9B8FE05B14C00CBF020000062C9FCD47F0AD27400CB90200000C120300000B0707756E6B6E6F776E110D067665727465780CFFFFFFFF04FFFFFFFF0CFFFFFFFF0CBA02000004000000000C13030000110E0873747261696768740D0563757276650CFFFFFFFF04FFFFFFFF0CFFFFFFFF1300
310
000000000038400000000000003A4000000000000014C014BE7F3A06029BEC3F58379FD1642AD03F36B90F1194B2D73F0A0600000000000000000A0651A1290D0F8E0E40110D06636F656467650CFFFFFFFF04FFFFFFFF0CFFFFFFFF0CB10200000C6D0200000CE80200000C140300000A0CBE02000004000000000CFFFFFF
310
FF110D046C6F6F700CFFFFFFFF04FFFFFFFF0CFFFFFFFF0CFFFFFFFF0CBD0200000C15030000110D067665727465780CFFFFFFFF04FFFFFFFF0CFFFFFFFF0CBA02000004010000000C16030000110E0873747261696768740D0563757276650CFFFFFFFF04FFFFFFFF0CFFFFFFFF13BDF367E6096A3B40D46032B80F122440
310
1662C0CCB0AF0CC014BF7F3A06029BECBF50379FD1642AD03F36B90F1194B2D7BF0A0600000000000000000A0650A1290D0F8E0E40110E0D4154545249425F435553544F4D0D066174747269620CFFFFFFFF04FFFFFFFF0CFFFFFFFF0CFFFFFFFF0C6F020000071667656E657269635F7461675F6174747269625F64656604
310
03000000040300000004FFFFFFFF071767656E657269635F7461675F6174747269625F646566200401000000040100000007013104000000000401000000046C0100000400000000110E05706C616E650D07737572666163650CFFFFFFFF04FFFFFFFF0CFFFFFFFF13DEF933F304B539400000000000E0354086183033EC2B
310
11C01469A9AEA6E27DD83F0000000000000000458D32CF6B90EDBF14458D32CF6B90EDBF000000000000000069A9AEA6E27DD8BF0B0B0B0B0B110E0873747261696768740D0563757276650CFFFFFFFF04FFFFFFFF0CFFFFFFFF1303000000000018400000000000402E4000000000000012C0140000000000000000000000
310
000000F0BF00000000000000000B0B110D06636F656467650CFFFFFFFF04FFFFFFFF0CFFFFFFFF0CF80200000C750200000C170300000C180300000A0C5502000004000000000CFFFFFFFF110E0873747261696768740D0563757276650CFFFFFFFF04FFFFFFFF0CFFFFFFFF130000000000802640BDF367E6096A3D401762
310
C0CCB0AF0CC014000000000000F03F000000000000008000000000000000800A06DA0F1272AF8F30C00A06DA0F1272AF0F3840110D04656467650CFFFFFFFF04FFFFFFFF0CFFFFFFFF0C190300000600000000000000000C11020000064EA1290D0F8E0E400CAB0200000C1A0300000B0707756E6B6E6F776E110D06636F65
310
6467650CFFFFFFFF04FFFFFFFF0CFFFFFFFF0C1B0300000C170300000C780200000CC80200000B0C1C03000004000000000CFFFFFFFF110D04656467650CFFFFFFFF04FFFFFFFF0CFFFFFFFF0C79020000061D339045A77992390C1903000006AB4C58E87AB60B400CC70200000C1D0300000B0707756E6B6E6F776E110D05
310
706F696E740CFFFFFFFF04FFFFFFFF0CFFFFFFFF13A1C164701F241440BDF367E6096A3D401762C0CCB0AF0CC0110D06636F656467650CFFFFFFFF04FFFFFFFF0CFFFFFFFF0CF90200000C1E0300000C7B0200000CCB0200000B0CD002000004000000000CFFFFFFFF110D04656467650CFFFFFFFF04FFFFFFFF0CFFFFFFFF
310
0CBB0200000600000000000000000C7D02000006AC4C58E87AB60B400CCA0200000C1F0300000B0707756E6B6E6F776E110D04666163650C2003000004FFFFFFFF0CFFFFFFFF0C150300000C7C0200000C060000000CFFFFFFFF0C210300000B0B110D05706F696E740CFFFFFFFF04FFFFFFFF0CFFFFFFFF1396CFE623F8F6
310
3840BCF367E6096A3D401862C0CCB0AF0CC0110E0D4154545249425F435553544F4D0D066174747269620CFFFFFFFF04FFFFFFFF0CFFFFFFFF0CFFFFFFFF0C80020000071667656E657269635F7461675F6174747269625F6465660403000000040300000004FFFFFFFF071767656E657269635F7461675F6174747269625F
310
646566200401000000040100000007013504000000000401000000046C0100000400000000110D04666163650C2203000004FFFFFFFF0CFFFFFFFF0C230300000CE10200000C060000000CFFFFFFFF0C240300000B0B110D046C6F6F700CFFFFFFFF04FFFFFFFF0CFFFFFFFF0CFFFFFFFF0CD50200000C80020000110E0570
310
6C616E650D07737572666163650CFFFFFFFF04FFFFFFFF0CFFFFFFFF13F979EAB427623740F979EAB427623940CECF53A73D9119C0143E2C0C70BD20DA3F3E2C0C70BD20DA3F3E2C0C70BD20EABF14DAEDBFC5259FECBF0000000000000000DAEDBFC5259FDCBF0B0B0B0B0B110E0D4154545249425F435553544F4D0D0661
310
74747269620CFFFFFFFF04FFFFFFFF0CFFFFFFFF0CFFFFFFFF0C830200000711736B657463685F6174747269625F646566040100000004010000000403000000070D34333720302030203020312031110D06636F656467650CFFFFFFFF04FFFFFFFF0CFFFFFFFF0C8C0200000C830200000C250300000C260300000A0CDC01
310
000004000000000CFFFFFFFF110D04656467650CFFFFFFFF04FFFFFFFF0CFFFFFFFF0CD602000006C00949A070C4DC3F0C2703000006DADB7E3DEE8C3D400C830200000C280300000B0707756E6B6E6F776E110D06636F656467650CFFFFFFFF04FFFFFFFF0CFFFFFFFF0C1E0300000C840200000C880200000CD90200000B
310
0CD002000004000000000CFFFFFFFF110D067665727465780CFFFFFFFF04FFFFFFFF0CFFFFFFFF0CD402000004000000000C29030000110E0873747261696768740D0563757276650CFFFFFFFF04FFFFFFFF0CFFFFFFFF13EC6DBF1E77663D40F6B65F8F3B134040000000000000000014CD3B7F669EA0E63FCD3B7F669EA0
310
E6BF00000000000000000B0B110D06636F656467650CFFFFFFFF04FFFFFFFF0CFFFFFFFF0C880200000C870200000C2A0300000C2B0300000A0C8902000004000000000CFFFFFFFF110D04656467650CFFFFFFFF04FFFFFFFF0CFFFFFFFF0C8A020000063EDC74C2D5E30FC00C2C030000062CCFB94DBC00FCBF0C88020000
310
0C2D0300000B0707756E6B6E6F776E110D04666163650C2E03000004FFFFFFFF0CFFFFFFFF0CDD0100000C890200000C060000000CFFFFFFFF0C2F0300000B0B110D05706F696E740CFFFFFFFF04FFFFFFFF0CFFFFFFFF130000000000003E40DADB7E3DEE8C3F400000000000000000110E0D4154545249425F435553544F
310
4D0D066174747269620CFFFFFFFF04FFFFFFFF0CFFFFFFFF0CFFFFFFFF0C8C0200000711736B657463685F6174747269625F646566040100000004010000000403000000070D34333820302030203020312031110D06636F656467650C3003000004FFFFFFFF0CFFFFFFFF0C310300000C320300000C8C0200000CDE020000
310
0A0C3303000004000000000CFFFFFFFF110D04656467650CFFFFFFFF04FFFFFFFF0CFFFFFFFF0C3403000006800949A070C4DC3F0CE202000006D9DB7E3DEE8C3A400C8C0200000C350300000B0707756E6B6E6F776E110D06636F656467650CFFFFFFFF04FFFFFFFF0CFFFFFFFF0C360300000C8D0200000C320300000C37
310
0300000B0CE102000004000000000CFFFFFFFF110D06636F656467650CFFFFFFFF04FFFFFFFF0CFFFFFFFF0C8D0200000C380300000C900200000CE50200000B0CE102000004000000000CFFFFFFFF110D046C6F6F700CFFFFFFFF04FFFFFFFF0CFFFFFFFF0CFFFFFFFF0CDF0200000CCF020000110D067665727465780CFF
310
FFFFFF04FFFFFFFF0CFFFFFFFF0C3703000004000000000C39030000110E0873747261696768740D0563757276650CFFFFFFFF04FFFFFFFF0CFFFFFFFF13D04212281C31E33F3D48028523661340000000000000D0BC14D43B7F669EA0E6BFC43B7F669EA0E63F00000000000000000B0B110D06636F656467650CFFFFFFFF
310
04FFFFFFFF0CFFFFFFFF0C910200000C900200000C3A0300000C3B0300000A0C9202000004000000000CFFFFFFFF110D04656467650CFFFFFFFF04FFFFFFFF0CFFFFFFFF0C3C03000006E0281BF34A552E400C93020000060593006D146731400C900200000C3D0300000B0707756E6B6E6F776E110D04666163650C3E0300
310
0004FFFFFFFF0CFFFFFFFF0C3F0300000C920200000C060000000CFFFFFFFF0C400300000B0B110D05706F696E740CFFFFFFFF04FFFFFFFF0CFFFFFFFF139B0949A070C4DC3F00000000000014400000000000000000110D06636F656467650CFFFFFFFF04FFFFFFFF0CFFFFFFFF0C970200000C950200000CBD0200000C14
310
0300000B0C4F02000004000000000CFFFFFFFF110D06636F656467650CFFFFFFFF04FFFFFFFF0CFFFFFFFF0C3A0300000C080300000C950200000CEA0200000A0CF502000004000000000CFFFFFFFF110D04656467650CFFFFFFFF04FFFFFFFF0CFFFFFFFF0CEB02000006A131E712D5CF21C00C0A030000062FA77A4776B5
310
11C00CE90200000C410300000B0707756E6B6E6F776E110D067665727465780CFFFFFFFF04FFFFFFFF0CFFFFFFFF0C3B03000004000000000C42030000110E0873747261696768740D0563757276650CFFFFFFFF04FFFFFFFF0CFFFFFFFF135F924C0C96223A40FFFFFFFFFFFF1340D84B9289C152FBBF14D8EDBFC5259FEC
310
BF0000000000000080DEEDBFC5259FDCBF0B0B110D06636F656467650CFFFFFFFF04FFFFFFFF0CFFFFFFFF0CB90200000C2A0300000C970200000CEE0200000A0C1103000004000000000CFFFFFFFF110D04656467650CFFFFFFFF04FFFFFFFF0CFFFFFFFF0CBF020000062BA77A4776B511400CEF020000069E31E712D5CF
310
21400CED0200000C430300000B0707756E6B6E6F776E110D067665727465780CFFFFFFFF04FFFFFFFF0CFFFFFFFF0CEE02000004010000000C44030000110E0873747261696768740D0563757276650CFFFFFFFF04FFFFFFFF0CFFFFFFFF130000000000003E40703A80C036AA33408A2CFEFB496E1CC01400000000000000
310
80DBEDBFC5259FECBFD4EDBFC5259FDC3F0B0B110E0D4154545249425F435553544F4D0D066174747269620CFFFFFFFF04FFFFFFFF0CFFFFFFFF0CFFFFFFFF0C99020000071667656E657269635F7461675F6174747269625F6465660403000000040300000004FFFFFFFF071767656E657269635F7461675F617474726962
310
5F646566200401000000040100000007013304000000000401000000046C0100000400000000110E05706C616E650D07737572666163650CFFFFFFFF04FFFFFFFF0CFFFFFFFF13FA79EAB427A237400E0C2B96B0BB2640CDCF53A73D9118C014442C0C70BD20DA3F382C0C70BD20DABF3E2C0C70BD20EABF14D8EDBFC5259F
310
ECBF0000000000000000DEEDBFC5259FDCBF0B0B0B0B0B110E0D4154545249425F435553544F4D0D066174747269620CFFFFFFFF04FFFFFFFF0CFFFFFFFF0CFFFFFFFF0C9D020000071667656E657269635F7461675F6174747269625F6465660403000000040300000004FFFFFFFF071767656E657269635F7461675F6174
310
747269625F646566200401000000040100000007013304000000000401000000046B0100000400000000110D04666163650C4503000004FFFFFFFF0CFFFFFFFF0CFFFFFFFF0C330300000C060000000CFFFFFFFF0C460300000B0B110D046C6F6F700CFFFFFFFF04FFFFFFFF0CFFFFFFFF0CFFFFFFFF0CE90200000C9D0200
310
00110E05706C616E650D07737572666163650CFFFFFFFF04FFFFFFFF0CFFFFFFFF1300000000008036400000000000001C4000000000000008C0140000000000000000CD3B7F669EA0E6BFCD3B7F669EA0E6BF14000000000000F0BF000000000000000000000000000000800B0B0B0B0B110D06636F656467650CFFFFFFFF
310
04FFFFFFFF0CFFFFFFFF0C470300000C480300000C360300000C490300000A0C9E02000004000000000CFFFFFFFF110D06636F656467650CFFFFFFFF04FFFFFFFF0CFFFFFFFF0CA00200000CC40200000CA10200000CFC0200000B0C5502000004000000000CFFFFFFFF110D06636F656467650CFFFFFFFF04FFFFFFFF0CFF
310
FFFFFF0CA30200000CCA0200000CA00200000CFA0200000B0CD002000004000000000CFFFFFFFF110D04656467650CFFFFFFFF04FFFFFFFF0CFFFFFFFF0C7D02000006F72B00F6DD7013400CFE0200000606F429EA88AD22400CA00200000C4A0300000B0707756E6B6E6F776E110D06636F656467650CFFFFFFFF04FFFFFF
310
FF0CFFFFFFFF0CA20200000CA10200000C4B0300000C4C0300000A0C2202000004000000000CFFFFFFFF110D04656467650CFFFFFFFF04FFFFFFFF0CFFFFFFFF0C4D030000066B6FFBF5B83314C00CFE02000006D9DB7E3DEE0C34400CA10200000C4E0300000B0707756E6B6E6F776E110E0D4154545249425F435553544F
310
4D0D066174747269620CFFFFFFFF04FFFFFFFF0CFFFFFFFF0CFFFFFFFF0CA20200000711736B657463685F6174747269625F646566040100000004010000000403000000070D34333720302030203020312031110D067665727465780CFFFFFFFF04FFFFFFFF0CFFFFFFFF0CFA02000004010000000C4F030000110E087374
310
7261696768740D0563757276650CFFFFFFFF04FFFFFFFF0CFFFFFFFF13EF57CC4B5FF82B400000000000004040C25F312F7D211FC014DAEDBFC5259FEC3F0000000000000080DAEDBFC5259FDC3F0B0B110E0D4154545249425F435553544F4D0D066174747269620CFFFFFFFF04FFFFFFFF0CFFFFFFFF0CFFFFFFFF0CA602
310
0000071667656E657269635F7461675F6174747269625F6465660403000000040300000004FFFFFFFF071767656E657269635F7461675F6174747269625F646566200401000000040100000007013804000000000401000000046C0100000400000000110E05706C616E650D07737572666163650CFFFFFFFF04FFFFFFFF0C
310
FFFFFFFF1389183033EC2B11400000000000402E4087183033EC2B11C0145DA9AEA6E27DD8BF0000000000000080478D32CF6B90EDBF14478D32CF6B90EDBF00000000000000005DA9AEA6E27DD83F0B0B0B0B0B110D06636F656467650CFFFFFFFF04FFFFFFFF0CFFFFFFFF0C040300000CB30200000C500300000C510300
310
000A0CA702000004000000000CFFFFFFFF110D06636F656467650CFFFFFFFF04FFFFFFFF0CFFFFFFFF0CAB0200000CAA0200000C480300000C520300000B0CAC02000004000000000CFFFFFFFF110D06636F656467650CFFFFFFFF04FFFFFFFF0CFFFFFFFF0CB30200000C020300000CAA0200000C050300000A0CA7020000
310
04000000000CFFFFFFFF110D04656467650CFFFFFFFF04FFFFFFFF0CFFFFFFFF0C640200000600000000000000000C530300000651A1290D0F8E0E400CAA0200000C540300000B0707756E6B6E6F776E110E0873747261696768740D0563757276650CFFFFFFFF04FFFFFFFF0CFFFFFFFF130000000000C032400100000000
310
00264000000000000012C014000000000000F03F000000000000000000000000000000000B0B110D05706F696E740CFFFFFFFF04FFFFFFFF0CFFFFFFFF130400000000001840010000000000264000000000000012C0110D06636F656467650CFFFFFFFF04FFFFFFFF0CFFFFFFFF0CE90200000C550300000CB00200000C09
310
0300000A0CF502000004000000000CFFFFFFFF110D04656467650CFFFFFFFF04FFFFFFFF0CFFFFFFFF0C0A03000006603E9B8FE0DB18C00C0C030000062C9FCD47F06D2B400C080300000C560300000B0707756E6B6E6F776E110D067665727465780CFFFFFFFF04FFFFFFFF0CFFFFFFFF0C0903000004000000000C570300
310
00110E0873747261696768740D0563757276650CFFFFFFFF04FFFFFFFF0CFFFFFFFF130000000000003840010000000000264000000000000014C01468379FD1642AD03FBE7F3A06029BECBF2DB90F1194B2D73F0A0600000000000000000A0652A1290D0F8E0E40110D067665727465780CFFFFFFFF04FFFFFFFF0CFFFFFF
310
FF0C0903000004010000000C58030000110E0873747261696768740D0563757276650CFFFFFFFF04FFFFFFFF0CFFFFFFFF13A8C164701F2414400E316066D8571E401A62C0CCB0AF0CC01459379FD1642AD03FC07F3A06029BEC3F2FB90F1194B2D7BF0A0600000000000000000A0650A1290D0F8E0E40110E0D4154545249
310
425F435553544F4D0D066174747269620CFFFFFFFF04FFFFFFFF0CFFFFFFFF0CFFFFFFFF0CB5020000071667656E657269635F7461675F6174747269625F6465660403000000040300000004FFFFFFFF071767656E657269635F7461675F6174747269625F6465662004010000000401000000070132040000000004010000
310
00046C0100000400000000110E05706C616E650D07737572666163650CFFFFFFFF04FFFFFFFF0CFFFFFFFF130000000000C03240440C9819F695224086183033EC2B11C014000000000000000062A9AEA6E27DD8BF478D32CF6B90EDBF14000000000000F0BF000000000000000000000000000000800B0B0B0B0B110D0663
310
6F656467650CFFFFFFFF04FFFFFFFF0CFFFFFFFF0C2A0300000CB90200000C1E0300000C590300000A0C1103000004000000000CFFFFFFFF110D046C6F6F700CFFFFFFFF04FFFFFFFF0CFFFFFFFF0CFFFFFFFF0CED0200000C3F030000110E0873747261696768740D0563757276650CFFFFFFFF04FFFFFFFF0CFFFFFFFF13
310
BDF367E6096A3B400000000000E035401662C0CCB0AF0CC0140000000000000080000000000000F0BF00000000000000800A06B41F24E45EDF2EC00A06DA0F1272AF2F3640110D05706F696E740CFFFFFFFF04FFFFFFFF0CFFFFFFFF13BDF367E6096A3B4097CFE623F8F63A401662C0CCB0AF0CC0110D04656467650CFFFF
310
FFFF04FFFFFFFF0CFFFFFFFF0C0A03000006AC4C58E87AB68B390CBF02000006A94C58E87AB60B400CE80200000C5A0300000B0707756E6B6E6F776E110D04666163650C5B03000004FFFFFFFF0CFFFFFFFF0CB50200000CBE0200000C060000000CFFFFFFFF0C5C0300000B0B110D05706F696E740CFFFFFFFF04FFFFFFFF
310
0CFFFFFFFF13BDF367E6096A3B40D46032B80F1224401862C0CCB0AF0CC0110D06636F656467650CFFFFFFFF04FFFFFFFF0CFFFFFFFF0CC70200000C4B0300000CC40200000C180300000B0C1C03000004000000000CFFFFFFFF110D04656467650CFFFFFFFF04FFFFFFFF0CFFFFFFFF0C4D03000006A131E712D5CF21C00C
310
790200000631A77A4776B511C00CC40200000C5D0300000B0707756E6B6E6F776E110D067665727465780CFFFFFFFF04FFFFFFFF0CFFFFFFFF0C5203000004010000000C5E030000110E0873747261696768740D0563757276650CFFFFFFFF04FFFFFFFF0CFFFFFFFF131E62C0CCB0AF044096CFE623F8F63A401C62C0CCB0
310
AF0CC014C37F3A06029BEC3F4A379FD1642AD0BF2DB90F1194B2D7BF0A0600000000000000000A064EA1290D0F8E0E40110D06636F656467650CFFFFFFFF04FFFFFFFF0CFFFFFFFF0C5F0300000CC70200000C600300000C610300000B0C1C03000004000000000CFFFFFFFF110D046C6F6F700CFFFFFFFF04FFFFFFFF0CFF
310
FFFFFF0CFFFFFFFF0C4B0300000C23030000110E0873747261696768740D0563757276650CFFFFFFFF04FFFFFFFF0CFFFFFFFF13A1C164701F241440BDF367E6096A3D401662C0CCB0AF0CC014C23B7F669EA0E6BFD93B7F669EA0E6BF1D339045A779C2BC0A0600000000000000800A06AB4C58E87AB60B40110D06636F65
310
6467650CFFFFFFFF04FFFFFFFF0CFFFFFFFF0CCA0200000CD50200000C100300000C590300000B0CD002000004000000000CFFFFFFFF110E0873747261696768740D0563757276650CFFFFFFFF04FFFFFFFF0CFFFFFFFF13BDF367E6096A3B4097CFE623F8F63A401662C0CCB0AF0CC014D53B7F669EA0E6BFC33B7F669EA0
310
E63F1B339045A779B2BC0A0600000000000000000A06AC4C58E87AB60B40110E0D4154545249425F435553544F4D0D066174747269620CFFFFFFFF04FFFFFFFF0CFFFFFFFF0CFFFFFFFF0CCC020000071667656E657269635F7461675F6174747269625F6465660403000000040300000004FFFFFFFF071767656E65726963
310
5F7461675F6174747269625F646566200401000000040100000007013704000000000401000000046C0100000400000000110E05706C616E650D07737572666163650CFFFFFFFF04FFFFFFFF0CFFFFFFFF1300000000000038400000000000003A4000000000000014C01414B7BFA617CDD23F17B7BFA617CDD23F6F3AA298
310
921BEDBF1441B003648973EEBF000000000000000096EE25AE43ABD3BF0B0B0B0B0B110E0D4154545249425F435553544F4D0D066174747269620CFFFFFFFF04FFFFFFFF0CFFFFFFFF0CFFFFFFFF0CCF020000071667656E657269635F7461675F6174747269625F6465660403000000040300000004FFFFFFFF071767656E
310
657269635F7461675F6174747269625F646566200401000000040100000007013904000000000401000000046C0100000400000000110D04666163650C6203000004FFFFFFFF0CFFFFFFFF0CE60200000C1C0300000C060000000CFFFFFFFF0C630300000B0B110E05706C616E650D07737572666163650CFFFFFFFF04FFFF
310
FFFF0CFFFFFFFF131C18562C61771A400C0C2B96B03B2740CDCF53A73D9119C014352C0C70BD20DABF472C0C70BD20DABF3F2C0C70BD20EABF14DBEDBFC5259FECBF0000000000000000D0EDBFC5259FDC3F0B0B0B0B0B110D06636F656467650CFFFFFFFF04FFFFFFFF0CFFFFFFFF0C4B0300000C5F0300000CD30200000C
310
260300000B0C1C03000004000000000CFFFFFFFF110D04656467650CFFFFFFFF04FFFFFFFF0CFFFFFFFF0C3403000006D88D91D02F24EBBF0C27030000066429B524F732CBBF0CD30200000C640300000B0707756E6B6E6F776E110D067665727465780CFFFFFFFF04FFFFFFFF0CFFFFFFFF0C4C03000004000000000C6503
310
0000110E0873747261696768740D0563757276650CFFFFFFFF04FFFFFFFF0CFFFFFFFF130000000000003E400000000000004040000000000000000014000000000000F0BF000000000000000000000000000000000A0600000000000000000A060000000000003E40110D05706F696E740CFFFFFFFF04FFFFFFFF0CFFFFFF
310
FF13D9DB7E3DEE8C3D4000000000000040400000000000000000110D06636F656467650CFFFFFFFF04FFFFFFFF0CFFFFFFFF0CED0200000C100300000CD80200000C2B0300000B0C1103000004000000000CFFFFFFFF110D04656467650CFFFFFFFF04FFFFFFFF0CFFFFFFFF0C2C03000006686FFBF5B83311C00CEF020000
310
06D9DB7E3DEECC31400CD80200000C660300000B0707756E6B6E6F776E110D067665727465780CFFFFFFFF04FFFFFFFF0CFFFFFFFF0C2B03000004000000000C67030000110E0873747261696768740D0563757276650CFFFFFFFF04FFFFFFFF0CFFFFFFFF130000000000003E40F72BE6A52FFC3B40057FC5BCF485FCBF14
310
0000000000000000DAEDBFC5259FECBFDAEDBFC5259FDCBF0B0B110E0D4154545249425F435553544F4D0D066174747269620CFFFFFFFF04FFFFFFFF0CFFFFFFFF0CFFFFFFFF0CDA020000071667656E657269635F7461675F6174747269625F6465660403000000040300000004FFFFFFFF071767656E657269635F746167
310
5F6174747269625F64656620040100000004010000000701350400000000040100000004690100000400000000110E05706C616E650D07737572666163650CFFFFFFFF04FFFFFFFF0CFFFFFFFF130000000000003E400000000000004040000000000000000014000000000000F03F00000000000000800000000000000000
310
140000000000000080000000000000F0BF00000000000000800B0B0B0B0B110E0D4154545249425F435553544F4D0D066174747269620CFFFFFFFF04FFFFFFFF0CFFFFFFFF0CFFFFFFFF0CDD0200000711736B657463685F6174747269625F646566040100000004010000000403000000070D343338203020302030203120
310
31110D06636F656467650CFFFFFFFF04FFFFFFFF0CFFFFFFFF0C680300000CDD0200000C5F0300000C690300000A0C3303000004000000000CFFFFFFFF110D06636F656467650CFFFFFFFF04FFFFFFFF0CFFFFFFFF0CDD0200000C680300000CDF0200000C370300000A0C3303000004000000000CFFFFFFFF110D046C6F6F
310
700CFFFFFFFF04FFFFFFFF0CFFFFFFFF0CFFFFFFFF0C320300000CF4020000110D067665727465780CFFFFFFFF04FFFFFFFF0CFFFFFFFF0CDE02000004000000000C6A030000110E0873747261696768740D0563757276650CFFFFFFFF04FFFFFFFF0CFFFFFFFF130000000000000000000000000000404000000000000000
310
00140000000000000000000000000000F0BF00000000000000000A0600000000000000000A060000000000003B40110D06636F656467650CFFFFFFFF04FFFFFFFF0CFFFFFFFF0C500300000CDF0200000CF70200000C490300000B0CE102000004000000000CFFFFFFFF110D04656467650CFFFFFFFF04FFFFFFFF0CFFFFFF
310
FF0CE2020000062FDC74C2D5E30FC00C6B0300000626CFB94DBC00FCBF0C320300000C6C0300000B0707756E6B6E6F776E110D06636F656467650CFFFFFFFF04FFFFFFFF0CFFFFFFFF0CE00200000C500300000C550300000C6D0300000B0CE102000004000000000CFFFFFFFF110D05706F696E740CFFFFFFFF04FFFFFFFF
310
0CFFFFFFFF1300000000000000009C90040A47CC15400000000000000000110D06636F656467650CFFFFFFFF04FFFFFFFF0CFFFFFFFF0C550300000CE90200000CE40200000C3B0300000B0CF502000004000000000CFFFFFFFF110D04656467650CFFFFFFFF04FFFFFFFF0CFFFFFFFF0CEB020000066C6FFBF5B83314C00C
310
3C03000006D9DB7E3DEE0C34400CE40200000C6E0300000B0707756E6B6E6F776E110D067665727465780CFFFFFFFF04FFFFFFFF0CFFFFFFFF0CE502000004000000000C6F030000110E0873747261696768740D0563757276650CFFFFFFFF04FFFFFFFF0CFFFFFFFF130AD4195AD00330400000000000001440BD5F312F7D
310
211FC014DBEDBFC5259FECBF0000000000000000D0EDBFC5259FDC3F0B0B110E0D4154545249425F435553544F4D0D066174747269620CFFFFFFFF04FFFFFFFF0CFFFFFFFF0CFFFFFFFF0CE6020000071667656E657269635F7461675F6174747269625F6465660403000000040300000004FFFFFFFF071767656E65726963
310
5F7461675F6174747269625F64656620040100000004010000000701360400000000040100000004690100000400000000110D04666163650C7003000004FFFFFFFF0CFFFFFFFF0CDA0200000C110300000C060000000CFFFFFFFF0C710300000B0B110E05706C616E650D07737572666163650CFFFFFFFF04FFFFFFFF0CFF
310
FFFFFF130000000000003E4000000000000014400000000000000000140000000000000000000000000000F0BF000000000000000014000000000000F0BF000000000000008000000000000000800B0B0B0B0B110E0873747261696768740D0563757276650CFFFFFFFF04FFFFFFFF0CFFFFFFFF13E7E7A9D39E683640E8E7
310
A9D39E482440CECF53A73D9118C0141C339045A779E2BF1C339045A779E23F1C339045A779E2BF0A066084FA46053132C00A0657120635D7BA2140110D05706F696E740CFFFFFFFF04FFFFFFFF0CFFFFFFFF13DBDB7E3DEE8C3B400000000000001440000000000000F0BF110E0873747261696768740D0563757276650CFF
310
FFFFFF04FFFFFFFF0CFFFFFFFF130D0C2B96B0DB38403430AC58C22E2940CCCF53A73D9118C0141C339045A779E23F1C339045A779E2BF1C339045A779E23F0A0657120635D7BA21C00A066084FA4605313240110D05706F696E740CFFFFFFFF04FFFFFFFF0CFFFFFFFF130000000000003E409C90040A47CC1D4000000000
310
0000F0BF110E0D4154545249425F435553544F4D0D066174747269620CFFFFFFFF04FFFFFFFF0CFFFFFFFF0CFFFFFFFF0CF4020000071667656E657269635F7461675F6174747269625F6465660403000000040300000004FFFFFFFF071767656E657269635F7461675F6174747269625F6465662004010000000401000000
310
0701330400000000040100000004690100000400000000110E05706C616E650D07737572666163650CFFFFFFFF04FFFFFFFF0CFFFFFFFF1300000000000000000000000000001440000000000000000014000000000000F0BF00000000000000800000000000000080140000000000000080000000000000F03F0000000000
310
0000800B0B0B0B0B110D06636F656467650CFFFFFFFF04FFFFFFFF0CFFFFFFFF0C600300000CF70200000C680300000C720300000B0C9E02000004000000000CFFFFFFFF110D06636F656467650CFFFFFFFF04FFFFFFFF0CFFFFFFFF0CF70200000C600300000C030300000C520300000A0C9E02000004000000000CFFFFFF
310
FF110D04656467650CFFFFFFFF04FFFFFFFF0CFFFFFFFF0C6B0300000606F429EA88AD22C00C5303000006F72B00F6DD7013C00CF70200000C730300000B0707756E6B6E6F776E110E0873747261696768740D0563757276650CFFFFFFFF04FFFFFFFF0CFFFFFFFF13E6E7A9D39E2836400C0C2B96B09B3A40CECF53A73D91
310
19C0141C339045A779E23F1C339045A779E23F1C339045A779E23F0A06F24FC35D23DD20C00A0692E59B32DF9F3240110D06636F656467650CFFFFFFFF04FFFFFFFF0CFFFFFFFF0C170300000C250300000CFB0200000C4C0300000B0C1C03000004000000000CFFFFFFFF110D04656467650CFFFFFFFF04FFFFFFFF0CFFFF
310
FFFF0C27030000060FDD2FFD5F8C0EC00C4D03000006DAD02FC3D051F9BF0CFB0200000C740300000B0707756E6B6E6F776E110D067665727465780CFFFFFFFF04FFFFFFFF0CFFFFFFFF0CFC02000004000000000C75030000110E0873747261696768740D0563757276650CFFFFFFFF04FFFFFFFF0CFFFFFFFF1300000000
310
00001E400000000000004040000000000000F0BF14000000000000F03F000000000000008000000000000000000A06075E2D7766E633C00A0603AF963B33734140110D05706F696E740CFFFFFFFF04FFFFFFFF0CFFFFFFFF13D9DB7E3DEE8C3B400000000000004040000000000000F0BF110D06636F656467650CFFFFFFFF
310
04FFFFFFFF0CFFFFFFFF0C380300000C360300000C020300000C510300000B0CE102000004000000000CFFFFFFFF110D04656467650CFFFFFFFF04FFFFFFFF0CFFFFFFFF0C530300000600000000000000000C0C03000006A94C58E87AB60B400C500300000C760300000B0707756E6B6E6F776E110D04656467650CFFFFFF
310
FF04FFFFFFFF0CFFFFFFFF0C53030000065C3E9B8FE05B14C00C19030000062C9FCD47F0AD27400C480300000C770300000B0707756E6B6E6F776E110D067665727465780CFFFFFFFF04FFFFFFFF0CFFFFFFFF0C5203000004000000000C78030000110E0873747261696768740D0563757276650CFFFFFFFF04FFFFFFFF0C
310
FFFFFFFF130300000000001840010000000000264000000000000014C014C07F3A06029BECBF61379FD1642AD0BF2BB90F1194B2D73F0A0600000000000000000A0651A1290D0F8E0E40110D06636F656467650CFFFFFFFF04FFFFFFFF0CFFFFFFFF0C080300000C3A0300000C380300000C6D0300000A0CF5020000040000
310
00000CFFFFFFFF110E0873747261696768740D0563757276650CFFFFFFFF04FFFFFFFF0CFFFFFFFF130000000000C032400E316066D8571E401A62C0CCB0AF0CC014000000000000F0BF000000000000008000000000000000800A06DA0F1272AF8F30C00A06DA0F1272AF0F3840110D05706F696E740CFFFFFFFF04FFFFFF
310
FF0CFFFFFFFF1398CFE623F8F638400E316066D8571E401A62C0CCB0AF0CC0110D05706F696E740CFFFFFFFF04FFFFFFFF0CFFFFFFFF13A8C164701F2414400E316066D8571E401962C0CCB0AF0CC0110D04656467650CFFFFFFFF04FFFFFFFF0CFFFFFFFF0C2C0300000607F429EA88AD22C00CBB02000006FC2B00F6DD70
310
13C00C100300000C790300000B0707756E6B6E6F776E110E0873747261696768740D0563757276650CFFFFFFFF04FFFFFFFF0CFFFFFFFF1398CFE623F8F638400E316066D8571E401762C0CCB0AF0CC014C53B7F669EA0E63FD33B7F669EA0E63F1D339045A779A2BC0A0600000000000000000A06A94C58E87AB60B40110E
310
0D4154545249425F435553544F4D0D066174747269620CFFFFFFFF04FFFFFFFF0CFFFFFFFF0CFFFFFFFF0C15030000071667656E657269635F7461675F6174747269625F6465660403000000040300000004FFFFFFFF071767656E657269635F7461675F6174747269625F6465662004010000000401000000070134040000
310
00000401000000046C0100000400000000110E05706C616E650D07737572666163650CFFFFFFFF04FFFFFFFF0CFFFFFFFF130000000000003840010000000000264000000000000014C0141BB7BFA617CDD23F04B7BFA617CDD2BF713AA298921BEDBF1440B003648973EEBF00000000000000009CEE25AE43ABD3BF0B0B0B
310
0B0B110E0873747261696768740D0563757276650CFFFFFFFF04FFFFFFFF0CFFFFFFFF13646058B1845D1E400C0C2B96B0DB3A40CECF53A73D9118C0141C339045A779E23F1C339045A779E2BF1C339045A779E2BF0A066084FA46053132C00A0657120635D7BA2140110D05706F696E740CFFFFFFFF04FFFFFFFF0CFFFFFF
310
FF131E62C0CCB0AF044096CFE623F8F63A401A62C0CCB0AF0CC0110D06636F656467650CFFFFFFFF04FFFFFFFF0CFFFFFFFF0C250300000C1B0300000C310300000C690300000B0C1C03000004000000000CFFFFFFFF110D06636F656467650CFFFFFFFF04FFFFFFFF0CFFFFFFFF0C480300000C470300000C1B0300000C61
310
0300000A0C9E02000004000000000CFFFFFFFF110D04656467650CFFFFFFFF04FFFFFFFF0CFFFFFFFF0C19030000062AA77A4776B511400C7A030000069F31E712D5CF21400C600300000C7B0300000B0707756E6B6E6F776E110E0D4154545249425F435553544F4D0D066174747269620CFFFFFFFF04FFFFFFFF0CFFFFFF
310
FF0CFFFFFFFF0C23030000071667656E657269635F7461675F6174747269625F6465660403000000040300000004FFFFFFFF071767656E657269635F7461675F6174747269625F64656620040100000004020000000702313104000000000401000000046C0100000400000000110E05706C616E650D07737572666163650C
310
FFFFFFFF04FFFFFFFF0CFFFFFFFF131918562C61771940F979EAB427A23940CDCF53A73D9118C014472C0C70BD20DABF352C0C70BD20DA3F3F2C0C70BD20EABF14D7EDBFC5259FECBF0000000000000000E0EDBFC5259FDC3F0B0B0B0B0B110E0873747261696768740D0563757276650CFFFFFFFF04FFFFFFFF0CFFFFFFFF
310
13F04112281C31E33FF4B65F8F3B134040000000000000D0BC14C43B7F669EA0E63FD43B7F669EA0E63F00000000000000800B0B110D05706F696E740CFFFFFFFF04FFFFFFFF0CFFFFFFFF13800949A070C4DC3F00000000000040400000000000000000110E0873747261696768740D0563757276650CFFFFFFFF04FFFFFF
310
FF0CFFFFFFFF130000000000003E400000000000403940000000000000F0BF140000000000000000000000000000F0BF00000000000000800A06065E2D77662633C00A0604AF963B33534040110D05706F696E740CFFFFFFFF04FFFFFFFF0CFFFFFFFF130000000000003E40DADB7E3DEE8C3D40000000000000F0BF110D06
310
636F656467650CFFFFFFFF04FFFFFFFF0CFFFFFFFF0C320300000C310300000C470300000C720300000A0C3303000004000000000CFFFFFFFF110D04656467650CFFFFFFFF04FFFFFFFF0CFFFFFFFF0C7A03000006C9EA3FF781502B400C3403000006F4E725DE5FC92F400C310300000C7C0300000B0707756E6B6E6F776E
310
110D05706F696E740CFFFFFFFF04FFFFFFFF0CFFFFFFFF130000000000000000DADB7E3DEE8C3F400000000000000000110D067665727465780CFFFFFFFF04FFFFFFFF0CFFFFFFFF0C7203000004000000000C7D030000110E0873747261696768740D0563757276650CFFFFFFFF04FFFFFFFF0CFFFFFFFF13000000000000
310
00000FA833B4A0072240137FC5BCF485FCBF140000000000000000D7EDBFC5259FEC3FE0EDBFC5259FDCBF0B0B110D04656467650CFFFFFFFF04FFFFFFFF0CFFFFFFFF0C0C03000006F62B00F6DD7013400C3C0300000604F429EA88AD22400C550300000C7E0300000B0707756E6B6E6F776E110E0873747261696768740D
310
0563757276650CFFFFFFFF04FFFFFFFF0CFFFFFFFF1300000000008036400000000000001440000000000000F0BF14000000000000F0BF000000000000000000000000000000800A06065E2D7766E633C00A0604AF963B33734140110D05706F696E740CFFFFFFFF04FFFFFFFF0CFFFFFFFF13382109148E98034000000000
310
00001440000000000000F0BF110E0D4154545249425F435553544F4D0D066174747269620CFFFFFFFF04FFFFFFFF0CFFFFFFFF0CFFFFFFFF0C3F030000071667656E657269635F7461675F6174747269625F6465660403000000040300000004FFFFFFFF071767656E657269635F7461675F6174747269625F646566200401
310
000000040100000007013104000000000401000000046B0100000400000000110E05706C616E650D07737572666163650CFFFFFFFF04FFFFFFFF0CFFFFFFFF130000000000003C40000000000040394000000000000008C014CD3B7F669EA0E63F0000000000000000CD3B7F669EA0E6BF14CD3B7F669EA0E6BF0000000000
310
000000CD3B7F669EA0E6BF0B0B0B0B0B110D04656467650CFFFFFFFF04FFFFFFFF0CFFFFFFFF0C6B030000066B6FFBF5B83311C00C7A03000006D9DB7E3DEECC31400C680300000C7F0300000B0707756E6B6E6F776E110E0873747261696768740D0563757276650CFFFFFFFF04FFFFFFFF0CFFFFFFFF13D0CF53A73D9115
310
403230AC58C2AE2940CECF53A73D9119C0141C339045A779E23F1C339045A779E23F1C339045A779E2BF0A0692E59B32DF9F32C00A06F24FC35D23DD2040110E0873747261696768740D0563757276650CFFFFFFFF04FFFFFFFF0CFFFFFFFF130A6D9B9D4FEB0E400000000000004040DC4B9289C152FBBF14D7EDBFC5259F
310
EC3F0000000000000000E0EDBFC5259FDCBF0B0B110D05706F696E740CFFFFFFFF04FFFFFFFF0CFFFFFFFF132A2109148E9803400000000000004040000000000000F0BF110E0873747261696768740D0563757276650CFFFFFFFF04FFFFFFFF0CFFFFFFFF132162C0CCB0AF0440D26032B80F1224401D62C0CCB0AF0CC014
310
CE3B7F669EA0E63FCB3B7F669EA0E6BF1D339045A779C23C0A0600000000000000000A06A94C58E87AB60B40110E0873747261696768740D0563757276650CFFFFFFFF04FFFFFFFF0CFFFFFFFF131E62C0CCB0AF04400000000000402E401C62C0CCB0AF0CC0140000000000000080000000000000F03F0000000000000080
310
0A06B41F24E45EDF2EC00A06DA0F1272AF2F3640110D05706F696E740CFFFFFFFF04FFFFFFFF0CFFFFFFFF131E62C0CCB0AF0440D26032B80F1224401C62C0CCB0AF0CC0110E0873747261696768740D0563757276650CFFFFFFFF04FFFFFFFF0CFFFFFFFF130C0C2B96B09B3840E6E7A9D39E283840CECF53A73D9119C014
310
1C339045A779E2BF1C339045A779E2BF1C339045A779E2BF0A0692E59B32DF9F32C00A06F24FC35D23DD2040110D067665727465780CFFFFFFFF04FFFFFFFF0CFFFFFFFF0C6903000004000000000C80030000110E0873747261696768740D0563757276650CFFFFFFFF04FFFFFFFF0CFFFFFFFF13CECF53A73D911440E6E7
310
A9D39E683840CCCF53A73D9118C0141C339045A779E2BF1C339045A779E23F1C339045A779E23F0A0657120635D7BA21C00A066084FA4605313240110E0873747261696768740D0563757276650CFFFFFFFF04FFFFFFFF0CFFFFFFFF13000000000000B03C90C57F3FC9553140892CFEFB496E1CC0140000000000000080DB
310
EDBFC5259FEC3FD0EDBFC5259FDC3F0B0B110D05706F696E740CFFFFFFFF04FFFFFFFF0CFFFFFFFF1300000000000000009590040A47CC1D40000000000000F0BF110E0873747261696768740D0563757276650CFFFFFFFF04FFFFFFFF0CFFFFFFFF13686058B1845D1F40E7E7A9D39EC82440CCCF53A73D9119C0141C3390
310
45A779E2BF1C339045A779E2BF1C339045A779E23F0A06F24FC35D23DD20C00A0692E59B32DF9F3240110E0873747261696768740D0563757276650CFFFFFFFF04FFFFFFFF0CFFFFFFFF1300000000000000000000000000802740000000000000F0BF140000000000000000000000000000F03F00000000000000000A0607
310
5E2D77662633C00A0603AF963B33534040110D05706F696E740CFFFFFFFF04FFFFFFFF0CFFFFFFFF130000000000000000D9DB7E3DEE8C3D40000000000000F0BF110E03456E640E026F660E0341534D0D0464617461
  0
ENDSEC
  0
EOF
